Console,GameName,Review,Score
PC,Baldur's Gate 3 Early Access Review,Early Access,6
NS,Control: Ultimate Edition Cloud Version Review,Good,7
PC,Ring Of Pain Review,Great,8
NS,Pikmin 3 Deluxe Review,Great,8
PC,Noita Review,Good,7
PC,Amnesia: Rebirth Review,Great,8
NS,Ring Fit Adventure Review: One Year Later,Superb,9
PC,I Am Dead Review – Staying Alive,Good,7
PS4,FIFA 21 Review – A Goal Bonanza,Great,8
NS,Super Mario Bros. 35 Review – Mario Royale,Good,7
PC,The Solitaire Conspiracy Review – Jack Of All Trades,Good,7
NS,Kirby Fighters 2 Review – 2 Kirby 2 Furious,Fair,6
PC,Pendragon Review – Endless Legends,Fair,6
PC,Serious Sam 4 Review – The Fourth Encounter,Good,7
PS4,NBA 2K21 Review – Ball Another Day,Fair,6
PC,Crusader Kings 3 Review – Pass the Duchy,Great,8
PS4,Spelunky 2 Review –  Snakes On A 2D Plane,Great,8
PC,Mafia: Definitive Edition Review – An Offer You Could Probably Refuse,Fair,6
PC,Surgeon Simulator 2 Review – Surgical Imprecision,Fair,6
PS4,"13 Sentinels: Aegis Rim Review – Wow, Cool Robot!",Superb,9
NS,Super Mario 3D All-Stars Review – Shoot For The Stars,Great,8
PC,Road To Guangdong Review – Are We There Yet?,Terrible,2
PS4,"Othercide Review – Mother, May I",Great,8
PC,Marvel's Avengers Review – Infinity War,Good,7
NS,Moon Review – The Bright Side,Great,8
PC,Star Renegades Review – The Heat Of The Moment,Great,8
NS,The Last Campfire Review – One Step At A Time,Great,8
PS4,Madden 21 Review – Feels More Like An Update,Fair,6
PC,Control AWE DLC Review – Haunted Oldest House,Fair,6
PS4,Windbound Review – Against The Wind,Mediocre,5
PC,Thousand Threads Review -- Post Secrets,Mediocre,5
PC,Spiritfarer Review – Purrrgatory,Superb,9
PC,Microsoft Flight Simulator Review – Max Altitude,Superb,9
PS4,PGA Tour 2K21 Review – For Purists And Newcomers Alike,Great,8
PC,Dead By Daylight Review (2020) – Toying With Terror,Superb,9
PC,Mortal Shell Review – Stone Souls,Great,8
PC,Skater XL Review – Too Little To Skate,Mediocre,5
PC,Battletoads Review – Middle-Aged Cartoon Alien Toads,Fair,6
PC,A Total War Saga: Troy Review - My Kingdom For A Centaur,Good,7
PC,Risk Of Rain 2 Review,Great,8
PC,Skully Review,Mediocre,5
PC,Umurangi Generation Review - Cyberpunk Snap,Superb,9
PC,Littlewood Review - Big Heart,Great,8
PS4,Horizon Zero Dawn Review,Superb,9
PC,Desperados 3 Review - Revolvers And Redos,Superb,9
PC,Rock Of Ages 3: Make & Break Review - Let's Roll,Good,7
NS,Panzer Paladin Review,Great,8
XONE,Maid Of Sker Review - Backtracking Trip,Poor,4
XONE,"Destroy All Humans Review - Two Arms, Two Legs, And An Attitude",Fair,6
PC,Necrobarista Review,Good,7
PC,Fight Crab Review - Battle Of The Bisque,Fair,6
PC,Rocket Arena Review,Fair,6
NS,Paper Mario: The Origami King Review,Great,8
NS,Bloodstained: Curse Of The Moon 2 Review,Great,8
PS4,Ghost Of Tsushima Review - You Khan Do It,Good,7
NS,Story Of Seasons: Friends Of Mineral Town Review - When The Seasons Change,Mediocre,5
PS4,Superhot: Mind Control Delete Review - Hack 'N Slash,Good,7
PS4,Death Stranding Review,Superb,9
PS4,CrossCode Review - A Lot Of Ambition,Fair,6
NS,Deadly Premonition 2: A Blessing In Disguise Review,Mediocre,5
PS4,Marvel's Iron Man VR Review - Hot Hands,Fair,6
NS,Ninjala Review - Gum Up The Works,Fair,6
NS,Mr. Driller Drill Land Review,Great,8
PC,West Of Dead Review - Rogue-lite Cowboy,Mediocre,5
NS,Pokemon Sword And Shield Isle Of Armor DLC Review,Great,8
NS,Death Come True Review - Hotel Hell,Fair,6
PC,Crucible Review,Mediocre,5
PS4,The Last Of Us Part 2 Spoiler Review - Dog Eat Dog,Great,8
PS4,The Last Of Us Part 2 Spoiler-Free Review,Great,8
PS4,SpongeBob SquarePants: Battle for Bikini Bottom - Rehydrated Review - Expired Nostalgia,Terrible,2
PC,Valorant Review - A Valiant Effort,Good,7
PS4,Skelattack Review - Bone-Dry,Mediocre,5
PS4,Project Warlock Review - Wizard's First Doom,Fair,6
PC,Disintegration Review - First-Person Strategy,Good,7
NS,XCOM 2 Collection For Nintendo Switch Review - Close Encounters of the Bugged Kind,Fair,6
NS,The Outer Worlds For Nintendo Switch Review - Cosmic Haze,Fair,6
NS,Liberated Review,Poor,4
PC,Resolutiion Review - Do The Right Thing,Fair,6
PC,Those Who Remain Review - Little Staying Power,Bad,3
PC,Sea Of Thieves Review (2020) - A Voyage Finally Worth Taking,Great,8
NS,Xenoblade Chronicles: Definitive Edition Review,Superb,9
XONE,"Minecraft Dungeons Review - Mobsters, Inc.",Good,7
PS4,"Maneater Review - Fish Are Food, Not Friends",Good,7
PS4,Mortal Kombat 11: Aftermath Review - Friendship Never Ends,Good,7
PC,If Found Review - Call Me By My Name,Superb,9
NS,What The Golf Switch Review - A Swing And A Hit,Superb,9
NS,The Wonderful 101 Remastered Review - Mob Mentality,Poor,4
NS,Hatsune Miku: Project DIVA MegaMix Review - One More Time,Great,8
PC,Rainbow Six Siege Review (2020) - Breaches And Cream,Essential,1
PC,Legends Of Runeterra Review - Much Ado About Nautilus,Superb,9
PS4,Predator: Hunting Grounds Review - Muddied Up,Poor,4
PS4,Sakura Wars Review,Good,7
PC,XCOM: Chimera Squad Review,Great,8
PC,Cloudpunk Review - Time To Fly,Good,7
PS4,Streets Of Rage 4 Review - The Beat-'Em-Up Boys Are Back In Town,Great,8
PC,"Gears Tactics Review - Plan The Work, Work The Plan",Great,8
PC,Fallout 76: Wastelanders Review - A Disappointing Return,Mediocre,5
NS,Trials Of Mana Review - Trial And Error,Fair,6
NS,Treachery In Beatdown City Review,Great,8
PC,In Other Waters Review,Superb,9
XONE,Bleeding Edge Review - Underwatch,Fair,6
PS4,Final Fantasy 7 Remake Review - First Class,Essential,1
NS,Animal Crossing: New Horizons Review - Island Getaway,Superb,9
PS4,Persona 5 Royal Review - Hearts Of Gold,Essential,1
PS4,"Resident Evil 3 Remake Review - Farewell, Raccoon City",Fair,6
NS,Good Job Review - Office Space,Good,7
PC,Corruption 2029 Review,Fair,6
PS4,MLB The Show 20 Review,Great,8
PC,Half-Life: Alyx Review - Catch These Hands,Superb,9
PS4,Nioh 2 Review,Great,8
XONE,Ori And The Will Of The Wisps Review,Great,8
PC,Mindseize Review - Familiar Territory,Fair,6
NS,Pokemon Mystery Dungeon: Rescue Team DX Review,Great,8
PC,Wolcen: Lords Of Mayhem Review,Poor,4
PS4,Bloodroots Review,Great,8
NS,Snack World Review,Poor,4
PS4,Dreams Review,Superb,9
PS4,Granblue Fantasy Versus Review - Fighting Fantasy,Good,7
PC,The Pedestrian Review - Walk Before You Run,Good,7
PC,Through The Darkest Of Times Review - Enemy Inside The Gates,Great,8
NS,Kunai Review - Throwing Knives,Good,7
NS,Kentucky Route Zero Review - Where The Streets Have No Name,Superb,9
PS4,Kingdom Hearts 3 Re:Mind Review - Don't Remind Me,Poor,4
PC,Lenna's Inception Review - Press Start,Good,7
PC,Frostpunk: The Last Autumn Review - Calm Before The Storm,Great,8
PC,Unity Of Command 2 Review - Lifetime Supply,Great,8
PS4,Wattam Review - Forever Wondering,Good,7
PC,Supermash Review - Flop Jam,Bad,3
NS,The Touryst Review - Life's A Beach,Great,8
PC,Phoenix Point Review - The Life Aquatic,Great,8
PC,Darksiders: Genesis Review - Lucy And The Horsemen,Good,7
PC,Shovel Knight: King Of Cards Review - Royal Refinement,Great,8
PS4,Audica Review - Electronic Gun Music,Fair,6
PS4,Shenmue 3 Review - From A Forgotten Time,Mediocre,5
PC,Blacksad: Under The Skin Review - Dog Days,Mediocre,5
PC,Planet Zoo Review - Spreadsheet Safari,Good,7
NS,Sparklite Review - Shine A Light,Fair,6
NS,Pokemon Sword & Shield Review - Curry Favor,Superb,9
NS,Layton's Mystery Journey: Katrielle And The Millionaire's Conspiracy Review - Merry Old England,Good,7
PS4,Need For Speed Heat Review - Getting Warmer,Good,7
NS,Mario & Sonic At The Olympic Games Tokyo 2020 Review - Gotta Go Fast,Good,7
PC,Disco Elysium Review - Pure Dynamite,Essential,1
PC,"Afterparty Review - Drink, Die, Repeat",Good,7
NS,Luigi's Mansion 3 Review - Mario Is Missing,Great,8
PS4,WWE 2K20 Review: Botchamania,Terrible,2
PS4,"Super Monkey Ball Banana Blitz HD Review - All Monkey, No Magic",Mediocre,5
PS4,MediEvil Review - Bones 'n Brawn,Mediocre,5
NS,Felix The Reaper Review - Footloose,Mediocre,5
NS,Little Town Hero Review - Brat Country,Mediocre,5
NS,The Witcher 3 Nintendo Switch Review - The Last Wish,Superb,9
NS,Killer Queen Black Review - 'Cause I'm Having a Good Time,Great,8
PC,John Wick Hex Review - Tick Tock Wick,Great,8
PS4,Concrete Genie Review - Rubs Me The Right Way,Good,7
PC,Indivisible Review - Moving Mountains,Good,7
NS,Yooka-Laylee And The Impossible Lair Review - Uninvited Nostalgia,Fair,6
NS,Sayonara Wild Hearts Review - Falling Star,Fair,6
PC,The Surge 2 Review - Out On A Limb,Great,8
PS4,FIFA 20 Review - Premier League,Great,8
PC,Blasphemous Review - Darker Souls,Good,7
PC,Greedfall Review - Lost In Another World,Mediocre,5
XONE,NHL 20 Review - Smashed,Superb,9
NS,The Legend Of Zelda: Link’s Awakening Review - A Respectable Remake,Great,8
PS4,No Man's Sky Beyond Review - Reach For The Stars,Superb,9
PC,Children of Morta Review,Great,8
PS4,AI: The Somnium Files Review - Eyes Love You,Great,8
PC,"Borderlands 3 Review - Six Sirens, One God-Queen",Great,8
PS4,eFootball PES 2020 Review - A Winning Formula,Superb,9
NS,Daemon X Machina Review - Tinker Toys,Good,7
PC,Creature In The Well Review - Well-Placed Shot,Great,8
PS4,Monster Hunter World: Iceborne Review - A Very Ice Time,Superb,9
PS4,Erica Review - Movie Night,Great,8
PS4,The Dark Pictures: Man of Medan Review - Drown And Out,Fair,6
PC,Blair Witch (Game) Review - Prying Eyes,Mediocre,5
PS4,Catherine: Full Body Review - One Step Closer To The Edge,Great,8
NS,Astral Chain Review - Anime Police Academy,Great,8
PC,Telling Lies Review - Watch Carefully,Good,7
PC,Ancestors: The Humankind Odyssey Review - Devolution Of The Species,Poor,4
PC,Remnant: From the Ashes Review - In My Sights,Good,7
PC,Wolfenstein: Youngblood Review - Family Matters,Great,8
PS4,Kill La Kill The Game: IF Review - Don't Lose Your Way,Good,7
PC,Warframe Review (2019) - Space Oddity,Great,8
NS,Marvel Ultimate Alliance 3: The Black Order Review - Superpowered,Great,8
PC,Night Call Review - The Full Fare,Great,8
NS,Dragon Quest Builders 2 Review - Building On A Strong Foundation,Great,8
PS4,SolSeraph Review - Play God,Fair,6
PC,198X Review,Mediocre,5
PC,Weedcraft Inc Review - I Got 5 On It,Mediocre,5
PC,They Are Billions Review - Everyone's Invited,Great,8
PS4,Sea Of Solitude Review - Adrift,Good,7
NS,Super Mario Maker 2 Review - Make My Day,Great,8
NS,Bloodstained: Ritual Of The Night Nintendo Switch Review - Less Lively,Fair,6
PS4,Samurai Shodown Review - Life Or Death,Great,8
PC,F1 2019 Review - Pole Position,Superb,9
PS4,Judgment Review - Like A Tiger,Good,7
PS4,The Sinking City Review - Draining,Bad,3
PC,Imperator: Rome Review,Mediocre,5
PC,Mordhau Review - Medieval Times,Great,8
NS,Cadence Of Hyrule Review - Groove is in the Heart,Great,8
PS4,Crash Team Racing Nitro-Fueled Review - Back With A Bang,Great,8
PC,Outer Wilds Review - Extraterrestrial Investigation,Superb,9
PC,Void Bastards Review - Genres Collide,Great,8
PS4,Trover Saves The Universe Review - Couch Potatoes,Good,7
PS4,Blood and Truth Review - On The Move,Good,7
PC,Anno 1800 Review - The Prettiest Spreadsheet,Good,7
PC,Total War: Three Kingdoms Review - The New Romantics,Great,8
NS,Travis Strikes Again: No More Heroes Review - Short On Heroics,Fair,6
XONE,Layers of Fear 2 Review - Ghost Ship,Mediocre,5
PS4,Everybody's Golf VR Review - A Short Date To The Golf Course,Fair,6
PC,Whispers of a Machine Review - Hushed Greatness,Good,7
PS4,"Darkwood Review - Welcome To The Forest, Meat",Superb,9
PC,Rage 2 Review - Wasted Land,Fair,6
PC,World War Z Review - Zombie Zeitgeist,Fair,6
XONE,Giga Wrecker Alt Review - Hunk Of Junk,Poor,4
PS4,Yakuza Kiwami 2 Review - Like A Tiger,Great,8
PS4,"Days Gone Review - Farewell, Oregon",Mediocre,5
NS,BoxBoy! + BoxGirl! Review - Hip To Be Square,Good,7
NS,SteamWorld Quest Review - Letting Off Some Steam,Good,7
PC,Katana Zero Review - Slow-Motion For Me,Great,8
PS4,Falcon Age Review - High Flying,Great,8
PC,Pathway Review - Pulp Friction,Fair,6
PS4,Zanki Zero: Last Beginning Review - Attack Of The Clones,Fair,6
PS4,MLB The Show 19 Review - Bases Loaded,Superb,9
PC,Tropico 6 Review - World Stage,Great,8
PC,The World Next Door Review - Anime Angst,Fair,6
PC,"Operencia: The Stolen Sun Review - A Journey Far, Far Away",Great,8
PS4,Sekiro: Shadows Die Twice Review - Steel Yourself,Superb,9
PC,The Walking Dead: The Final Season Episode 4 Review,Superb,9
NS,Yoshi's Crafted World Review - Imagination,Great,8
PC,Hypnospace Outlaw Review - Weird World Web,Great,8
PC,Ethereal Review - Stay In Your Lane,Good,7
PS4,Left Alive Review - No Will To Survive,Bad,3
PC,Objects In Space Review - Adrift,Great,8
XONE,Devil May Cry 5 Review - From Zero To Nero,Superb,9
PS4,ToeJam & Earl: Back In The Groove Review - The Funk-Soul Brothers,Mediocre,5
NS,Assault Android Cactus+ Review - Robots Rock,Superb,9
PS4,Dead Or Alive 6 Review - Combat Ready,Good,7
PC,Civilization 6: Gathering Storm Review - Weather The Storm,Superb,9
PC,Eastshade Review - A Brush With Nature,Superb,9
PS4,Trials Rising Review - It's A Gas,Good,7
PC,Devotion Review - House Of Horrors,Superb,9
NS,Tetris 99 Review - Embrace The Chaos,Great,8
XONE,Crackdown 3 Review - Man Of Steel,Mediocre,5
PC,Astroneer Review - New Frontiers,Fair,6
NS,Dragon Marked for Death Review - Dates With Death,Good,7
PC,Sunless Skies Review - British Steam Power,Great,8
NS,Wargroove Review - The Doggos Of War,Great,8
PC,Jon Shafer's At The Gates Review - Fertile Soil,Good,7
PC,Mage's Initiation: Reign Of The Elements Review - VGA Heyday,Fair,6
XONE,Genesis Alpha One Review - Drifting Without Direction,Poor,4
PS4,The Walking Dead: The Final Season Episode 3 Review,Great,8
PS4,YIIK: A Postmodern RPG Review - A Bit More Hipster,Mediocre,5
NS,Double Cross Review - Combat Woes,Fair,6
PS4,Vane Review - In Vain,Mediocre,5
PC,The Eternal Castle Remastered Review - Vivid Flashbacks,Great,8
NS,"New Super Mario Bros. U Deluxe Review - It's-A-Me, Again!",Good,7
NS,"Bury Me, My Love Review - Trials And Tribulations",Great,8
NS,Battle Princess Madelyn Review - Halfway There,Fair,6
NS,Super Smash Bros. Ultimate Review - Me And You And Everyone We Know,Superb,9
PC,Gris Review - Seeing In Color,Superb,9
PS4,Earth Defense Force 5 Review - Another Bug Hunt,Great,8
PC,Artifact Review - Play Your Cards Right,Great,8
PC,Just Cause 4 Review - Mildly Wild Ride,Fair,6
PS4,Big Bash Boom Review: Stiff Wickets,Mediocre,5
PC,Cosmic Top Secret Review - Declassified,Good,7
PS4,Darksiders 3 Review - Soils-Like,Poor,4
PS4,Persona 5: Dancing In Starlight Review - The Shujin Shuffle,Great,8
PS4,Persona 3: Dancing In Moonlight Review - A Spotlight In The Dark Hour,Superb,9
PS4,Beat Saber Review - Bass-Boosted,Great,8
PC,Underworld Ascendant Review: Going Under,Terrible,2
NS,Taiko no Tatsujin: Drum 'n' Fun / Drum Session Review - Rhythm Party,Good,7
PC,Battlefield 5 Review - Breaking Through The Front Lines,Great,8
PC,Overkill's The Walking Dead Review - DOA,Bad,3
PS4,Spyro Reignited Trilogy Review - Fan The Flames,Great,8
PS4,The Quiet Man Review - Silence Is Not Golden,Terrible,2
PC,Cities: Skylines - Industries Review - The Up And Up,Good,7
NS,SNK 40th Anniversary Collection Review - It Belongs In A Museum,Great,8
PS4,Deracine Review - Elementary,Mediocre,5
PC,Football Manager 2019 Review - A Winning Strategy,Great,8
NS,Diablo 3: Eternal Collection Switch Review - Better With Age,Superb,9
PC,Gwent Review - Heart Of The Cards,Great,8
NS,Black Bird Review - Featherweight,Mediocre,5
PS4,WWE 2K19 Review: A Step In The Right Direction,Good,7
XONE,NBA 2K Playgrounds 2 Review - Ball Another Day,Mediocre,5
PS4,"Call Of Duty: Black Ops 4 Review - Zombies, Blackout, Multiplayer",Great,8
PS4,Lego DC Super-Villains Review: Mediocre Mischief-Makers,Mediocre,5
NS,Super Mario Party Review - Test Those Friendships,Good,7
PC,"World of Warcraft: Battle For Azeroth - Come One, Come All",Good,7
NS,FIFA 19 Nintendo Switch Review - Offside,Mediocre,5
PC,Pathfinder: Kingmaker Review - The Classics,Fair,6
NS,Freedom Planet Review -- Speedy Ambitions,Good,7
PS4,Fist Of The North Star: Lost Paradise Review - Be The Tough Boy,Great,8
PC,The Bard's Tale IV: Barrows Deep Review - Lament,Poor,4
NS,Final Fantasy XV: Pocket Edition HD Review - Nintendo Switch,Good,7
PS4,PES 2019 Review,Superb,9
PS4,Telltale's The Walking Dead: The Final Season Episode 2 Review,Great,8
PS4,Transference Review - In Another World,Good,7
PC,Star Control: Origins Review - Space Oddity,Fair,6
NS,The Gardens Between Review - Dance Among The Stars,Great,8
NS,Wasteland 2: Director's Cut Nintendo Switch Review,Great,8
PS4,Zone Of The Enders: The 2nd Runner - MARS Review,Mediocre,5
NS,Nintendo Labo Vehicle Kit Review: The Most Fun Labo Yet,Good,7
PC,Lamplight City Review - Cold Case,Fair,6
PC,Frozen Synapse 2 Review - Cool-Headed,Great,8
PS4,428: Shibuya Scramble Review - When Fates Collide,Great,8
PS4,"NBA 2K19 Review - Another Year, Another Baller",Good,7
PC,Two Point Hospital Review - Laughter Is The Best Medicine,Great,8
PS4,Marvel's Spider-Man PS4 Review: Amazing Fantasy,Superb,9
XONE,Strange Brigade Review - Co-op With Style,Good,7
NS,Planet Alpha Review: A Beautiful Planet,Good,7
PC,Donut County Review: Pit Falls,Fair,6
NS,Little Dragons Cafe Review - Dragging On,Fair,6
PC,The Golf Club 2019 Review,Great,8
NS,Hollow Knight Review - An Exceptional Adventure,Superb,9
NS,Monster Hunter Generations Ultimate Review - A Formidable Beast,Good,7
PS4,F1 2018 Review - Victory Lap,Superb,9
PC,Death's Gambit Review - A Maddening Mission,Fair,6
PC,The King's Bird Review: A Rocky Flight,Mediocre,5
PS4,Guacamelee 2 Review - Ready For A Challenge,Superb,9
PS4,H1Z1 Battle Royale PS4 Review: All Kills No Frills,Good,7
PS4,The Walking Dead - The Final Season Episode 1: Done Running Review,Great,8
PC,Phantom Doctrine Review: Tactical Espionage Action,Superb,9
PC,Flipping Death Review: Scythe Life,Good,7
XONE,Madden NFL 19 Review,Great,8
PC,We Happy Few Review,Poor,4
PC,Unavowed Review: Dressed To Possess,Superb,9
NS,Overcooked 2 Review - A Great Second Course,Great,8
PS4,No Man's Sky Review,Good,7
PC,The Banner Saga 3 Review,Great,8
XONE,Earthfall Review: An Inferior Invasion,Poor,4
NS,Semblance Review,Good,7
NS,20XX Review - Robot Generation,Good,7
PS4,Fighting EX Layer Review: One-On-One Fun,Great,8
NS,Captain Toad: Treasure Tracker Nintendo Switch Review: Time For Adventure,Great,8
PS4,The Crew 2 Review - On The Road Again,Great,8
NS,Wolfenstein 2: The New Colossus Nintendo Switch Review,Great,8
PC,Wreckfest Review: Crashing The Party,Superb,9
NS,Mario Tennis Aces Review: Aim High,Good,7
NS,Sushi Striker: The Way Of Sushido Review - Cartoon Cuisine Combat,Good,7
PS4,Onrush Review: Push It To The Limit,Superb,9
PC,Golem Review: Hidden In Plain Sight,Mediocre,5
PC,Yoku’s Island Express Review: A Breath of Fresh Air,Superb,9
PC,The Forest Review: Are You Afraid Of The Dark?,Great,8
PC,Agony Review: A Captivating Disappointment,Bad,3
PC,"Quarantine Circular Review: Who Are We, Really?",Good,7
NS,Wizard Of Legend Review: Fast-Paced Action,Good,7
PS4,Detroit: Become Human Review - To Err Is Human,Good,7
NS,Hyrule Warriors: Definitive Edition Review - The Great Zelda Spin-Off Is Back,Great,8
PC,FAR: Lone Sails Review: Come Sail Away,Great,8
PS4,Destiny 2: Warmind Review - Back To Work,Fair,6
PC,Pillars Of Eternity 2: Deadfire Review - A Pirate's Life For Me,Great,8
PC,Battletech Review: A Tactical PC Game That Will Mech Your Day,Great,8
PC,"Total War Saga: Thrones Of Britannia Review - Rule, Britannia",Great,8
NS,Nintendo Labo Review: Variety Kit And Robot Kit,Good,7
NS,Donkey Kong Country: Tropical Freeze Review - A Blast From The Past,Superb,9
NS,Jotun: Valhalla Edition Switch Review - A Slight Downgrade,Good,7
PC,"Frostpunk Review: Damned If You Do, Damned If You Don't",Superb,9
XONE,The Invisible Hours Review: From Every Angle,Good,7
PS4,Yakuza 6: The Song Of Life Review: Tokyo Drifter,Great,8
PS4,"God Of War Review: Out With The Old, In With The New",Superb,9
NS,Penny-Punching Princess Review: In For A Pound,Fair,6
PC,Fortnite: Battle Royale Review - Laying The Foundation,Great,8
PC,Kerbal Space Program: Making History Review - Shoot For The Mun,Good,7
PC,Orwell: Ignorance Is Strength Review - Staunch Surveillance,Fair,6
PS4,MLB The Show 18 Review: A Home Run,Superb,9
XONE,Sea Of Thieves Review: Set Sail With Trepidation,Fair,6
NS,Bridge Constructor Portal Review,Poor,4
PS4,Batman: The Enemy Within Episode 5 Review - No More Joking Around,Superb,9
PC,H1Z1 Review: Still On The Ground Floor,Fair,6
PC,Ni No Kuni 2: Revenant Kingdom Review - A Regal Joyride,Great,8
PS4,A Way Out Review: You Can't Have One Without The Other,Fair,6
PS4,Attack on Titan 2 Review: Colossal Action,Great,8
PC,Surviving Mars Review: Building The Final Frontier,Great,8
PS4,Bravo Team Review: Back To Basics,Poor,4
NS,Kirby Star Allies Review: Take It Easy,Great,8
PS4,The 25th Ward: The Silver Case Review: Obstruction Of Justice,Fair,6
PC,Pit People Review,Good,7
PS4,Q.U.B.E. 2 Review: Think Inside The Box,Good,7
PS4,Gravel Review: Slow And Steady Doesn't Win The Race,Mediocre,5
PS4,Metal Gear Survive Review: Too Harsh To Enjoy,Mediocre,5
PC,Where The Water Tastes Like Wine Review: Hard Travelin',Fair,6
PS4,Moss Review: Tiny Triumph,Great,8
NS,Payday 2 Switch Review: Mo' Money Mo' Problems,Mediocre,5
PC,Age Of Empires: Definitive Edition Review: Antique Revival,Fair,6
NS,Fe Review: Strike A Chord,Good,7
PS4,"Secret Of Mana Review: Where Secrets Go, Trouble Follows",Fair,6
PC,Rust Review: Life Is Fleeting,Bad,3
PC,Attack Of The Earthlings Review: The Tables Have Turned,Good,7
NS,Aegis Defenders Review,Poor,4
PS4,Dynasty Warriors 9 Review: A New World,Good,7
NS,The Longest Five Minutes Review: The Power Of Memories,Fair,6
PC,Crossing Souls Review: Stuck In The Past,Fair,6
PC,Civilization 6: Rise And Fall Review: A New Era,Great,8
NS,Dragon Quest Builders Review: Working The Land,Great,8
PS4,Dissidia Final Fantasy NT Review: A Messy Mashup,Mediocre,5
PS4,"UFC 3 Review: A Tense, Exciting, And Dynamic Recreation Of MMA",Great,8
PC,OK K.O.! Let's Play Heroes Review: Pulling Punches,Fair,6
PS4,Shadow Of The Colossus Review: A Timeless Classic,Superb,9
PC,Subnautica Review: A Water Wonderland,Superb,9
PS4,Lost Sphear Review: Short Of The Mark,Fair,6
NS,Celeste Review: More Than Just A Great Platformer,Superb,9
PS4,MLB The Show 17 Review,Great,8
PS4,The Inpatient Review,Great,8
PS4,AO Tennis Review,Bad,3
PC,The Red Strings Club Review,Superb,9
PC,Spellforce 3 Review,Good,7
NS,Brawlout Review,Mediocre,5
PC,L.A. Noire: The VR Case Files Review,Great,8
PC,PlayerUnknown's Battlegrounds Review,Great,8
PC,Hello Neighbor Review,Bad,3
NS,The Legend of Zelda: Breath Of The Wild - The Champions' Ballad Review,Great,8
PC,Rumu Review,Good,7
PS4,Destiny 2: Curse Of Osiris Review,Mediocre,5
PS4,Steep: Road To The Olympics Review,Good,7
PS4,Doom VFR Review,Good,7
NS,Xenoblade Chronicles 2 Review,Good,7
PC,Batman: The Enemy Within - Episode 3: Fractured Mask Review,Great,8
NS,LA Noire Switch Review,Good,7
PC,Football Manager 2018 Review,Superb,9
NS,The Elder Scrolls V: Skyrim Switch Review,Great,8
PS4,Ashes Cricket Review,Good,7
PS4,Lego Marvel Super Heroes 2 Review,Good,7
NS,Doom Switch Review,Good,7
PS4,GT Sport Review,Great,8
PC,Hand Of Fate 2 Review,Great,8
NS,Rocket League Switch Review,Superb,9
NS,Spelunker Party Review,Fair,6
PS4,Steven Universe: Save the Light Review,Fair,6
PS4,Oure Review,Mediocre,5
PS4,Horizon: Zero Dawn - The Frozen Wilds Review,Great,8
PS4,Life Is Strange: Before The Storm - Episode 2 - Brave New World Review,Good,7
PS4,Megaton Rainfall Review,Good,7
PS4,The Mummy Demastered Review,Good,7
NS,Super Mario Odyssey Review,Essential,1
PC,Arktika.1 Review,Good,7
NS,Golf Story Review,Great,8
PS4,Elex Review,Poor,4
NS,Fire Emblem Warriors Review,Fair,6
PC,The Flame in the Flood Review,Great,8
PC,A Hat In Time Review,Good,7
PS4,Gundam Versus Review,Good,7
NS,FIFA 18 Nintendo Switch Review,Mediocre,5
PC,Batman - The Enemy Within: The Enigma - Episode 1 Review,Great,8
PC,Batman: The Enemy Within - Episode 2: The Pact Review,Great,8
PS4,WRC 7 Review,Good,7
PC,Figment Review,Good,7
PC,Total War: Warhammer 2 Review,Superb,9
PC,Ruiner Review,Great,8
PS4,Project Cars 2 Review,Good,7
PS4,NHL 18 Review,Good,7
PC,Echo Review,Great,8
PS4,Don't Knock Twice Review,Mediocre,5
PS4,Ys VIII: Lacrimosa Of Dana Review,Great,8
PC,ARK: Survival Evolved Review,Fair,6
PS4,Knack 2 Review,Good,7
PS4,Everybody's Golf Review,Great,8
PC,XCOM 2: War Of The Chosen Review,Superb,9
PC,Life Is Strange: Before The Storm - Episode 1 - Awake Review,Great,8
PS4,Warriors All-Stars Review,Good,7
PS4,Last Day Of June Review,Fair,6
PC,Absolver Review,Great,8
NS,Mario + Rabbids: Kingdom Battle Review,Superb,9
PC,Distrust Review,Good,7
PC,Guardians Of The Galaxy - Episode 3: More Than A Feeling Review,Fair,6
PS4,Yonder: The Cloud Catcher Chronicles Review,Fair,6
XONE,The Pillars Of The Earth Review,Good,7
PC,Observer Review,Superb,9
PC,The Long Dark Review,Fair,6
PS4,Agents Of Mayhem Review,Poor,4
PS4,Matterfall Review,Fair,6
PC,Lawbreakers PC Review,Great,8
PS4,Lawbreakers PS4 Review,Good,7
PC,Gigantic Review,Great,8
PS4,Rez Infinite Review,Superb,9
PC,Redeemer Review,Fair,6
PC,For Honor Review,Great,8
PC,Sundered Review,Great,8
NS,Splatoon 2 Review,Great,8
PC,Diablo 3: Rise Of The Necromancer Review,Good,7
PC,Final Fantasy 14: Stormblood Review,Great,8
PS4,Final Fantasy 12: The Zodiac Age Review,Superb,9
PC,Rakuen Review,Good,7
PC,The Mage's Tale Review,Poor,4
PS4,Get Even Review,Good,7
PS4,Valkyria Revolution Review,Fair,6
PC,Cities: Skylines - Mass Transit Review,Great,8
PS4,Star Trek: Bridge Crew Review,Fair,6
PS4,Nex Machina Review,Superb,9
PC,Impact Winter Review,Fair,6
PC,Reservoir Dogs: Bloody Days Review,Poor,4
PC,The Fidelio Incident Review,Fair,6
PC,Guardians Of The Galaxy - Episode 2: Under Pressure Review,Good,7
PC,The Walking Dead: A New Frontier - Episode Five: Under the Gallows Review,Fair,6
XONE,The Town Of Light Review,Poor,4
PC,Steel Division: Normandy '44 Review,Great,8
NS,Arms Review,Good,7
PS4,Wipeout Omega Collection Review,Superb,9
PS4,Dirt 4 Review,Superb,9
XBOX,The Elder Scrolls III: Morrowind Review,Great,8
PC,Perception Review,Mediocre,5
PS4,Rime Review,Fair,6
PC,Endless Space 2 Review,Great,8
PS4,Call Of Duty: Black Ops 3 Zombies Chronicles Review,Great,8
PS4,Birthdays The Beginning Review,Mediocre,5
PC,Mages of Mystralia Review,Fair,6
PS4,Farpoint Review,Good,7
PC,The Surge Review,Good,7
PS4,Prey Review,Fair,6
XONE,NBA Playgrounds Review,Fair,6
PC,Strafe Review,Great,8
PC,Expeditions: Viking Review,Fair,6
PC,Pinstripe Review,Mediocre,5
NS,Tumbleseed Review,Fair,6
PC,Little Nightmares Review,Great,8
PC,Syberia 3 Review,Poor,4
PC,The Walking Dead: A New Frontier - Episode Four: Thicker Than Water Review,Good,7
PS4,The Sexy Brutale Review,Great,8
PS4,Cosmic Star Heroine Review,Fair,6
PS4,What Remains of Edith Finch Review,Superb,9
PS4,Sniper Ghost Warrior 3 Review,Mediocre,5
NS,Puyo Puyo Tetris Review,Great,8
PC,Outlast 2 Review,Good,7
PS4,The Disney Afternoon Collection Review,Good,7
NS,Mario Kart 8 Deluxe Review,Superb,9
PC,"Warhammer 40,000: Dawn Of War III Review",Great,8
PS4,Wonder Boy: The Dragon's Trap Review,Great,8
PS4,Guardians Of The Galaxy - Episode 1: Tangled Up In Blue Review,Good,7
PS4,Toukiden 2 Review,Good,7
PS4,Drawn To Death Review,Poor,4
PC,Hacknet - Labyrinths Review,Great,8
PS4,Momodora: Reverie Under The Moonlight Review,Fair,6
PS4,Bulletstorm: Full Clip Edition Review,Great,8
NS,Has-Been Heroes Review,Mediocre,5
PS4,Parappa The Rapper Remastered Review,Fair,6
XONE,Yooka-Laylee Review,Fair,6
PC,The Walking Dead: The Telltale Series - A New Frontier Ep. 3: Above The Law Review,Fair,6
PC,Thimbleweed Park Review,Good,7
PS4,Flatout 4: Total Insanity Review,Mediocre,5
PC,Dark Souls 3: The Ringed City Review,Great,8
PC,Stories Untold Review,Good,7
PS4,Everything Review,Fair,6
PS4,Mass Effect: Andromeda Review,Fair,6
PS4,Malicious Fallen Review,Mediocre,5
NS,Shovel Knight: Specter Of Torment Review,Great,8
PC,Styx: Shards Of Darkness Review,Fair,6
NS,Fast RMX Review,Good,7
NS,Snipperclips Review,Good,7
PC,Loot Rascals Review,Mediocre,5
NS,Super Bomberman R Review,Good,7
PS4,Psychonauts In The Rhombus Of Ruin Review,Fair,6
PC,Diluvion Review,Mediocre,5
XONE,Halo Wars 2 Review,Fair,6
PS4,Divide Review,Mediocre,5
PC,"Warhammer 40,000: Sanctus Reach Review",Poor,4
PC,Double Dragon 4 Review,Mediocre,5
PC,Beholder Review,Mediocre,5
PS4,Linelight Review,Good,7
PS4,Dynasty Warriors: Godseekers Review,Mediocre,5
PC,Urban Empire Review,Fair,6
PC,Tropico 4 Review,Good,7
PS4,Kingdom Hearts HD 2.8: Final Chapter Prologue Review,Good,7
PS4,Tales of Berseria Review,Good,7
PS4,Yakuza 0 Review,Great,8
PS4,Gravity Rush 2 Review,Superb,9
PS4,Wild Guns Reloaded Review,Great,8
PC,Chronos Review,Great,8
PS4,Shantae: Half-Genie Hero Review,Great,8
PC,Space Hulk: Deathwing Review,Poor,4
PC,The Walking Dead: The Telltale Series - A New Frontier Ep. 2: Ties That Bind Part Two Review,Great,8
PC,The Walking Dead: The Telltale Series - A New Frontier Ep. 1: Ties That Bind Part One Review,Superb,9
PC,Shadow Tactics: Blades of the Shogun Review,Great,8
PC,Werewolves Within Review,Good,7
XONE,Steep Review,Good,7
PS4,Killing Floor 2 Review,Great,8
PS4,Sword Art Online: Hollow Realization Review,Mediocre,5
PC,Silence Review,Good,7
PC,Cities: Skylines - Natural Disasters Review,Good,7
PC,Planet Coaster Review,Superb,9
PS4,Robinson: The Journey Review,Good,7
PS4,The Last Guardian Review,Superb,9
XONE,Dead Rising 4 Review,Good,7
PC,Orwell Review,Great,8
PS4,Final Fantasy 15 Review,Great,8
PS4,Watch Dogs 2 Review,Great,8
PS4,Overcooked Review,Great,8
PS4,Hitman Episode One Review,Good,7
PS4,Hitman Episode Two Review,Good,7
PC,Football Manager 2017 Review,Good,7
X360,Doom Review,Good,7
PS4,Here They Lie Review,Great,8
PS4,Dragon Ball: Xenoverse 2 Review,Good,7
PS4,Dishonored 2 Review,Great,8
PC,Tyranny Review,Great,8
PC,Skyshine's Bedlam Review,Fair,6
PC,Warhammer: End Times -- Vermintide Review,Good,7
PC,Batman - The Telltale Series: New World Order - Episode 3 Review,Fair,6
PS4,Oceanhorn Review,Mediocre,5
XONE,Halo 5: Guardians Review,Great,8
PC,Butcher Review,Great,8
PS4,World of Final Fantasy Review,Fair,6
PC,Civilization 6 Review,Superb,9
PS4,100ft Robot Golf Review,Mediocre,5
PC,The Silver Case Review,Mediocre,5
PS4,WWE 2K17 Review,Fair,6
PC,Eagle Flight Review,Good,7
PC,Giant Machines 2017 Review,Mediocre,5
PS4,RIGS Mechanized Combat League Review,Fair,6
PC,Shadow Warrior 2 Review,Great,8
PC,Duke Nukem 3D: 20th Anniversary World Tour Review,Mediocre,5
PC,Atlas Reactor Review,Great,8
PS4,Rise of the Tomb Raider Review,Superb,9
PS4,Battlezone VR Review,Good,7
XONE,Gears of War 4 Review,Good,7
PS4,PlayStation VR Worlds Review,Fair,6
PS4,Batman: Arkham VR Review,Good,7
PS4,Until Dawn: Rush of Blood Review,Mediocre,5
PS4,SuperHyper Cube Review,Fair,6
PC,World of Warcraft: Legion Review,Superb,9
PS4,NBA2K17 Review,Superb,9
PS4,God Eater 2: Rage Burst Review,Great,8
PS4,Pro Evolution Soccer 2017 Review,Great,8
PC,Batman - The Telltale Series: Children of Arkham - Episode 2 Review,Fair,6
XONE,ReCore Review,Fair,6
PS4,The Tomorrow Children Review,Bad,3
PC,The Final Station Review,Good,7
PS4,F1 2016 Review,Great,8
PC,Mother Russia Bleeds Review,Good,7
PS4,Grow Up Review,Mediocre,5
PC,Obduction Review,Good,7
PC,Master of Orion Review,Good,7
PS4,Jojo's Bizarre Adventure: Eyes of Heaven Review,Fair,6
PS4,Attack on Titan Review,Fair,6
PS4,The King of Fighters XIV Review,Great,8
PC,Deus Ex: Mankind Divided Review,Great,8
PS4,Bound Review,Good,7
PC,Kentucky Route Zero Act IV Review,Superb,9
PC,This is the Police Review,Good,7
PC,Batman - The Telltale Series: Realm of Shadows - Episode 1 Review,Great,8
PS4,God Eater Resurrection Review,Fair,6
PC,Necropolis Review,Fair,6
PC,Quadrilateral Cowboy Review,Superb,9
PS4,Headlander Review,Great,8
PC,The Assembly Review,Mediocre,5
PS4,I Am Setsuna Review,Good,7
PC,Brigador Review,Good,7
PS4,Ghostbusters Review,Bad,3
PS4,The Technomancer Review,Fair,6
PC,Breached Review,Bad,3
PS4,Song of the Deep Review,Fair,6
PS4,Furi Review,Great,8
XONE,7 Days to Die Review,Terrible,2
PS4,Asemblance Review,Mediocre,5
PC,I Get This Call Every Day Review,Good,7
PC,Space Run Galaxy Review,Great,8
PC,Dead by Daylight Review,Fair,6
PC,Duskers Review,Great,8
XONE,The Division: Underground Expansion Review,Good,7
PC,The Solus Project Review,Mediocre,5
PS4,Umbrella Corps Review,Bad,3
PS4,Lego Star Wars: The Force Awakens Review,Good,7
PS4,Star Ocean: Integrity and Faithlessness Review,Mediocre,5
PS4,Trials of the Blood Dragon Review,Good,7
PC,The Way Review,Fair,6
PC,Hearts of Iron 4 Review,Great,8
PS4,Dangerous Golf Review,Poor,4
XONE,Tropico 5 Penultimate Edition Review,Good,7
PC,Sherlock Holmes: The Devil's Daughter Review,Fair,6
PC,Excubitor Review,Great,8
XONE,Mirror's Edge Catalyst Review,Good,7
X360,Mirror's Edge Review,Good,7
PC,Edge of Nowhere Review,Great,8
PS4,Odin Sphere Leifthrasir Review,Great,8
PC,Duelyst Review,Great,8
PS4,Teenage Mutant Ninja Turtles: Mutants in Manhattan Review,Poor,4
PC,The Witcher 3: Wild Hunt - Blood and Wine Review,Great,8
PC,Overwatch Review,Superb,9
PC,Hitman Go VR Review,Fair,6
PS4,Shadow of the Beast Review,Mediocre,5
PS4,Party Hard Review,Good,7
PC,Total War: Warhammer Review,Superb,9
PC,Stellaris Review,Good,7
PC,Soft Body Review,Great,8
PC,Tastee: Lethal Tactics Review,Good,7
PS4,The Magic Circle: Gold Edition Review,Good,7
PS4,Alienation Review,Great,8
PS4,Destiny: The Taken King Review,Great,8
PC,Galak-Z: The Void Review,Fair,6
PS4,Uncharted 4: A Thief's End Review,Essential,1
PS4,"Invisible, Inc. Console Edition Review",Great,8
PC,P.O.L.L.E.N Review,Mediocre,5
PC,Offworld Trading Company Review,Superb,9
XONE,The Walking Dead: Michonne - Episode 3: What We Deserve Review,Great,8
PC,Ashes of the Singularity Review,Poor,4
PC,The Aquatic Adventure of the Last Human Review,Great,8
PC,The Banner Saga 2 Review,Great,8
PS4,Dead Star Review,Good,7
PC,Baldur's Gate: Siege of Dragonspear Review,Great,8
PS4,Salt and Sanctuary Review,Great,8
PS4,MLB The Show 16 Review,Great,8
PS4,Ratchet & Clank Review,Great,8
PS4,Enter the Gungeon Review,Good,7
XONE,The Walking Dead: Michonne - Episode 2: Give No Shelter Review,Superb,9
PC,Grim Dawn Review,Great,8
PC,Hyper Light Drifter Review,Superb,9
PC,Slain Review,Mediocre,5
PC,Into the Stars Review,Fair,6
PC,Black Desert Online Review,Good,7
XONE,Quantum Break Review,Fair,6
PC,Adr1ft Review,Mediocre,5
PC,Lucky's Tale Review,Mediocre,5
PS4,Dirt Rally Review,Great,8
PC,Galactic Civilizations III: Mercenaries Review,Poor,4
PS4,Republique Review,Great,8
PC,Cities: Skylines Snowfall Review,Good,7
PC,Moon Hunters Review,Mediocre,5
PC,Shardlight Review,Fair,6
XONE,EA Sports UFC 2 Review,Good,7
PC,Casey Powell Lacrosse 16 Review,Mediocre,5
PS4,Naruto Shippuden: Ultimate Ninja Storm 4 Review,Good,7
PS4,Heavy Rain Review,Good,7
PC,Devil Daggers Review,Great,8
PC,Gears of War: Ultimate Edition Review,Fair,6
X360,Gears of War Review,Superb,9
PS4,Klaus Review,Good,7
PC,Fortified Review,Fair,6
PC,Pillars of Eternity: The White March Part 2 Review,Mediocre,5
PC,Superhot Review,Great,8
PS4,Arslan: The Warrior of Legend Review,Good,7
XONE,Assassin's Creed Chronicles: Russia Review,Mediocre,5
PS4,Dying Light: The Following Review,Great,8
PC,Layers of Fear Review,Good,7
PS4,Unravel Review,Good,7
PC,Devilian Review,Fair,6
PC,The Mean Greens - Plastic Warfare Review,Poor,4
X360,Dead Island: Riptide Review,Poor,4
PC,Blade & Soul Review,Fair,6
X360,Dragon's Lair Review,Poor,4
PS4,Lego Marvel's Avengers Review,Good,7
PS4,The Deadly Tower of Monsters Review,Fair,6
PC,Hard West Review,Good,7
PC,Bombshell Review,Terrible,2
XONE,This War of Mine: The Little Ones Review,Good,7
PC,Tharsis Review,Fair,6
PS4,Gravity Rush Remastered Review,Good,7
PC,Minecraft Story Mode--Episode 4: A Block and a Hard Place Review,Good,7
PS4,The Witness Review,Superb,9
PC,Homeworld: Deserts of Kharak Review,Superb,9
PC,King's Quest Chapter 2: Rubble Without a Cause Review,Mediocre,5
PC,Dirt Rally Review,Great,8
XONE,Resident Evil 0: HD Remaster Review,Good,7
PC,Oxenfree Review,Great,8
PS4,Fat Princess Adventures Review,Mediocre,5
XONE,Assassin’s Creed Chronicles: India Review,Good,7
PS4,Amplitude Review,Good,7
PS4,Beyond: Two Souls Review,Great,8
PS3,Yakuza 5 Review,Great,8
PS4,The Crew: Wild Run Edition Review,Fair,6
XONE,Forza Motorsport 6 Review,Great,8
PC,Anno 2205 Review,Mediocre,5
PS4,Bloodborne: The Old Hunters Review,Superb,9
PC,Starcraft 2: Legacy of the Void Review,Great,8
PC,The Park Review,Good,7
PC,Game of Thrones: Episode Six — The Ice Dragon Review,Great,8
PC,Read Only Memories Review,Great,8
PC,Football Manager 2016 Review,Good,7
PS4,WWE 2K16 Review,Poor,4
PC,Sword Coast Legends Review,Fair,6
PC,Minecraft: Story Mode Episode Two -- Assembly Required Review,Great,8
PS4,Assassin's Creed Syndicate Review,Superb,9
PS4,Tales of Zestiria Review,Fair,6
PS4,Guitar Hero Live Review,Fair,6
PC,Mushroom 11 Review,Fair,6
PC,"Life is Strange, Episode Five Review",Fair,6
PC,Tales from the Borderlands: Episode Five — The Vault of the Traveler Review,Superb,9
PS4,Metal Gear Solid V: The Phantom Pain Review,Essential,1
PC,Prison Architect Review,Good,7
PS4,NBA Live 16 Review,Mediocre,5
PC,Minecraft: Story Mode Episode One--The Order of the Stone Review,Good,7
XONE,Transformers: Devastation Review,Good,7
XONE,Elite: Dangerous Review,Good,7
PC,Grand Ages: Medieval Review,Mediocre,5
PC,The Witcher 3: Wild Hunt - Hearts of Stone Review,Superb,9
PC,Sid Meier's Civilization: Beyond Earth - Rising Tide Review,Superb,9
PS4,Dragon Quest Heroes: The World Tree's Woe and the Blight Below Review,Great,8
PS4,Rock Band 4 Review,Good,7
PC,Cities: Skylines After Dark Review,Great,8
PC,The Beginner's Guide Review,Great,8
PS4,Afro Samurai 2: Revenge of Kuma Volume One Review,Terrible,2
PS4,LEGO Dimensions Review,Great,8
PS3,Disgaea 4: A Promise Unforgotten Review,Good,7
PS4,Disgaea 5: Alliance of Vengeance Review,Great,8
PC,SOMA Review,Superb,9
PC,Act of Aggression Review,Good,7
PC,Shadowrun: Hong Kong Review,Great,8
PC,World of Warships Review,Great,8
PC,Satellite Reign Review,Fair,6
PC,The Witcher Review,Great,8
PC,Pillars of Eternity: The White March Part 1 Review,Fair,6
PS4,Tearaway Unfolded Review,Great,8
PS4,Dishonored: Definitive Edition Review,Great,8
PC,Sorcerer King Review,Great,8
PS4,Toy Soldiers: War Chest Review,Mediocre,5
PS4,Lego Jurassic World Review,Fair,6
PS4,Mad Max Review,Fair,6
XONE,Mega Man Legacy Collection Review,Good,7
PS4,Zombi Review,Good,7
PS4,Madden NFL 16 Review,Great,8
XONE,Gears of War: Ultimate Edition Review,Good,7
PS4,Dragon Age: Inquisition - The Descent Review,Fair,6
PS4,Until Dawn Review,Great,8
XONE,The Bridge Review,Good,7
PC,Volume Review,Great,8
PC,Tales from the Borderlands: Episode Four - Escape Plan Bravo Review,Fair,6
PC,The Talos Principle: Road To Gehenna Review,Good,7
PS4,Everybody's Gone to the Rapture Review,Superb,9
PC,Cabal 2 Review,Poor,4
PS3,The Walking Dead: Season 2 Episode 3 - In Harm's Way Review,Great,8
PC,Fract OSC Review,Fair,6
PS3,The Walking Dead: 400 Days Review,Superb,9
PS3,Legasista Review,Good,7
X360,The Simpsons Arcade Game Review,Bad,3
PC,The Settlers: Rise of an Empire Review,Good,7
PS2,Ratchet: Deadlocked Review,Great,8
XBOX,Fable: The Lost Chapters Review,Great,8
PC,World of Warcraft Review,Superb,9
PS4,Red Goddess: Inner World Review,Bad,3
PS4,N++ Review,Great,8
PS4,Galak-Z: The Dimensional Review,Great,8
XONE,Rare Replay Review,Great,8
PS4,Godzilla Review,Bad,3
PS4,Rocket League Review,Superb,9
PC,Victor Vran Review,Fair,6
PC,King's Quest Chapter 1: A Knight to Remember Review,Great,8
PC,Blues and Bullets: Episode One Review,Good,7
XONE,"Life is Strange, Episode Four Review",Fair,6
PC,Trove Review,Good,7
PS4,Prototype Biohazard Bundle Review,Mediocre,5
PS4,Rory McIlroy PGA Tour Review,Poor,4
PC,Dreamfall Chapters Book 3: Realms Review,Great,8
PC,Card Hunter: Expedition to the Sky Citadel Review,Great,8
PS4,Journey (PS4) Review,Essential,1
XONE,Trials Fusion: Awesome Level Max Edition Review,Good,7
PC,Game of Thrones: Episode Five — A Nest of Vipers Review,Superb,9
PS4,The Elder Scrolls Online: Tamriel Unlimited Review,Fair,6
PC,F1 2015 Review,Fair,6
PC,Guild of Dungeoneering Review,Great,8
PC,Legends of Eisenwald Review,Good,7
PS4,God of War 3 Remastered Review,Great,8
PC,Traverser Review,Fair,6
PC,Final Fantasy XIV: Heavensward Review,Superb,9
PS4,PlanetSide 2 Review (PS4) Review,Good,7
PC,The Red Solstice Review,Good,7
PS4,Whispering Willows Review,Good,7
PC,Ronin Review,Good,7
PC,Dirty Bomb Review,Mediocre,5
XONE,Halo: The Master Chief Collection Review,Fair,6
PC,The Masterplan Review,Mediocre,5
PC,Her Story Review,Great,8
PC,Tales from the Borderlands: Episode Three — Catch a Ride Review,Superb,9
PS4,Wander Review,Terrible,2
PC,Technobabylon Review,Great,8
PS4,Batman: Arkham Knight Review,Good,7
PC,Heroes of the Storm Review,Superb,9
PC,Massive Chalice Review,Fair,6
PC,Kholat Review,Poor,4
PC,Shadowrun Chronicles: Boston Lockdown Review,Bad,3
PC,Carmageddon: Reincarnation Review,Poor,4
PC,Sym Review,Poor,4
PC,Neon Struct Review,Fair,6
PC,The Incredible Adventures of Van Helsing 3 Review,Fair,6
PC,Interloper Review,Great,8
PC,Hatred Review,Bad,3
PC,Magicka 2 Review,Good,7
PC,Magnetic: Cage Closed Review,Bad,3
PC,Sunset Review,Good,7
PC,Game of Thrones: Episode Four — Sons of Winter Review,Mediocre,5
XONE,Mortal Kombat X Review,Great,8
PS4,Schrodinger's Cat And The Raiders Of The Lost Quark Review,Mediocre,5
XONE,"Life is Strange, Episode Three Review",Great,8
PC,Galactic Civilizations III Review,Great,8
PC,Action Henk Review,Good,7
PC,"Invisible, Inc. Review",Good,7
PC,Last Word Review,Good,7
PC,Magicka: Wizard Wars Review,Fair,6
PC,Windward Review,Bad,3
PS4,Color Guardians Review,Bad,3
PC,StarDrive 2 Review,Fair,6
PS4,Not A Hero Review,Good,7
PC,Project CARS Review,Great,8
PC,Toren Review,Mediocre,5
X360,Call of Duty 4: Modern Warfare Review,Superb,9
PC,Inside My Radio Review,Good,7
PC,Vertiginous Golf Review,Good,7
PS4,Lost Orbit Review,Good,7
PC,Verdun Review,Fair,6
PC,Remnants of Isolation Review,Mediocre,5
PC,JumpJet Rex Review,Mediocre,5
PC,The Weaponographist Review,Good,7
PS4,Ziggurat Review,Good,7
XONE,State of Decay: Year One Survival Edition Review,Mediocre,5
PC,Crypt of the NecroDancer Review,Great,8
PC,Broken Age: Act 2 Review,Fair,6
PC,Tower of Guns Review,Great,8
PC,I Am Bread Review,Mediocre,5
PC,Age of Wonders III: Eternal Lords Review,Great,8
PC,Halo: Spartan Strike Review,Good,7
PC,Dungeons 2 Review,Fair,6
PC,VoidExpanse Review,Poor,4
PC,"Slow Down, Bull Review",Fair,6
PC,The Charnel House Trilogy Review,Mediocre,5
PS4,We Are Doomed Review,Mediocre,5
PC,Worlds of Magic Review,Terrible,2
PC,Titan Souls Review,Good,7
PC,Infinite Crisis Review,Fair,6
PS4,Paperbound Review,Good,7
PS4,Bastion Review,Great,8
PC,Pillars of Eternity Review,Great,8
PS4,MLB 15: The Show Review,Great,8
PC,Dyscourse Review,Good,7
PC,Three Fourths Home: Extended Edition Review,Great,8
PC,Sunless Sea Review,Fair,6
PC,Sid Meier's Starships Review,Poor,4
PC,Dreamfall Chapters Book Two: Rebels Review,Good,7
PS4,Resogun Defenders Review,Good,7
PC,Dragon Age: Inquisition - Jaws of Hakkon Review,Good,7
PS4,"Life is Strange, Episode Two Review",Good,7
PC,Game of Thrones: Episode Three – The Sword in the Darkness Review,Great,8
PS4,Borderlands: The Handsome Collection Review,Great,8
PS4,Bloodborne Review,Superb,9
PC,Borderlands: The Pre-Sequel - Claptastic Voyage Review,Fair,6
PC,Woolfe - The Red Hood Diaries Review,Poor,4
PC,Frozen Cortex Review,Good,7
PC,Robot Roller-Derby Disco Dodgeball Review,Fair,6
PS4,Bladestorm: Nightmare Review,Mediocre,5
PS4,Final Fantasy Type-0 HD Review,Great,8
XONE,LA Cops Review,Bad,3
XONE,Resident Evil: Revelations 2 - Episode Four Review,Good,7
XONE,Battlefield: Hardline Review,Good,7
PC,Tales from the Borderlands: Episode Two — Atlas Mugged Review,Great,8
XONE,White Night Review,Fair,6
PC,Trash TV Review,Fair,6
PC,Deathtrap Review,Good,7
PC,Shelter 2 Review,Fair,6
PC,Hotline Miami 2: Wrong Number Review,Superb,9
XONE,Resident Evil: Revelations 2 - Episode Three Review,Great,8
PC,Homeworld Remastered Collection Review,Great,8
XONE,Ori and the Blind Forest Review,Superb,9
PC,There Came An Echo Review,Poor,4
PS4,Dragon Ball: Xenoverse Review,Fair,6
PS4,Helldivers Review,Great,8
PS4,Q*Bert Rebooted Review,Bad,3
XONE,Screamride Review,Good,7
XONE,Resident Evil: Revelations 2 - Episode Two Review,Fair,6
PC,Oblitus Review,Great,8
PC,Republique Review,Great,8
XONE,Hand of Fate Review,Good,7
PC,Sleeping Dogs: Definitive Edition Review,Great,8
XONE,Resident Evil: Revelations 2 - Episode One Review,Good,7
PC,Aaru's Awakening Review,Poor,4
PC,Grow Home Review,Great,8
PS4,The Order: 1886 Review,Mediocre,5
PC,The Legend of Candlewind: Nights & Candles Review,Terrible,2
PC,Heroes of Might & Magic III - HD Edition Review,Fair,6
PC,Total War: Attila Review,Good,7
X360,Ultra Street Fighter IV Review,Great,8
PC,Raven's Cry Review,Abysmal,1
XONE,#IDARB Review,Great,8
PC,Elite: Dangerous Review,Good,7
PC,Apotheon Review,Great,8
PC,Never Alone Review,Poor,4
PC,GRID Autosport Review,Fair,6
PC,Game of Thrones: Episode Two - The Lost Lords Review,Great,8
PC,Grey Goo Review,Great,8
PC,Nosgoth Review,Fair,6
PC,The Marvellous Miss Take Review,Fair,6
PC,Gravity Ghost Review,Great,8
PS4,Grim Fandango Remastered Review,Great,8
PC,Blackguards 2 Review,Great,8
PS4,Resident Evil HD Remastered Review,Good,7
PS3,Kingdom Hearts 2.5 HD 2.5 ReMIX Review,Good,7
PC,Lost Constellation Review,Great,8
XONE,Kalimba Review,Good,7
PC,F1 2013 Review,Great,8
PC,Scrolls Review,Good,7
PC,World of Warcraft: Warlords of Draenor Review,Great,8
XONE,Sunset Overdrive and the Mystery of the Mooil Rig! Review,Great,8
PS4,Loadout Review,Good,7
PC,Tropico 5: Waterborne Review,Mediocre,5
PC,Elegy for a Dead World Review,Good,7
PC,The Talos Principle Review,Superb,9
PS4,Secret Ponchos Review,Good,7
PC,Shadows: Heretic Kingdoms Review,Good,7
XONE,Limbo Review,Great,8
X360,Limbo Review,Superb,9
PS3,JuJu Review,Fair,6
PS4,The Crew Review,Mediocre,5
XBOX,Fable Review,Great,8
PS4,The Wolf Among Us Review,Great,8
PC,Defenders of Time Review,Good,7
PS4,Game of Thrones: Episode One - Iron From Ice Review,Great,8
XONE,Geometry Wars 3: Dimensions Review,Great,8
PS4,Tales from the Borderlands: Episode One - Zer0 Sum Review,Superb,9
PS4,Speakeasy Review,Bad,3
PC,The Binding of Isaac: Rebirth Review,Great,8
PC,Rollers of the Realm Review,Poor,4
PC,Adventure Time: The Secret of the Nameless Kingdom Review,Fair,6
PC,Space Hulk: Ascension Edition Review,Good,7
PS4,Little Big Planet 3 Review,Good,7
PC,This War of Mine Review,Great,8
PS3,Grand Theft Auto V Review,Superb,9
PC,A Bird Story Review,Great,8
PC,Randal's Monday Review,Poor,4
X360,Assassin's Creed Rogue Review,Fair,6
PS4,Pro Evolution Soccer 2015 Review,Great,8
PS4,The Unfinished Swan Review,Great,8
PC,Depth Review,Mediocre,5
PC,Gabriel Knight: Sins of the Fathers 20th Anniversary Edition Review,Fair,6
PC,Football Manager 2015 Review,Great,8
PC,Dungeon of the Endless Review,Good,7
PC,Planetary Annihilation Review,Good,7
PC,Dreamfall Chapters Book One: Reborn Review,Good,7
PS4,Skylanders Trap Team Review,Great,8
PS3,Fairy Fencer F Review,Mediocre,5
XONE,Lords of the Fallen Review,Great,8
XONE,Minecraft Xbox One Edition Review,Superb,9
XONE,Sunset Overdrive Review,Great,8
PC,Legend of Grimrock 2 Review,Superb,9
PC,Neverending Nightmares Review,Good,7
PC,Civilization: Beyond Earth Review,Good,7
PS4,The Evil Within Review,Good,7
X360,F1 2014 Review,Fair,6
PC,A City Sleeps Review,Mediocre,5
XONE,Disney Fantasia: Music Evolved Review,Great,8
XONE,The Legend of Korra Review,Bad,3
PC,Falling Skies: The Game Review,Poor,4
PS4,Fluster Cluck Review,Bad,3
PS4,Minecraft: PlayStation 4 Edition Review,Superb,9
PC,"The Wolf Among Us, Episode 5: Cry Wolf Review",Fair,6
PC,TRI: Of Friendship and Madness Review,Great,8
PS4,The Last of Us Remastered Review,Great,8
PS3,The Last of Us: Left Behind Review,Superb,9
PS3,The Last of Us Review,Great,8
PS3,Short Peace: Ranko Tsukigime's Longest Day Review,Fair,6
PC,Hack 'n' Slash Review,Fair,6
X360,Grand Theft Auto IV Review,Essential,1
X360,Grand Theft Auto IV: The Ballad of Gay Tony Review,Superb,9
PC,Endless Legend Review,Great,8
PC,Ryse: Son of Rome Review,Mediocre,5
PC,Sherlock Holmes: Crimes & Punishments Review,Great,8
PS4,Driveclub Review,Mediocre,5
PC,Styx: Master of Shadows Review,Mediocre,5
PS3,Persona 4 Arena Ultimax Review,Great,8
PC,Five Nights at Freddy's Review,Great,8
XONE,Forza Horizon 2 Review,Great,8
PC,Stronghold Crusader 2 Review,Fair,6
PC,Spacecom Review,Mediocre,5
PC,Gauntlet Review,Fair,6
PC,The Vanishing of Ethan Carter Review,Superb,9
PC,Fenix Rage Review,Great,8
PS4,Middle-earth: Shadow of Mordor Review,Great,8
PC,Kraven Manor Review,Fair,6
PS4,FIFA 15 Review,Great,8
PC,Wasteland 2 Review,Great,8
XONE,D4: Dark Dreams Don't Die Review,Good,7
PC,Cannon Brawl Review,Fair,6
PC,Roundabout Review,Great,8
PC,Neverwinter Updated Review,Good,7
PC,Neverwinter - Launch Review,Fair,6
PS4,Disney Infinity: Marvel Super Heroes -- 2.0 Edition Review,Good,7
PC,Lichdom: Battlemage Review,Fair,6
PC,Minimum Review,Fair,6
PC,The Golf Club Review,Fair,6
PC,Mind: Path to Thalamus Review,Good,7
PS4,Surgeon Simulator: Anniversary Edition Review,Poor,4
PC,Shadowgate Review,Good,7
X360,Might and Magic Duel of Champions: Forgotten Wars Review,Good,7
PS4,Infamous: First Light Review,Fair,6
PC,Firefall Review,Mediocre,5
PC,The Walking Dead: Season Two Episode Five – No Going Back Review,Good,7
PS4,Velocity 2X Review,Superb,9
PS4,The Last Tinker: City of Colors Review,Mediocre,5
XONE,Dance Central Spotlight Review,Great,8
PS4,NHL 15 Review,Mediocre,5
PC,The Sims 4 Review,Fair,6
PC,Dead Rising 3: Apocalypse Edition Review,Bad,3
X360,Fret Nice Review,Mediocre,5
X360,Diablo III Review,Great,8
XONE,Fighter Within Review,Terrible,2
PC,Road Not Taken Review,Good,7
PC,Halfway Review,Good,7
PC,Magic the Gathering - Duels of the Planeswalkers 2015 Review,Fair,6
PC,Rogue Legacy Review,Great,8
PC,Only If Review,Terrible,2
PC,Gods Will Be Watching Review,Fair,6
PC,King's Bounty: Dark Side Review,Great,8
PS4,Oddworld: New 'n' Tasty Review,Great,8
PC,Super Comboman Review,Bad,3
PC,Unrest Review,Fair,6
PC,Wayward Manor Review,Poor,4
PC,Divinity: Original Sin Review,Superb,9
X360,Yosumin! LIVE review,Mediocre,5
PC,Portal Review,Superb,9
PC,Infinity Runner Review,Mediocre,5
X360,Shrek the Third Review,Mediocre,5
PC,World of Warcraft: Wrath of the Lich King Review,Superb,9
X360,Dungeons & Dragons: Chronicles of Mystara Review,Good,7
PS4,War Thunder Review,Great,8
PS4,Sniper Elite III Review,Fair,6
PC,Richard & Alice Review,Mediocre,5
PC,Spoiler Alert Review,Poor,4
PC,Xenonauts Review,Great,8
PC,Transformers: Rise of the Dark Spark Review,Poor,4
PS3,Ace Combat Infinity Review,Fair,6
PC,WildStar Review,Good,7
PS4,Killzone: Shadow Fall Intercept Review,Fair,6
PS4,EA Sports UFC Review,Mediocre,5
X360,Blood of the Werewolf Review,Great,8
PC,Blood of the Werewolf Review,Good,7
X360,Tales From Space: Mutant Blobs Attack Review,Fair,6
PC,Valiant Hearts: The Great War Review,Great,8
PC,"The Elder Scrolls Online Review - Familiar World, Strange Territory Review",Fair,6
PC,Nether Review,Mediocre,5
PC,Anomaly Defenders Review,Mediocre,5
PC,Hegemony Rome: The Rise of Caesar Review,Mediocre,5
PC,Munin Review,Fair,6
XONE,Super Ultra Dead Rising 3 Arcade Remix Hyper Edition EX Plus Alpha Review,Good,7
PS4,Entwined Review,Good,7
PC,Always Sometimes Monsters Review,Mediocre,5
PC,Space Run Review,Great,8
PC,Slender: The Arrival Review,Great,8
PC,Kill the Bad Guy Review,Good,7
PS4,Murdered: Soul Suspect Review,Fair,6
PC,Among the Sleep Review,Good,7
PC,Project Temporality Review,Poor,4
PC,The Incredible Adventures of Van Helsing 2 Review,Great,8
PC,Air Control Review,Abysmal,1
PC,Where Is My Heart? Review,Good,7
PS3,Drakengard 3 Review,Good,7
PC,The Wolf Among Us: Episode 4 - In Sheep's Clothing Review,Good,7
PC,Monochroma Review,Poor,4
PC,Tropico 5 Review,Great,8
PC,Warlock 2 Review,Good,7
PS3,Minecraft: PlayStation 3 Edition Review,Great,8
PC,Memento Mori 2: Guardians of Immortality Review,Poor,4
PC,Blade Symphony Review,Mediocre,5
XONE,Nutjitsu Review,Poor,4
PC,"Sir, You Are Being Hunted Review",Poor,4
X360,Dark Souls 2 Review - A Newcomer in Drangleic Review,Mediocre,5
PC,Bound By Flame Review,Poor,4
PS2,Onimusha: Warlords Review,Great,8
PC,The Elder Scrolls Online Review,Fair,6
PC,"Batman: Arkham Origins - Cold, Cold Heart Review",Good,7
PC,Life Goes On Review,Great,8
PC,Broken Sword 5: The Serpent's Curse - Part II Review,Fair,6
X360,Borderlands 2: Headhunter 5 - Sir Hammerlock vs. the Son of Crawmerax Review,Great,8
PS4,Lego The Hobbit Review,Mediocre,5
PC,Moebius: Empire Rising Review,Poor,4
PC,Half Minute Hero: The Second Coming Review,Great,8
PC,SimCity Updated Review,Mediocre,5
PC,SimCity Review,Mediocre,5
PS4,Mercenary Kings Review,Fair,6
PC,The Wolf Among Us: Episode 3 - A Crooked Mile Review,Great,8
PC,Planetside 2 Updated Review,Superb,9
PC,Arma 3 Updated Review,Good,7
XONE,Kinect Sports Rivals Review,Mediocre,5
PC,Arma III Review,Great,8
X360,Lightning Returns: Final Fantasy XIII - A Newcomer's Take Review,Poor,4
PC,PlanetSide 2 Review,Great,8
PC,Deus Ex: The Fall Review,Poor,4
PC,Betrayer Review,Good,7
PC,Escape Goat 2 Review,Good,7
PC,Age of Wonders III Review,Good,7
PC,BioShock infinite: Burial at Sea - Episode 2 Review,Great,8
PC,Diablo 3: Reaper of Souls Review,Great,8
PS3,The Witch and the Hundred Knight Review,Fair,6
PC,SeaWorld Adventure Parks Tycoon Review,Fair,6
XBOX,NCAA College Football 2K3 Review,Good,7
PS2,NCAA College Football 2K3 Review,Good,7
PC,Smite Review,Great,8
PC,Dragons and Titans Review,Bad,3
PS4,Infamous: Second Son Review,Great,8
PC,Hearthstone: Heroes of Warcraft Review,Great,8
PC,Diablo 3 Review,Great,8
PC,The Yawhg Review,Fair,6
X360,Dead Space Review,Superb,9
PC,Path of Exile Review,Superb,9
PC,SimCity 4 Review,Great,8
PC,Infested Planet Review,Great,8
PC,Shadowrun: Dragonfall Review,Great,8
PC,NaissanceE Review,Great,8
PS4,Basement Crawl Review,Bad,3
PC,Resident Evil 4 HD Edition Review,Great,8
X360,World of Tanks: Xbox 360 Edition Review,Great,8
PC,Banished Review,Great,8
X360,Rambo: The Video Game Review,Fair,6
XONE,Plants vs. Zombies: Garden Warfare Review,Good,7
PS3,Castlevania: Lords of Shadow 2 Review,Good,7
PC,Dustforce Review,Good,7
X360,Earth Defense Force 2025 Review,Fair,6
PC,Journal Review,Mediocre,5
PC,Horizon Review,Fair,6
PC,The Castle Doctrine Review,Poor,4
PS4,Outlast Review,Good,7
PC,Jazzpunk Review,Good,7
PC,Loadout Review,Good,7
PC,Star Wars: The Old Republic - Galactic Starfighter Review,Great,8
XONE,The Lego Movie Videogame Review,Good,7
PC,Strike Vector Review,Good,7
X360,Fable Anniversary Review,Good,7
PC,Echo Prime Review,Mediocre,5
PC,Rise of Venice Review,Good,7
PC,Octodad: Dadliest Catch Review,Fair,6
PC,Rekoil Review,Bad,3
PC,Might & Magic X: Legacy Review,Fair,6
PC,Outlast Review,Good,7
PC,Team Fortress 2 Review,Great,8
PC,Team Fortress 2 - Launch Review,Great,8
PS3,Naruto Shippuden: Ultimate Ninja Storm 3 Full Burst Review,Mediocre,5
PC,BioShock Infinite - A Fan Scorned Review,Poor,4
PC,Insurgency Review,Good,7
PC,The Cat Lady Review,Great,8
PC,Pandora: First Contact Review,Poor,4
PC,Blackguards Review,Good,7
PC,Consortium Review,Fair,6
PC,Nidhogg Review,Great,8
PC,Frozen Hearth Review,Bad,3
PS4,Don't Starve: Console Edition Review,Good,7
PC,Don't Starve Review,Good,7
PC,Broken Age Act I Review,Good,7
PC,Metal Gear Rising: Revengeance Review,Great,8
PC,Dementium II HD Review,Mediocre,5
PC,The Banner Saga Review,Good,7
PC,Continue?9876543210 Review,Good,7
PC,Driftmoon Review,Good,7
PC,Terraria Review,Great,8
X360,Spelunky! Review,Great,8
PC,The Wolf Among Us: Episode 1 Review - Testing My Faith Review,Fair,6
PC,9.03m Review,Mediocre,5
X360,Bandfuse: Rock Legends Review,Good,7
PC,Violett Review,Good,7
XONE,Max: The Curse of Brotherhood Review,Fair,6
XONE,Halo: Spartan Assault Review,Fair,6
PS4,Flow Review,Good,7
PS3,flOw Review,Good,7
PC,X Rebirth Review,Terrible,2
X360,State of Decay: Breakdown Review,Good,7
PS3,Strength of the Sword 3 Review,Fair,6
PS3,Saint Seiya: Brave Soldiers Review,Fair,6
PC,Baldur's Gate II: Enhanced Edition Review,Good,7
PC,Speedball 2 HD Review,Fair,6
PC,The Walking Dead: Season Two Episode 1 - All That Remains Review,Fair,6
PC,EVE Online - Launch Review,Fair,6
PS3,Dust 514 - Launch Review,Fair,6
PS3,DUST 514 Review,Poor,4
PC,DmC: Devil May Cry Review,Great,8
PC,Huntsman: The Orphanage Review,Fair,6
PC,Gomo Review,Mediocre,5
PC,Samurai Gunn Review,Great,8
PS3,Gran Turismo 6 Review,Good,7
PC,Vector Review,Good,7
PS4,Tiny Brains Review,Mediocre,5
PC,Two Brothers Review,Good,7
PS4,Doki-Doki Universe Review,Good,7
PC,Darkout Review,Mediocre,5
PC,The Novelist Review,Good,7
XONE,Peggle 2 Review,Great,8
PC,Dead Sky Review,Terrible,2
PC,The Wolf Among Us: Episode 1 - Faith Review,Great,8
PC,World of Warplanes Review,Good,7
PS4,Blacklight: Retribution Review,Mediocre,5
X360,Brothers: A Tale of Two Sons Review,Great,8
PS4,Super Motherload Review,Good,7
PC,EVE Online Review,Great,8
XONE,Zoo Tycoon Review,Fair,6
XONE,Powerstar Golf Review,Good,7
XONE,Killer Instinct Review,Good,7
PC,Redshirt Review,Fair,6
XONE,Forza Motorsport 5 Review,Superb,9
PS3,AquaPazza: AquaPlus Dream Match Review,Good,7
XONE,Ryse: Son of Rome Review,Poor,4
PS4,NBA Live 14 Review,Poor,4
PC,SimCity: Cities of Tomorrow Review,Mediocre,5
PC,Risk of Rain Review,Great,8
PS3,FIFA 14 Review,Great,8
PC,Deadfall Adventures Review,Bad,3
XONE,LocoCycle Review,Fair,6
XONE,Dead Rising 3 Review,Good,7
XONE,Crimson Dragon Review,Mediocre,5
PC,SimCity Review: A Real Mayor's Perspective Review,Poor,4
PS4,Need for Speed: Rivals Review,Great,8
PC,Morphopolis Review,Fair,6
PS4,Resogun Review,Great,8
PS4,Knack Review,Poor,4
PS3,Sound Shapes Review,Superb,9
PC,Intake Review,Great,8
PS4,Contrast Review,Mediocre,5
PS3,Final Exam Review,Mediocre,5
PS4,Killzone: Shadow Fall Review,Good,7
PS4,Flower Review,Great,8
PS3,Stick It to the Man Review,Good,7
PS3,Ratchet & Clank: Into the Nexus Review,Great,8
PC,Journey of a Roach Review,Good,7
PC,Warface Review,Fair,6
PS3,Enslaved: Odyssey to the West Review,Great,8
X360,Forza Motorsport 3 Review,Superb,9
PS3,The Guided Fate Paradox Review,Mediocre,5
PC,Dota 2 Review,Superb,9
PS3,Angry Birds Star Wars Review,Fair,6
PC,The Harvest Review,Bad,3
X360,Castlevania: Lords of Shadow - Mirror of Fate HD Review,Great,8
PC,Forced Review,Mediocre,5
PS3,Pac-Man and the Ghostly Adventures Review,Mediocre,5
X360,Borderlands 2: Captain Scarlett and Her Pirate's Booty Review,Good,7
PS3,Lego Marvel Super Heroes Review,Good,7
PC,Football Manager 2014 Review,Superb,9
PC,How to Survive Review,Good,7
PC,Eldritch Review,Good,7
X360,WRC 4: FIA World Rally Championship Review,Fair,6
PC,Batman: Arkham City Review,Superb,9
X360,Batman: Arkham City - Harley Quinn's Revenge Review,Fair,6
X360,Batman: Arkham City - Nightwing Bundle Pack Review,Good,7
PS3,Batman: Arkham City Review,Superb,9
X360,Batman: Arkham City Review,Superb,9
PC,Solstice Arena Review,Great,8
PC,140 Review,Good,7
X360,Rocksmith 2014 Edition Review,Great,8
PC,Dark Matter Review,Poor,4
PC,Iesabel Review,Fair,6
PC,Irritum Review,Poor,4
PC,XCOM: Enemy Unknown - Slingshot Review,Fair,6
PS3,BioShock Infinite Review,Superb,9
X360,BioShock Infinite Review,Superb,9
PC,League of Legends - Retail Launch Review,Fair,6
X360,Disney Infinity - A Parent's Take Review,Great,8
PS3,Far Cry 3: Blood Dragon Review,Great,8
PC,Knock-knock Review,Poor,4
PC,Sid Meier's Civilization V Review,Superb,9
PC,Civilization V: Brave New World Review,Superb,9
PC,Full Bore: The First Dig Review,Good,7
PC,Blue Estate Prologue Review,Bad,3
X360,Assassin's Creed III Review,Great,8
X360,Assassin's Creed III: The Tyranny of King Washington - The Infamy Review,Good,7
PS3,Assassin's Creed III: The Tyranny Of King Washington - The Betrayal Review,Mediocre,5
X360,Assassin's Creed III: The Tyranny of King Washington - The Redemption Review,Fair,6
PS3,Madden NFL 25 Review,Fair,6
X360,Madden NFL 25 Review,Fair,6
PC,Prime World Review,Fair,6
PC,League of Legends Review,Superb,9
X360,Boulder Dash-XL Review,Good,7
PS3,Journey Review,Superb,9
PC,Beatbuddy: Tale of the Guardians Review,Good,7
X360,Dishonored: The Brigmore Witches Review,Great,8
PS3,Grid 2 Review,Great,8
PS3,Motorbike Review,Abysmal,1
PC,Battlefield: Bad Company 2 Review,Superb,9
X360,Battlefield 3 Review,Great,8
PC,Glare Review,Fair,6
PC,Tomb Raider Review,Great,8
PS3,NBA 2K14 Review,Great,8
PC,Montague's Mount Review,Terrible,2
PC,Bionic Dues Review,Good,7
PS3,Grand Theft Auto V Review - Southland Sprawl Review,Great,8
PC,Salvation Prophecy Review,Mediocre,5
PC,The Stanley Parable Review,Superb,9
X360,PES 2014 Review,Fair,6
PS3,Pro Evolution Soccer 2013 Review,Great,8
PS3,Skylanders Swap Force Review,Good,7
PS3,Puppeteer Review,Superb,9
PS3,Mamorukun Curse Review,Good,7
PC,Divinity: Dragon Commander Review,Great,8
PC,"Papers, Please Review",Great,8
PC,Cubetractor Review,Good,7
PC,Europa Universalis IV Review,Superb,9
PS3,Tales of Xillia Review,Good,7
PC,Space Hulk Review,Fair,6
X360,Flashback Review,Poor,4
X360,Saints Row IV Review,Good,7
PS3,Saints Row IV Review,Good,7
PS3,Hatsune Miku: Project Diva F Review,Good,7
PC,Saints Row IV Review,Good,7
PS3,Kingdom Hearts HD 1.5 ReMIX Review,Good,7
PS3,Beyond: Two Souls Review,Superb,9
PC,Total War: Rome II Review,Great,8
PC,Amnesia: A Machine for Pigs Review,Great,8
PS3,NHL 14 Review,Fair,6
PS3,Diablo III Review,Great,8
X360,Foul Play Review,Fair,6
PC,Legend of Dungeon Review,Fair,6
PS3,DuckTales Remastered Review,Poor,4
PS3,Payday 2 Review,Good,7
X360,Payday 2 Review,Good,7
PS3,Guacamelee! Review,Superb,9
PS3,Guacamelee! El Diablo's Domain Review,Good,7
PC,Guacamelee! Gold Edition Review,Superb,9
X360,Disney Infinity Review,Fair,6
PC,Race the Sun Review,Great,8
PS3,Castlevania: Lords of Shadow - Reverie Review,Fair,6
PC,Castlevania: Lords of Shadow Ultimate Edition Review,Good,7
PC,Marlow Briggs and the Mask of Death Review,Good,7
PC,Doorways Review,Poor,4
PS3,Disgaea D2: A Brighter Darkness Review,Great,8
X360,The Bureau: XCOM Declassified Review,Fair,6
PS3,The Bureau: XCOM Declassified Review,Fair,6
PS3,Tom Clancy's Splinter Cell: Blacklist Review,Great,8
PC,Lost Planet 3 Review,Mediocre,5
X360,Lost Planet 3 Review,Mediocre,5
X360,Teenage Mutant Ninja Turtles: Out of the Shadows Review,Bad,3
X360,Disney Castle of Illusion HD Review,Good,7
PC,Diablo III Review,Great,8
PC,Gone Home Review,Superb,9
PC,The Raven: Legacy of a Master Thief Review,Mediocre,5
X360,Tomb Raider Review,Great,8
PS3,Rain Review,Good,7
PC,The Walking Dead: 400 Days - A Noble Experiment Review,Good,7
PS3,Tomb Raider Review,Great,8
PS3,Ibb and Obb Review,Good,7
X360,Gears of War: Judgment Review,Good,7
PC,R.I.P.D. The Game Review,Terrible,2
PC,Fallen Enchantress: Legendary Heroes Review,Great,8
PC,MechWarrior Online Review,Fair,6
X360,Metro: Last Light Review,Superb,9
PC,Alien Rage Review,Mediocre,5
X360,Darksiders II Review,Great,8
PS3,Darksiders II Review,Great,8
PC,Darksiders II Review,Great,8
PS3,Sly Cooper: Thieves in Time Review,Good,7
PS3,Uncharted 2 Siege Expansion Pack Review,Great,8
X360,Giana Sisters: Twisted Dreams Review,Great,8
PS3,Red Dead Redemption: Undead Nightmare Pack Review,Great,8
DS,Call of Duty 4 Review,Good,7
PC,The Incredible Adventures of Van Helsing Review,Good,7
X360,Terraria Review,Great,8
PS3,Tokyo Jungle Review,Mediocre,5
PS3,Do Not Fall Review,Good,7
X360,Dust: An Elysian Tail Review,Good,7
XBOX,Crimson Skies: High Road to Revenge Review,Great,8
X360,Call of Juarez: Gunslinger Review,Great,8
X360,CastleStorm Review,Great,8
XBOX,Half-Life 2 Review,Great,8
PC,The Elder Scrolls IV: Shivering Isles Review,Great,8
X360,The Elder Scrolls IV: Shivering Isles Review,Great,8
X360,Resident Evil 6 Review,Poor,4
PS3,Resident Evil 6 Review,Poor,4
X360,Cloudberry Kingdom Review,Great,8
PS3,Far Cry 2 Review,Great,8
X360,Armored Core: Verdict Day Review,Fair,6
X360,Lollipop Chainsaw Review,Fair,6
PS3,Lollipop Chainsaw Review,Fair,6
PC,Dragon Age: Origins - Witch Hunt Review,Mediocre,5
PS3,Dragon Age: Origins - Witch Hunt Review,Mediocre,5
X360,Dragon Age: Origins - Witch Hunt Review,Mediocre,5
X360,Charlie Murder Review,Good,7
X360,Dragon Age II: Legacy Review,Mediocre,5
PC,Dragon Age II: Legacy Review,Mediocre,5
PS2,Psychonauts Review,Great,8
PC,Gunpoint Review,Good,7
PS3,The Walking Dead: 400 Days Review,Superb,9
X360,The Walking Dead: 400 Days Review,Superb,9
PS3,Transformers: War for Cybertron Review,Fair,6
X360,Assassin's Creed: Brotherhood - The Da Vinci Disappearance Review,Good,7
PC,Max Payne 3 Review,Superb,9
X360,Spec Ops: The Line Review,Fair,6
PS3,Spec Ops: The Line Review,Fair,6
PC,Spec Ops: The Line Review,Fair,6
X360,Condemned 2: Bloodshot Review,Great,8
X360,Mass Effect: Pinnacle Station Review,Poor,4
X360,A.R.E.S. Extinction Agenda EX Review,Fair,6
PC,Battlefield 2: Armored Fury Review,Good,7
PC,Takedown: Red Sabre Review,Terrible,2
PS3,Sleeping Dogs Review,Great,8
X360,Sleeping Dogs Review,Great,8
PC,Sleeping Dogs Review,Great,8
PC,Hotline Miami Review,Great,8
PC,Runner 2: Future Legend of Rhythm Alien Review,Superb,9
XBOX,RollerCoaster Tycoon Review,Good,7
PC,Metro: Last Light Review,Superb,9
PS3,Metro: Last Light Review,Superb,9
PC,Shadow Warrior Review,Good,7
PC,Star Wars: The Old Republic - Rise of the Hutt Cartel Review,Good,7
PC,Guild Wars 2 Review,Superb,9
X360,The Elder Scrolls V: Skyrim - Dawnguard Review,Good,7
PC,Ultima Online Age of Shadows Review,Good,7
PS3,Borderlands 2 Review,Great,8
PC,Borderlands 2 Review,Great,8
X360,Call of Duty: Black Ops II Review,Great,8
PC,Sanctum 2 Review,Great,8
X360,Sanctum 2 Review,Great,8
PS3,Call of Duty: Black Ops II Review,Great,8
PC,Call of Duty: Black Ops II Review,Great,8
X360,Mark of the Ninja Review,Great,8
X360,Sniper Elite V2 Review,Fair,6
PC,Counter-Strike: Global Offensive Review,Great,8
X360,Counter-Strike: Global Offensive Review,Great,8
PS3,Counter-Strike: Global Offensive Review,Great,8
PC,Defiance Review,Fair,6
PS3,Defiance Review,Fair,6
X360,Defiance Review,Fair,6
X360,Dragon's Dogma Review,Great,8
PS3,Dragon's Dogma Review,Great,8
X360,Dragon's Dogma: Dark Arisen Review,Good,7
PC,DARK Review,Bad,3
X360,Far Cry 3: Blood Dragon Review,Great,8
PC,Far Cry 3: Blood Dragon Review,Great,8
X360,Deadpool Review,Mediocre,5
X360,Remember Me Review,Good,7
PC,Remember Me Review,Good,7
PS3,Remember Me Review,Good,7
X360,Naruto Shippuden: Ultimate Ninja Storm 3 Review,Mediocre,5
PS3,Naruto Shippuden: Ultimate Ninja Storm 3 Review,Fair,6
PC,StarCraft II: Heart of the Swarm Review,Great,8
PC,Crysis 3 Review,Good,7
PS3,Crysis 3 Review,Good,7
X360,Crysis 3 Review,Good,7
X360,DmC: Devil May Cry Review,Great,8
PS3,DmC: Devil May Cry Review,Good,7
X360,DmC: Devil May Cry - Vergil's Downfall Review,Good,7
PS3,God of War: Ascension Review,Great,8
X360,Grid 2 Review,Great,8
PS3,Dishonored Review,Superb,9
X360,Dishonored Review,Superb,9
PC,Dishonored Review,Superb,9
X360,Dishonored: The Knife of Dunwall Review,Great,8
PS3,Dishonored: The Knife of Dunwall Review,Great,8
PC,Dishonored: The Knife of Dunwall Review,Great,8
PC,Mortal Kombat Komplete Edition Review,Great,8
PS3,Ni no Kuni: Wrath of the White Witch Review,Superb,9
PC,Strike Suit Zero Review,Good,7
PC,Company of Heroes 2 Review,Good,7
X360,State of Decay Review,Great,8
X360,Injustice: Gods Among Us Review,Good,7
PS3,Injustice: Gods Among Us Review,Good,7
X360,Dead Space 3 Review,Great,8
PS3,Dead Space 3 Review,Great,8
X360,Dead Space 3: Awakened Review,Poor,4
PC,Spelunky Review,Great,8
PC,Rise of the Triad Review,Mediocre,5
PS3,Killer Is Dead Review,Mediocre,5
PC,Shadowrun Returns Review,Good,7
PS3,Dragon's Crown Review,Great,8
PC,Shelter Review,Good,7
PC,Spycraft: The Great Game Review,Good,7
PC,Warframe Review (2013),Fair,6
PS3,Stealth Inc: A Clone in the Dark Review,Great,8
PS3,Time and Eternity Review,Bad,3
PC,Guncraft Review,Good,7
X360,Pacific Rim Review,Bad,3
PC,Bleed Review,Good,7
PC,Ride to Hell: Retribution Review,Abysmal,1
PC,The Last Door Review,Good,7
X360,NCAA Football 14 Review,Fair,6
X360,Scourge: Outbreak Review,Terrible,2
PC,Leisure Suit Larry: Reloaded Review,Poor,4
PC,Wargame: AirLand Battle Review,Great,8
PS3,Hotline Miami Review,Great,8
PC,Magrunner: Dark Pulse Review,Good,7
PC,Kentucky Route Zero - Act II Review,Great,8
PC,Marvel Heroes Review,Mediocre,5
PC,Fist Puncher Review,Good,7
PC,The Night of the Rabbit Review,Good,7
PC,7 Grand Steps Review,Good,7
PC,Reus Review,Great,8
PC,Rush Bros. Review,Mediocre,5
PC,The Swapper Review,Great,8
PS3,Fuse Review,Good,7
X360,Fuse Review,Good,7
PC,Renaissance Heroes Review,Fair,6
PC,Resident Evil: Revelations Review,Fair,6
PS3,Resident Evil: Revelations Review,Fair,6
X360,Resident Evil: Revelations Review,Fair,6
PC,Thunder Wolves Review,Good,7
PC,Anomaly 2 Review,Great,8
PC,Might & Magic Heroes VI - Shades of Darkness Review,Fair,6
PC,Eador: Masters of the Broken World Review,Poor,4
PC,StarDrive Review,Fair,6
X360,Poker Night 2 Review,Good,7
PC,Leviathan: Warships Review,Fair,6
PC,Strike Suit Infinity Review,Good,7
PS3,Deadly Premonition: The Director's Cut Review,Good,7
PC,Battle for Graxia Review,Good,7
PC,Zeno Clash II Review,Mediocre,5
PC,Star Trek The Video Game Review,Bad,3
PS3,Thomas Was Alone Review,Good,7
PC,God Mode Review,Fair,6
PS3,Dead Island: Riptide Review,Poor,4
PC,Dead Island: Riptide Review,Poor,4
X360,Monaco: What's Yours Is Mine Review,Good,7
PC,Surgeon Simulator 2013 Review,Great,8
PC,ShootMania Storm Review,Good,7
X360,Motocross Madness Review,Good,7
PC,Papo & Yo Review,Good,7
PC,Age of Empires II HD Edition Review,Mediocre,5
PC,Evoland Review,Mediocre,5
PC,Sang-Froid: Tales of Werewolves Review,Good,7
PS3,Terraria Review,Great,8
X360,BattleBlock Theater Review,Great,8
PC,Shattered Haven Review,Mediocre,5
PS3,Sniper: Ghost Warrior 2 Review,Good,7
PS3,Army of Two: The Devil's Cartel Review,Mediocre,5
X360,Army of Two: The Devil's Cartel Review,Mediocre,5
PS3,Tiger Woods PGA Tour 14 Review,Good,7
X360,Tiger Woods PGA Tour 14 Review,Good,7
X360,Alien Spidy Review,Poor,4
PC,Starseed Pilgrim Review,Great,8
PC,The Walking Dead: Survival Instinct Review,Poor,4
X360,The Walking Dead: Survival Instinct Review,Poor,4
X360,WRC Powerslide Review,Mediocre,5
PC,Sniper: Ghost Warrior 2 Review,Good,7
X360,Sniper: Ghost Warrior 2 Review,Good,7
X360,Darkstalkers Resurrection Review,Great,8
PC,Wizardry Online Review,Mediocre,5
PS3,MLB 13: The Show Review,Great,8
X360,MLB 2K13 Review,Mediocre,5
PS3,MLB 2K13 Review,Mediocre,5
X360,Mass Effect 3: Citadel Review,Good,7
PC,March of the Eagles Review,Good,7
PC,Impire Review,Poor,4
PC,A Valley Without Wind 2 Review,Great,8
PC,Sniper Elite: Nazi Zombie Army Review,Fair,6
PC,Brutal Legend Review,Good,7
PC,The Bridge Review,Good,7
PC,Oozi: Earth Adventure Review,Fair,6
PC,Proteus Review,Great,8
PC,Anodyne Review,Good,7
X360,Aliens: Colonial Marines Review,Poor,4
PC,Aliens: Colonial Marines Review,Poor,4
PC,Akaneiro: Demon Hunters Review,Mediocre,5
PC,Omerta: City of Gangsters Review,Poor,4
PC,Retrovirus Review,Good,7
PC,Antichamber Review,Great,8
X360,Skulls of the Shogun Review,Good,7
X360,The Cave Review,Good,7
PC,The War Z Review,Terrible,2
PC,Cart Life Review,Good,7
PC,Forge Review,Good,7
PC,Chaos on Deponia Review,Good,7
PC,Miasmata Review,Good,7
PS3,Black Knight Sword Review,Good,7
X360,Guardians of Middle-earth Review,Good,7
PC,Baldur's Gate: Enhanced Edition Review,Fair,6
X360,Far Cry 3 Review,Superb,9
PC,Far Cry 3 Review,Superb,9
PS3,Far Cry 3 Review,Superb,9
X360,Mass Effect 3: Omega Review,Mediocre,5
PS3,Ratchet & Clank: Full Frontal Assault Review,Good,7
PC,Ravaged Review,Fair,6
X360,Lego The Lord of the Rings Review,Great,8
PC,The Walking Dead: Episode 5 - No Time Left Review,Good,7
PS3,The Walking Dead: Episode 5 - No Time Left Review,Good,7
X360,The Walking Dead: Episode 5 - No Time Left Review,Good,7
PS3,Sonic & All-Stars Racing Transformed Review,Great,8
PC,Fallen Enchantress Review,Good,7
X360,Sonic & All-Stars Racing Transformed Review,Great,8
X360,Lego Harry Potter: Years 1-4 Review,Great,8
PS3,PlayStation All-Stars Battle Royale Review,Fair,6
X360,Karateka Review,Fair,6
X360,Hitman: Absolution Review,Good,7
PS3,Epic Mickey 2: The Power of Two Review,Mediocre,5
PC,Natural Selection 2 Review,Great,8
PC,Of Orcs and Men Review,Good,7
PC,F1 Race Stars Review,Mediocre,5
PS3,F1 Race Stars Review,Mediocre,5
X360,F1 Race Stars Review,Mediocre,5
PS3,Wonderbook: Book of Spells Review,Great,8
X360,Medal of Honor: Warfighter Review,Fair,6
PC,Primal Carnage Review,Fair,6
PC,Pid Review,Good,7
X360,Pid Review,Good,7
PS3,Little Big Planet Karting Review,Good,7
X360,WWE '13 Review,Great,8
PS3,Zone of the Enders: HD Collection Review,Mediocre,5
X360,Zone of the Enders: HD Collection Review,Fair,6
X360,Halo 4 Review,Superb,9
PS3,Need for Speed: Most Wanted Review,Good,7
X360,Need for Speed: Most Wanted Review,Good,7
PC,Painkiller: Hell & Damnation Review,Good,7
PC,Football Manager 2013 Review,Great,8
PC,Medal of Honor: Warfighter Review,Fair,6
X360,Zombie Driver HD Review,Fair,6
PC,Lucius Review,Fair,6
PC,World of Warcraft: Mists of Pandaria Review,Good,7
X360,Just Dance 4 Review,Good,7
PS3,Just Dance 4 Review,Good,7
X360,Happy Wars Review,Mediocre,5
PS3,007 Legends Review,Bad,3
X360,007 Legends Review,Bad,3
PS3,Mugen Souls Review,Poor,4
X360,Naughty Bear: Panic in Paradise Review,Mediocre,5
PS3,Derrick the Deathfin Review,Good,7
X360,Dance Central 3 Review,Great,8
PS3,The Unfinished Swan Review,Fair,6
PS3,Warlords Review,Mediocre,5
PS3,Retro City Rampage Review,Good,7
PC,Retro City Rampage Review,Good,7
X360,NBA 2K13 Review,Superb,9
PS3,NBA 2K13 Review,Superb,9
X360,The Walking Dead - Episode 4: Around Every Corner Review,Good,7
PC,The Walking Dead - Episode 4: Around Every Corner Review,Good,7
PS3,The Walking Dead - Episode 4: Around Every Corner Review,Good,7
PC,WRC 3 Review,Fair,6
X360,Forza Horizon Review,Great,8
X360,Fable: The Journey Review,Great,8
X360,Dragon Ball Z for Kinect Review,Poor,4
PS3,XCOM: Enemy Unknown Review,Great,8
X360,XCOM: Enemy Unknown Review,Great,8
PC,XCOM: Enemy Unknown Review,Great,8
PC,War of the Roses Review,Good,7
X360,NBA Baller Beats Review,Good,7
X360,Nights Into Dreams HD Review,Good,7
X360,Realms of Ancient War Review,Mediocre,5
DS,Pokemon Black Version 2 Review,Fair,6
DS,Pokemon White Version 2 Review,Fair,6
PS3,One Piece: Pirate Warriors Review,Poor,4
PC,Hero Academy Review,Great,8
PC,The Testament of Sherlock Holmes Review,Great,8
PC,Tryst Review,Poor,4
X360,Damage Inc. Review,Bad,3
X360,FIFA Soccer 13 Review,Great,8
PS3,FIFA Soccer 13 Review,Great,8
X360,Hell Yeah: Wrath of the Dead Rabbit Review,Poor,4
PS3,Hell Yeah: Wrath of the Dead Rabbit Review,Poor,4
X360,Dead or Alive 5 Review,Good,7
PS3,Dead or Alive 5 Review,Good,7
PC,Torchlight II Review,Great,8
PC,Transcripted Review,Great,8
X360,F1 2012 Review,Great,8
PC,F1 2012 Review,Great,8
PC,Shad'O Review,Good,7
X360,Pro Evolution Soccer 2013 Review,Great,8
PC,Closure Review,Great,8
X360,Borderlands 2 Review,Great,8
PC,FTL: Faster Than Light Review,Great,8
X360,Jet Set Radio Review,Poor,4
X360,Joe Danger 2: The Movie Review,Great,8
PC,The Sims 3: Supernatural Review,Good,7
X360,Double Dragon: Neon Review,Good,7
PS3,Double Dragon: Neon Review,Good,7
PC,Tiny Troopers Review,Mediocre,5
PS3,Tekken Tag Tournament 2 Review,Great,8
X360,NHL 13 Review,Great,8
PS3,NHL 13 Review,Great,8
PC,Dark Souls: Prepare to Die Edition Review,Superb,9
PC,They Bleed Pixels Review,Good,7
PC,Snapshot Review,Good,7
X360,Anarchy Reigns Review,Good,7
X360,Kung Fu Strike: The Warrior's Rise Review,Good,7
PS3,Way of the Samurai 4 Review,Fair,6
X360,Mass Effect 3: Leviathan Review,Fair,6
PC,AVSEQ Review,Fair,6
PC,Tom Clancy's Ghost Recon Online Review,Good,7
PS3,The Walking Dead: Episode 3 - Long Road Ahead Review,Great,8
PC,Galaxy on Fire 2 Review,Fair,6
X360,JoJo's Bizarre Adventure HD Ver. Review,Good,7
PS3,JoJo's Bizarre Adventure HD Ver. Review,Good,7
X360,Madden NFL 13 Review,Good,7
PS3,Madden NFL 13 Review,Good,7
X360,Rock Band Blitz Review,Good,7
PC,Bullet Run Review,Mediocre,5
PC,Unmechanical Review,Good,7
PC,Transformers: Fall of Cybertron Review,Good,7
X360,Transformers: Fall of Cybertron Review,Good,7
PS3,Transformers: Fall of Cybertron Review,Fair,6
PS3,Retro/Grade Review,Good,7
PC,Legends of Pegasus Review,Poor,4
PS3,Papo & Yo Review,Good,7
PC,Symphony Review,Great,8
PC,Death Rally Review,Poor,4
X360,Hybrid Review,Great,8
PC,Rigonauts Review,Fair,6
PC,7554 Review,Bad,3
PS3,Persona 4 Arena Review,Great,8
PC,Awesomenauts Review,Great,8
X360,Persona 4 Arena Review,Good,7
X360,Awesomenauts Review,Great,8
PS3,The Expendables 2 Review,Mediocre,5
PC,The Political Machine 2012 Review,Fair,6
PC,Orcs Must Die! 2 Review,Great,8
X360,Deadlight Review,Fair,6
PS3,Rainbow Moon Review,Fair,6
PC,Prototype 2 Review,Good,7
PC,SpellForce 2: Faith in Destiny Review,Mediocre,5
X360,Wreckateer Review,Good,7
PS3,London 2012 Review,Fair,6
X360,London 2012 Review,Fair,6
PS3,Dyad Review,Great,8
X360,Tony Hawk's Pro Skater HD Review,Fair,6
PC,The Walking Dead: Episode 2 - Starved for Help Review,Great,8
PS3,The Walking Dead: Episode 2 - Starved for Help Review,Great,8
PC,The Dark Eye: Chains of Satinav Review,Good,7
PC,Hoodwink Review,Bad,3
X360,Quantum Conundrum Review,Good,7
PS3,Quantum Conundrum Review,Good,7
PC,Fray Review,Poor,4
PC,Resonance Review,Mediocre,5
PC,The Secret World Review,Good,7
X360,Test Drive: Ferrari Racing Legends Review,Mediocre,5
PC,Endless Space Review,Great,8
X360,NCAA Football 13 Review,Fair,6
PS3,Dungeon Twister Review,Fair,6
PC,Krater Review,Mediocre,5
PC,Tom Clancy's Ghost Recon: Future Soldier Review,Fair,6
X360,The Walking Dead: Episode 2 - Starved for Help Review,Great,8
PC,Sins of a Solar Empire: Rebellion Review,Great,8
PC,Deponia Review,Great,8
PC,Thomas Was Alone Review,Good,7
PC,Penny Arcade's On the Rain-Slick Precipice of Darkness 3 Review,Good,7
X360,The Amazing Spider-Man Review,Good,7
PS3,The Amazing Spider-Man Review,Good,7
X360,Lego Batman 2: DC Super Heroes Review,Fair,6
PS3,Lego Batman 2: DC Super Heroes Review,Fair,6
DS,Pokemon Conquest Review,Fair,6
PC,Sid Meier's Civilization V: Gods & Kings Review,Superb,9
PS3,Doctor Who: The Eternity Clock Review,Bad,3
PC,Quantum Conundrum Review,Good,7
X360,Steel Battalion: Heavy Armor Review,Bad,3
X360,Virtua Fighter 5 Final Showdown Review,Great,8
PS3,Virtua Fighter 5 Final Showdown Review,Great,8
X360,Babel Rising Review,Fair,6
PC,Home Review,Good,7
PC,World of Battles: Morningstar Review,Good,7
PC,Iron Front: Liberation 1944 Review,Terrible,2
PS3,Atelier Meruru Review,Mediocre,5
X360,Inversion Review,Poor,4
PS3,Dirt Showdown Review,Great,8
PS3,Men in Black: Alien Crisis Review,Terrible,2
X360,Men in Black: Alien Crisis Review,Terrible,2
PS3,Sorcery Review,Poor,4
X360,Dirt Showdown Review,Great,8
PC,Gas Guzzlers Combat Carnage Review,Poor,4
PC,Alan Wake's American Nightmare Review,Good,7
X360,Mad Riders Review,Mediocre,5
X360,Battleship Review,Bad,3
PC,Resident Evil: Operation Raccoon City Review,Poor,4
PS3,Sonic the Hedgehog 4: Episode II Review,Fair,6
X360,Sonic the Hedgehog 4: Episode II Review,Fair,6
PC,Sonic the Hedgehog 4: Episode II Review,Fair,6
X360,Tom Clancy's Ghost Recon: Future Soldier Review,Good,7
PC,Warlock: Master of the Arcane Review,Good,7
PS3,Game of Thrones Review,Good,7
PC,Tera Review,Good,7
X360,Game of Thrones Review,Good,7
X360,Akai Katana Review,Great,8
PS3,Max Payne 3 Review,Superb,9
X360,Max Payne 3 Review,Superb,9
PC,Port Royale 3: Pirates and Merchants Review,Mediocre,5
X360,Minecraft Review,Good,7
PS3,Datura Review,Poor,4
PC,Street Fighter X Tekken Review,Great,8
PS3,Starhawk Review,Good,7
PC,Revelations 2012 Review,Abysmal,1
PC,A Valley Without Wind Review,Mediocre,5
PC,Fireburst Review,Mediocre,5
PC,Risen 2: Dark Waters Review,Good,7
PC,Lone Survivor Review,Great,8
PC,Sniper Elite V2 Review,Fair,6
X360,Fable Heroes Review,Mediocre,5
X360,The Walking Dead: Episode 1 Review,Great,8
X360,Bloodforge Review,Bad,3
PS3,The Walking Dead: Episode 1 Review,Great,8
PC,The Walking Dead: Episode 1 Review,Great,8
PS3,Tales of Graces f Review,Good,7
X360,Trials Evolution Review,Great,8
X360,Phantom Breaker Review,Poor,4
PS3,Prototype 2 Review,Good,7
X360,Prototype 2 Review,Good,7
X360,UEFA Euro 2012 Review,Good,7
PS3,UEFA Euro 2012 Review,Good,7
PC,Superbrothers: Sword & Sworcery EP Review,Superb,9
PC,Men of War: Condemned Heroes Review,Mediocre,5
PC,Naval War: Arctic Circle Review,Fair,6
PC,Tribes: Ascend Review,Great,8
PC,The Legend of Grimrock Review,Great,8
PC,Botanicula Review  Review,Great,8
PC,Confrontation Review,Mediocre,5
X360,The Witcher 2: Assassins of Kings - Enhanced Edition Review,Superb,9
X360,Anomaly: Warzone Earth Review,Great,8
X360,World Gone Sour Review,Fair,6
PS3,World Gone Sour Review,Fair,6
X360,Fez Review,Great,8
X360,Skullgirls Review,Great,8
PC,Gettysburg: Armored Warfare Review,Bad,3
PS3,Skullgirls Review,Great,8
PC,Ridge Racer Unbounded Review  Review,Great,8
PC,Tropico 4: Modern Times Review,Mediocre,5
PC,Total War: Shogun 2 - Fall of the Samurai Review,Great,8
PC,Blacklight: Retribution Review,Fair,6
PS3,Wheels of Destruction: World Tour Review,Poor,4
X360,The Splatters Review,Good,7
PS3,I Am Alive Review,Great,8
PS3,Devil May Cry HD Collection Review,Good,7
PS3,Closure Review,Great,8
DS,Inazuma Eleven 2: Blizzard Review,Mediocre,5
DS,Inazuma Eleven 2 Review,Mediocre,5
X360,Diabolical Pitch Review,Bad,3
X360,Kinect Star Wars Review,Mediocre,5
PS3,Tiger Woods PGA Tour 13 Review,Good,7
X360,South Park: Tenorman's Revenge Review,Bad,3
X360,Tiger Woods PGA Tour 13 Review,Fair,6
PC,Yesterday Review,Fair,6
X360,Ridge Racer Unbounded Review,Great,8
PS3,Ridge Racer Unbounded Review,Great,8
X360,Sine Mora Review,Great,8
PS3,Ninja Gaiden 3 Review,Mediocre,5
PC,Starpoint Gemini Review,Poor,4
PS3,Armored Core V Review,Fair,6
X360,Armored Core V Review,Fair,6
PS3,Yakuza: Dead Souls Review,Mediocre,5
PC,Warp Review,Fair,6
PS3,Shoot Many Robots Review,Good,7
X360,Shoot Many Robots Review,Good,7
X360,Ninja Gaiden 3 Review,Mediocre,5
X360,Resident Evil: Operation Raccoon City Review,Poor,4
PS3,Resident Evil: Operation Raccoon City Review,Poor,4
PS3,Naruto Shippuden: Ultimate Ninja Storm Generations Review,Good,7
X360,Naruto Shippuden: Ultimate Ninja Storm Generations Review,Good,7
PS3,FIFA Street Review,Great,8
X360,Blades of Time Review,Fair,6
PS3,Blades of Time Review,Fair,6
PC,Stacking Review,Great,8
PS3,FIFA Street 3 Review,Fair,6
X360,FIFA Street Review,Great,8
X360,Silent Hill: Downpour Review,Good,7
PC,Deep Black: Reloaded Review,Bad,3
PC,Microsoft Flight - Hawaiian Adventure Pack Review,Fair,6
PC,Microsoft Flight Review,Good,7
PS3,Silent Hill: Downpour Review,Good,7
X360,Major League Baseball 2K12 Review,Mediocre,5
PS3,Major League Baseball 2K12 Review,Mediocre,5
PC,Jagged Alliance: Back in Action Review,Mediocre,5
X360,Nexuiz Review,Great,8
PC,Wargame: European Escalation Review,Great,8
X360,I Am Alive Review,Great,8
PS3,MLB 12: The Show Review,Good,7
X360,Mass Effect 3 Review,Superb,9
PC,Mass Effect 3 Review,Superb,9
PS3,Mass Effect 3 Review,Superb,9
X360,Binary Domain Review,Good,7
PS3,Binary Domain Review,Good,7
PS3,Silent Hill HD Collection Review,Good,7
PS3,Street Fighter X Tekken Review,Great,8
X360,Street Fighter X Tekken Review,Great,8
PC,Da New Guys: Day of the Jackass Review,Good,7
PC,Alan Wake Review,Great,8
X360,Asura's Wrath Review,Mediocre,5
PS3,Asura's Wrath Review,Mediocre,5
DS,Shin Megami Tensei: Devil Survivor 2 Review,Great,8
PS3,SSX Review,Great,8
X360,SSX Review,Great,8
X360,Alan Wake's American Nightmare Review,Good,7
PC,Syndicate Review,Good,7
PS3,Syndicate Review,Good,7
X360,Syndicate Review,Good,7
X360,Warp Review,Fair,6
PC,Crusader Kings II Review,Great,8
PC,King Arthur II: The Role-Playing Wargame Review,Mediocre,5
PS3,Twisted Metal Review,Great,8
X360,Shank 2 Review,Fair,6
PC,Shank 2 Review,Fair,6
X360,UFC Undisputed 3 Review,Great,8
PS3,UFC Undisputed 3 Review,Great,8
PC,Gotham City Impostors Review,Good,7
PS3,Gotham City Impostors Review,Good,7
X360,Gotham City Impostors Review,Good,7
PC,Dear Esther Review,Great,8
PC,Kingdoms of Amalur: Reckoning Review,Good,7
PS3,Grand Slam Tennis 2 Review,Fair,6
X360,Grand Slam Tennis 2 Review,Fair,6
PC,Law & Order: Legacies Review,Mediocre,5
X360,The Darkness II Review,Good,7
PS3,The Darkness II Review,Good,7
PC,The Darkness II Review,Good,7
PS3,Kingdoms of Amalur: Reckoning Review,Good,7
X360,Kingdoms of Amalur: Reckoning Review,Good,7
X360,Double Fine Happy Action Theater Review,Good,7
PC,Oil Rush Review,Fair,6
PS3,Puddle Review,Fair,6
PS3,Call of Duty: Modern Warfare 3 Review,Great,8
DS,Flipper 2: Flush the Goldfish Review,Mediocre,5
X360,Puddle Review,Fair,6
PS3,NeverDead Review,Fair,6
X360,NeverDead Review,Fair,6
X360,SoulCalibur V Review,Good,7
PS3,SoulCalibur V Review,Good,7
PS3,Final Fantasy XIII-2 Review,Good,7
X360,Final Fantasy XIII-2 Review,Good,7
PC,Saints Row: The Third - Genki Bowl VII Review,Mediocre,5
X360,Haunt Review,Good,7
X360,Quarrel Review,Good,7
PS3,Zack Zero Review,Poor,4
X360,Saints Row: The Third - Genki Bowl VII Review,Mediocre,5
PS3,Saints Row: The Third - Genki Bowl VII Review,Mediocre,5
X360,Scarygirl Review,Fair,6
PC,Unstoppable Gorg Review,Good,7
X360,NFL Blitz Review,Good,7
PS3,Amy Review,Bad,3
X360,Full Auto Review,Fair,6
X360,Amy Review,Bad,3
PC,War of the Immortals Review,Poor,4
X360,Choplifter HD Review,Mediocre,5
PC,Postal III Review,Bad,3
DS,I Heart Geeks! Review,Mediocre,5
PS3,TNT Racers Review,Good,7
PC,Star Wars: The Old Republic Review,Great,8
PC,Grotesque Tactics 2: Dungeons & Donuts Review,Bad,3
DS,Modern Warfare 3: Defiance Review,Mediocre,5
PC,Fractal: Make Blooms Not War Review,Good,7
PS3,Sonic CD Review,Great,8
X360,All Zombies Must Die Review,Fair,6
X360,Trine 2 Review,Great,8
X360,Cartoon Network: Punch Time Explosion XL Review,Mediocre,5
PS3,Cartoon Network: Punch Time Explosion XL Review,Mediocre,5
PC,FlatOut 3: Chaos & Destruction Review,Mediocre,5
PC,Q.U.B.E. Review,Fair,6
PS3,Wanted Corp Review,Mediocre,5
X360,Sonic CD Review,Great,8
X360,Winter Stars Review,Poor,4
PC,SATAZIUS Review,Good,7
PC,Anno 2070 Review,Great,8
PC,3D Ultra Pinball Thrillride Review,Fair,6
X360,Kung-Fu High Impact Review,Bad,3
X360,Kinect: Disneyland Adventures Review,Fair,6
X360,Gears of War 3: RAAM's Shadow Review,Good,7
PC,Sword of the Stars II: Lords of Winter Review,Bad,3
DS,Fossil Fighters: Champions Review,Fair,6
PC,Trine 2 Review,Great,8
PC,Serious Sam 3: BFE Review,Fair,6
X360,WWE '12 Review,Fair,6
PC,Afterfall: Insanity Review,Fair,6
X360,Voltron: Defender of the Universe Review,Poor,4
X360,Scene It? Movie Night Review,Fair,6
PS3,Scene It? Movie Night Review,Fair,6
PC,Saints Row: The Third Review,Great,8
PC,Assassin's Creed: Revelations Review,Great,8
PC,The Book of Unwritten Tales Review,Great,8
PC,The Sims 3: Pets Review,Good,7
X360,The Sims 3: Pets Review,Fair,6
PS3,Tekken Hybrid Review,Mediocre,5
PC,Might & Magic Heroes VI Review,Great,8
PC,Frayed Knights: The Skull of S'makh-Daon Review,Fair,6
PC,Minecraft Review,Great,8
PS3,Lego Harry Potter: Years 5-7 Review,Great,8
PC,Stronghold 3 Review,Poor,4
X360,Lego Harry Potter: Years 5-7 Review,Great,8
PC,Xotic Review,Fair,6
X360,Xotic Review,Fair,6
PS3,The King of Fighters XIII Review,Great,8
X360,The King of Fighters XIII Review,Great,8
PC,L.A. Noire: The Complete Edition Review,Superb,9
PC,To the Moon Review,Great,8
PC,Sequence Review,Mediocre,5
PS3,Medieval Moves: Deadmund's Quest Review,Mediocre,5
X360,Raving Rabbids: Alive & Kicking Review,Poor,4
PS3,BurgerTime: World Tour Review,Mediocre,5
PC,Jurassic Park: The Game Review,Fair,6
PS3,Jurassic Park: The Game Review,Fair,6
PC,The Binding of Isaac Review,Great,8
DS,Aliens: Infestation Review,Great,8
X360,NCIS Review,Terrible,2
PS3,Need for Speed: The Run Review,Good,7
X360,Need for Speed: The Run Review,Good,7
X360,Halo: Combat Evolved Anniversary Review,Great,8
X360,Blackwater Review,Poor,4
PS3,The Elder Scrolls V: Skyrim Review,Superb,9
PS3,Rayman Origins Review,Great,8
X360,Rayman Origins Review,Great,8
PS3,Saints Row: The Third Review,Great,8
PS3,Ultimate Marvel vs. Capcom 3 Review,Great,8
X360,Ultimate Marvel vs. Capcom 3 Review,Great,8
X360,The War of the Worlds Review,Poor,4
X360,Assassin's Creed: Revelations Review,Great,8
PS3,Assassin's Creed: Revelations Review,Great,8
X360,Saints Row: The Third Review,Great,8
X360,Sonic Generations Review,Great,8
PS3,Sonic Generations Review,Great,8
X360,BurgerTime: World Tour Review,Mediocre,5
PS3,PixelJunk SideScroller Review,Fair,6
X360,Rocksmith Review,Great,8
X360,Kinect Joy Ride Review,Fair,6
PS3,The Adventures of Tintin: The Secret of the Unicorn Review,Mediocre,5
PC,The Elder Scrolls V: Skyrim Review,Superb,9
X360,The Elder Scrolls V: Skyrim Review,Superb,9
PC,Call of Duty: Modern Warfare 3 Review,Great,8
X360,MotionSports Adrenaline Review,Terrible,2
X360,Call of Duty: Modern Warfare 3 Review,Great,8
PC,Cities XL 2012 Review,Fair,6
PC,Dungeon Defenders Review,Fair,6
X360,Dungeon Defenders Review,Fair,6
X360,The Adventures of Tintin: The Secret of the Unicorn Review,Mediocre,5
PC,Payday: The Heist Review,Good,7
PS3,Payday: The Heist Review,Good,7
X360,The Lord of the Rings: War in the North Review,Fair,6
PS3,The Lord of the Rings: War in the North Review,Fair,6
X360,GoldenEye 007: Reloaded Review,Great,8
PS3,GoldenEye 007: Reloaded Review,Great,8
PS3,Dragon Ball Z: Ultimate Tenkaichi Review,Poor,4
X360,Dragon Ball Z: Ultimate Tenkaichi Review,Poor,4
PS3,Rune Factory: Tides of Destiny Review,Fair,6
X360,Disney Universe Review,Poor,4
PS3,Infamous: Festival of Blood Review,Good,7
PS3,Battlefield 3 Review,Great,8
PC,The Haunted: Hell's Reach Review,Mediocre,5
X360,Deus Ex: Human Revolution - The Missing Link Review,Good,7
PC,Battlefield 3 Review,Great,8
X360,Kinect Sports Season Two Review,Fair,6
DS,Professor Layton and the Last Specter Review,Great,8
PS3,Uncharted 3: Drake's Deception Review,Superb,9
PS3,Rocksmith Review,Great,8
PC,A Game of Thrones: Genesis Review,Mediocre,5
PC,Red Orchestra 2: Heroes of Stalingrad Review,Good,7
X360,Dance Central 2 Review,Great,8
PS3,Wallabies Rugby Challenge Review,Fair,6
X360,Wallabies Rugby Challenge Review,Fair,6
PS3,Sideway: New York Review,Good,7
X360,Skylanders: Spyro's Adventure Review,Good,7
X360,Sesame Street: Once Upon a Monster Review,Great,8
PS3,Rocketbirds: Hardboiled Chicken Review,Fair,6
PC,Football Manager 2012 Review,Great,8
PS3,Okabu Review,Good,7
PS3,Ratchet & Clank: All 4 One Review,Good,7
X360,Fallout: New Vegas - Lonesome Road Review,Fair,6
X360,Just Dance 3 Review,Great,8
PS3,Castlevania: Harmony of Despair Review,Good,7
PS3,WRC 2 Review,Mediocre,5
X360,WRC 2 Review,Mediocre,5
PC,Orcs Must Die! Review,Good,7
PC,Nuclear Dawn Review,Good,7
X360,Dragon Age II: Mark of the Assassin Review,Good,7
PS3,Dead Rising 2: Off the Record Review,Good,7
PS3,The Cursed Crusade Review,Bad,3
X360,The Cursed Crusade Review,Bad,3
X360,Dead Rising 2: Off the Record Review,Good,7
X360,Orcs Must Die! Review,Good,7
X360,Crysis Review,Great,8
PS3,Crysis Review,Great,8
X360,Ace Combat: Assault Horizon Review,Mediocre,5
PS3,Ace Combat: Assault Horizon Review,Mediocre,5
PC,FIFA 12 Review,Superb,9
X360,Worms Ultimate Mayhem Review,Fair,6
PS3,Spider-Man: Edge of Time Review,Fair,6
X360,Spider-Man: Edge of Time Review,Fair,6
PC,NBA 2K12 Review,Great,8
PC,Hector: Badge of Carnage - Episode 3 Review,Good,7
X360,Forza Motorsport 4 Review,Great,8
PS3,NBA 2K12 Review,Great,8
X360,NBA 2K12 Review,Great,8
PC,Rage Review,Good,7
PS3,Eufloria Review,Good,7
PS3,Rochard Review,Good,7
PS3,Mercury Hg Review,Good,7
X360,Mercury HG Review,Good,7
PS3,NBA Jam: On Fire Edition Review,Great,8
X360,NBA Jam: On Fire Edition Review,Great,8
X360,Rage Review,Great,8
PS3,Rage Review,Great,8
PS3,Dark Souls Review,Superb,9
X360,Dark Souls Review,Superb,9
PS3,X-Men: Destiny Review,Poor,4
X360,X-Men: Destiny Review,Poor,4
PC,Out of the Park Baseball 12 Review,Great,8
X360,Pro Evolution Soccer 2012 Review,Great,8
PS3,Pro Evolution Soccer 2012 Review,Great,8
DS,Harvest Moon: The Tale of Two Towns Review,Fair,6
PS3,FIFA 12 Review,Superb,9
X360,FIFA 12 Review,Superb,9
PS3,NHL 12 Review,Great,8
PS3,Child of Eden Review,Great,8
X360,Rotastic Review,Mediocre,5
PS3,F1 2011 Review,Good,7
PC,F1 2011 Review,Great,8
X360,Renegade Ops Review,Great,8
PS3,Renegade Ops Review,Great,8
PC,TrackMania 2: Canyon Review,Great,8
X360,NHL 12 Review,Great,8
PS3,Burnout Crash! Review,Good,7
X360,Burnout Crash! Review,Good,7
PC,Tiger Woods PGA Tour 12: The Masters Review,Mediocre,5
X360,Leedmees Review,Fair,6
DS,Kirby: Mass Attack Review,Great,8
X360,Radiant Silvergun Review,Great,8
DS,Dragon Quest Monsters: Joker 2 Review,Good,7
X360,F1 2011 Review,Great,8
PC,Call of Juarez: The Cartel Review,Mediocre,5
X360,Gears of War 3 Review,Superb,9
PC,Men of War: Vietnam Review,Mediocre,5
X360,SkyDrift Review,Good,7
PS3,SkyDrift Review,Good,7
X360,The Gunstringer Review,Great,8
PC,Hard Reset Review,Good,7
PC,Avadon: The Black Fortress Review,Good,7
X360,BloodRayne: Betrayal Review,Mediocre,5
PS3,BloodRayne: Betrayal Review,Mediocre,5
PC,Hector: Badge of Carnage - Episode 2: Senseless Acts of Justice Review,Good,7
PC,"Warhammer 40,000: Space Marine Review",Good,7
PS3,"Warhammer 40,000: Space Marine Review",Good,7
X360,"Warhammer 40,000: Space Marine Review",Good,7
X360,Crimson Alliance Review,Mediocre,5
PS3,Resistance 3 Review,Great,8
X360,Rise of Nightmares Review,Mediocre,5
X360,UFC Personal Trainer: The Ultimate Fitness System Review,Fair,6
PC,Dead Island Review,Good,7
PS3,Dead Island Review,Good,7
X360,Dead Island Review,Good,7
PC,Age of Empires Online Review,Fair,6
DS,Inazuma Eleven Review,Fair,6
PS3,Street Fighter III: Third Strike Online Review,Great,8
X360,Street Fighter III: Third Strike Online Review,Great,8
PC,Bastion Review,Great,8
X360,The Baconing Review,Fair,6
PS3,Splinter Cell Trilogy HD Review,Fair,6
PC,Achron Review,Fair,6
X360,Rock of Ages Review,Fair,6
PS3,Bodycount Review,Mediocre,5
X360,Bodycount Review,Mediocre,5
PC,King Arthur: Fallen Champions Review,Good,7
PS3,Driver: San Francisco Review,Great,8
PS3,Rugby World Cup 2011 Review,Poor,4
X360,Rugby World Cup 2011 Review,Poor,4
X360,Madden NFL 12 Review,Good,7
PS3,Madden NFL 12 Review,Good,7
X360,Driver: San Francisco Review,Great,8
X360,Hole in the Wall Review,Mediocre,5
PC,Deus Ex: Human Revolution Review,Great,8
X360,Deus Ex: Human Revolution Review,Great,8
PS3,Deus Ex: Human Revolution Review,Great,8
PC,From Dust Review,Good,7
PS3,El Shaddai: Ascension of the Metatron Review,Great,8
PC,International Cricket Captain 2011 Review,Fair,6
PC,Edge Review,Good,7
PC,Chantelise: A Tale of Two Sisters Review,Fair,6
X360,El Shaddai: Ascension of the Metatron Review,Great,8
X360,Zumba Fitness: Join the Party Review,Poor,4
X360,Toy Soldiers: Cold War Review,Great,8
X360,Red Faction: Armageddon - Path to War Review,Mediocre,5
PS3,Galaga Legions DX Review,Great,8
X360,Fruit Ninja Kinect Review,Fair,6
PS3,Fast Draw Showdown Review,Poor,4
PC,Trauma Review,Poor,4
PC,E.Y.E.: Divine Cybermancy Review,Good,7
PS3,PlayStation Move Ape Escape Review,Poor,4
PS3,"Warhammer 40,000: Kill Team Review",Fair,6
DS,Phineas and Ferb: Across the 2nd Dimension Review,Poor,4
PS3,Bleach: Soul Resurreccion Review,Mediocre,5
PC,Frozen Synapse Review,Great,8
PC,Pirates of Black Cove Review,Bad,3
PC,LIMBO Review,Superb,9
PC,Street Cleaning Simulator Review,Abysmal,1
PS3,Phineas and Ferb: Across the 2nd Dimension Review,Good,7
X360,Insanely Twisted Shadow Planet Review,Good,7
PS3,Deadliest Warrior: Legends Review,Poor,4
PS3,Section 8: Prejudice Review,Good,7
PC,Fallout: New Vegas - Old World Blues Review,Great,8
PS3,Dead Block Review,Poor,4
X360,Fallout: New Vegas - Old World Blues Review,Great,8
X360,Catherine Review,Great,8
PS3,Limbo Review,Superb,9
X360,Captain America: Super Soldier Review,Fair,6
PS3,Captain America: Super Soldier Review,Fair,6
PC,Panzer Corps Review,Great,8
X360,Bastion Review,Great,8
X360,"Warhammer 40,000: Kill Team Review",Fair,6
PS3,NCAA Football 12 Review,Good,7
X360,NCAA Football 12 Review,Good,7
PS3,"Harry Potter and the Deathly Hallows, Part 2 Review",Poor,4
X360,Ms. 'Splosion Man Review,Great,8
PS3,Akimi Village Review,Fair,6
DS,Solatorobo Review,Good,7
PC,"Harry Potter and the Deathly Hallows, Part 2 Review",Poor,4
X360,MLB Bobblehead Pros Review,Mediocre,5
X360,"Harry Potter and the Deathly Hallows, Part 2 Review",Poor,4
PC,Storm: Frontline Nation Review,Good,7
X360,Dead Block Review,Poor,4
PS3,Earth Defense Force: Insect Armageddon Review,Good,7
X360,Earth Defense Force: Insect Armageddon Review,Good,7
X360,Deadliest Warrior: Legends Review,Poor,4
PC,Gods & Heroes: Rome Rising Review,Mediocre,5
X360,Lucha Fury Review,Bad,3
PS3,Gatling Gears Review,Good,7
PS3,White Knight Chronicles II Review,Fair,6
X360,Half-Minute Hero: Super Mega Neo Climax Review,Good,7
PS3,Arcana Heart 3 Review,Good,7
PC,Puzzle Agent 2 Review,Fair,6
X360,The Adventures of Shuggy Review,Great,8
X360,Galaga Legions DX Review,Great,8
PS3,Super Street Fighter IV Arcade Edition Review,Good,7
X360,Super Street Fighter IV Arcade Edition Review,Good,7
X360,Backbreaker: Vengeance Review,Fair,6
X360,Cars 2 Review,Good,7
PS3,Cars 2 Review,Good,7
PC,Jamestown: Legend of the Lost Colony Review,Great,8
PC,Magic: the Gathering Duels of the Planeswalkers 2012 Review,Good,7
X360,Magic: the Gathering Duels of the Planeswalkers 2012 Review,Fair,6
PS3,Magic: the Gathering Duels of the Planeswalkers 2012 Review,Fair,6
X360,The First Templar Review,Good,7
PC,The Sims 3: Generations Review,Fair,6
PS3,Outland Review,Superb,9
PC,F.E.A.R. 3 Review,Good,7
PS3,F.E.A.R. 3 Review,Good,7
PC,Gemini Rue Review,Good,7
X360,Trenched Review,Great,8
X360,F.E.A.R. 3 Review,Good,7
PS3,Shadows of the Damned Review,Great,8
X360,Shadows of the Damned Review,Great,8
PC,Dungeon Siege III Review,Fair,6
X360,Dungeon Siege III Review,Fair,6
PS3,Dungeon Siege III Review,Fair,6
X360,Green Lantern: Rise of the Manhunters Review,Fair,6
PS3,Duke Nukem Forever Review,Bad,3
PS3,Transformers: Dark of the Moon Review,Mediocre,5
X360,Transformers: Dark of the Moon Review,Mediocre,5
PS3,Wizardry: Labyrinth of Lost Souls Review,Good,7
PS3,Fallout: New Vegas - Honest Hearts Review,Good,7
X360,Duke Nukem Forever Review,Bad,3
PC,Duke Nukem Forever Review,Bad,3
PS3,Under Siege Review,Good,7
PS3,Red Johnson's Chronicles Review,Fair,6
PC,Alice: Madness Returns Review,Good,7
X360,Child of Eden Review,Great,8
X360,Alice: Madness Returns Review,Good,7
PS3,Alice: Madness Returns Review,Good,7
PS3,Hunted: The Demon's Forge Review,Mediocre,5
PS3,Infamous 2 Review,Good,7
X360,Hunted: The Demon's Forge Review,Mediocre,5
PC,Hunted: The Demon's Forge Review,Poor,4
PS3,Dirt 3 Review,Superb,9
PS3,Red Faction: Armageddon Review,Great,8
X360,Red Faction: Armageddon Review,Great,8
PC,DiRT 3 Review,Superb,9
X360,Dungeons & Dragons: Daggerdale Review,Poor,4
PC,Fallout: New Vegas - Honest Hearts Review,Good,7
PC,Lego Pirates of the Caribbean: The Video Game Review,Fair,6
X360,Fallout: New Vegas - Honest Hearts Review,Good,7
X360,Kung Fu Panda 2: The Video Game Review,Bad,3
PC,Faery: Legends of Avalon Review,Poor,4
PC,The Witcher 2: Assassins of Kings Review,Superb,9
X360,DiRT 3 Review,Superb,9
PS3,AFL Live Review,Fair,6
PC,Fable III Review,Good,7
X360,Sega Rally Online Arcade Review,Good,7
PC,The First Templar Review,Good,7
X360,Star Raiders Review,Bad,3
PS3,Virtua Tennis 4 Review,Mediocre,5
X360,Virtua Tennis 4 Review,Mediocre,5
PS3,MX vs. ATV Alive Review,Fair,6
X360,MX vs. ATV Alive Review,Fair,6
PS3,Brink Review,Fair,6
PS3,L.A. Noire Review,Superb,9
X360,L.A. Noire Review,Superb,9
X360,AFL Live Review,Fair,6
PC,Hydrophobia Prophecy Review,Good,7
PC,Mount & Blade: With Fire & Sword Review,Good,7
X360,Gatling Gears Review,Good,7
PC,Garshasp: The Monster Slayer Review,Mediocre,5
X360,Hydrophobia Review,Fair,6
PC,Brink Review,Fair,6
PS3,Back to the Future: The Game - Episode 1: It's About Time Review,Good,7
X360,SBK 2011 Review,Great,8
DS,Lego Pirates of the Caribbean: The Video Game Review,Fair,6
X360,Brink Review,Fair,6
PS3,Lego Pirates of the Caribbean: The Video Game Review,Fair,6
X360,Lego Pirates of the Caribbean: The Video Game Review,Fair,6
X360,Bangai-O HD: Missile Fury Review,Good,7
PS3,Thor: God of Thunder Review,Terrible,2
X360,Thor: God of Thunder Review,Terrible,2
PC,Hector: Badge of Carnage - Episode 1: We Negotiate With Terrorists Review,Great,8
DS,Thor: God of Thunder Review,Mediocre,5
PC,Black Mirror III Review,Mediocre,5
PC,Sanctum Review,Good,7
X360,Operation Flashpoint: Red River Review,Fair,6
PS3,Operation Flashpoint: Red River Review,Fair,6
PC,Operation Flashpoint: Red River Review,Fair,6
PC,Capsized Review,Great,8
PC,Section 8: Prejudice Review,Good,7
PC,Your Doodles Are Bugged Review,Good,7
PC,Men of War: Assault Squad Review,Great,8
PC,Darkspore Review,Good,7
X360,Nin2-Jump Review,Good,7
X360,Outland Review,Superb,9
PC,Cargo: The Quest for Gravity Review,Mediocre,5
X360,The Fancy Pants Adventures Review,Good,7
X360,Yar's Revenge Review,Mediocre,5
PC,The Next Big Thing Review,Fair,6
PS3,Dungeon Hunter: Alliance Review,Good,7
X360,WSC Real 11: World Snooker Championship Review,Good,7
PS3,WSC Real 11: World Snooker Championship Review,Good,7
PS3,Michael Jackson: The Experience Review,Good,7
X360,Section 8: Prejudice Review,Good,7
X360,Mortal Kombat Review,Great,8
PS3,Mortal Kombat Review,Great,8
PC,Portal 2 Review,Superb,9
PS3,Portal 2 Review,Superb,9
X360,Portal 2 Review,Superb,9
PC,Magicka: Vietnam Review,Mediocre,5
PC,Anomaly: Warzone Earth Review,Great,8
PC,IL-2 Sturmovik: Cliffs of Dover Review,Poor,4
PS3,Stardrone Review,Fair,6
X360,Rio Review,Fair,6
X360,Might & Magic: Clash of Heroes Review,Great,8
PS3,Might & Magic: Clash of Heroes Review,Great,8
PS3,SOCOM 4: U.S. Navy SEALs Review,Good,7
X360,Michael Jackson: The Experience Review,Fair,6
PC,The Sims Medieval Review,Fair,6
PS3,Red Faction: Battlegrounds Review,Mediocre,5
PC,Shadow Harvest: Phantom Ops Review,Terrible,2
PS3,Stacking: The Lost Hobo King Review,Fair,6
X360,Stacking: The Lost Hobo King Review,Fair,6
PS3,Moon Diver Review,Fair,6
X360,Strania Review,Fair,6
X360,Islands of Wakfu Review,Mediocre,5
X360,The Dishwasher: Vampire Smile Review,Superb,9
PS3,PlayStation Move Heroes Review,Poor,4
DS,Monster Tale Review,Great,8
X360,NASCAR 2011: The Game Review,Fair,6
PS3,NASCAR 2011: The Game Review,Fair,6
X360,WWE All Stars Review,Good,7
PS3,WWE All Stars Review,Good,7
PS3,Tiger Woods PGA Tour 12: The Masters Review,Great,8
X360,Tiger Woods PGA Tour 12: The Masters Review,Great,8
PS3,Shift 2: Unleashed Review,Good,7
X360,Shift 2: Unleashed Review,Good,7
X360,Lego Star Wars III: The Clone Wars Review,Fair,6
PS3,Lego Star Wars III: The Clone Wars Review,Fair,6
PC,Lego Star Wars III: The Clone Wars Review,Fair,6
PS3,Swarm Review,Good,7
PC,Mass Effect 2: Arrival Review,Mediocre,5
X360,Swarm Review,Good,7
X360,Mass Effect 2: Arrival Review,Mediocre,5
X360,Ghostbusters: Sanctum of Slime Review,Poor,4
PS3,Ghostbusters: Sanctum of Slime Review,Mediocre,5
PC,Ghostbusters: Sanctum of Slime Review,Poor,4
PC,Assassin's Creed: Brotherhood Review,Great,8
PC,Post Apocalyptic Mayhem Review,Bad,3
PS3,Hard Corps: Uprising Review,Good,7
PS3,MotorStorm: Apocalypse Review,Great,8
PS3,Crysis 2 Review,Great,8
PS3,Slam Bolt Scrappers Review,Fair,6
PC,Crysis 2 Review,Great,8
PS3,Top Spin 4 Review,Superb,9
X360,Top Spin 4 Review,Superb,9
PC,Rift Review,Great,8
X360,Crysis 2 Review,Great,8
PS3,Yakuza 4 Review,Great,8
X360,Battle: Los Angeles Review,Bad,3
PS3,MotoGP 10/11 Review,Fair,6
X360,MotoGP 10/11 Review,Fair,6
PC,Shogun 2: Total War Review,Superb,9
X360,Major League Baseball 2K11 Review,Good,7
PS3,Major League Baseball 2K11 Review,Good,7
X360,Homefront Review,Good,7
PS3,Homefront Review,Good,7
PC,Homefront Review,Good,7
PS3,MLB 11: The Show Review,Great,8
DS,Okamiden Review,Good,7
X360,Full House Poker Review,Good,7
DS,Dragon Quest VI: Realms of Revelation Review,Good,7
PC,Back to the Future: The Game - Episode II: Get Tannen! Review,Good,7
PC,Dragon Age II Review,Great,8
X360,Dragon Age II Review,Great,8
PS3,Dragon Age II Review,Great,8
PC,"Warhammer 40,000: Dawn of War II - Retribution Review",Great,8
X360,Fable III: Traitor's Keep Quest Pack Review,Good,7
X360,Torchlight Review,Great,8
DS,Pokemon Black Review,Good,7
DS,Pokemon White Review,Good,7
X360,Rango: The Video Game Review,Good,7
PS3,Rango: The Video Game Review,Good,7
X360,Dead Space 2: Severed Review,Good,7
PS3,Dead Space 2: Severed Review,Good,7
PC,Cities in Motion Review,Good,7
PS3,Acceleration of Suguri X Edition Review,Good,7
PS3,Fight Night Round 4 Review,Great,8
PS3,PixelJunk Shooter 2 Review,Good,7
PS3,Hyperdimension Neptunia Review,Bad,3
PS3,Fallout: New Vegas - Dead Money Review,Fair,6
X360,Fight Night Champion Review,Great,8
PS3,Fight Night Champion Review,Great,8
PS3,PixelJunk Shooter Review,Great,8
PC,Gray Matter Review,Good,7
X360,Gray Matter Review,Fair,6
PS3,Knights Contract Review,Fair,6
X360,Knights Contract Review,Fair,6
DS,de Blob 2 Review,Good,7
PS3,de Blob 2 Review,Good,7
X360,de Blob 2 Review,Good,7
PC,Fallout: New Vegas - Dead Money Review,Fair,6
PS3,Bulletstorm Review,Great,8
X360,Bulletstorm Review,Great,8
PC,Bulletstorm Review,Great,8
DS,Radiant Historia Review,Great,8
PS3,Trinity: Souls of Zill O'll Review,Fair,6
PS3,Tales from Space: About a Blob Review,Fair,6
X360,TNT Racers Review,Good,7
X360,Test Drive Unlimited 2 Review,Good,7
X360,Marvel vs. Capcom 3: Fate of Two Worlds Review,Great,8
PS3,Marvel vs. Capcom 3: Fate of Two Worlds Review,Great,8
X360,Hard Corps: Uprising Review,Good,7
PS3,Explodemon Review,Good,7
X360,Body and Brain Connection Review,Fair,6
PC,You Don't Know Jack (2011) Review,Good,7
PS3,You Don't Know Jack Review,Great,8
X360,You Don't Know Jack Review,Great,8
PS3,Stacking Review,Great,8
X360,Stacking Review,Great,8
DS,Naruto Shippuden: Shinobi Rumble Review,Poor,4
PC,Dungeons Review,Mediocre,5
PS3,Bionic Commando Rearmed 2 Review,Mediocre,5
X360,Bionic Commando Rearmed 2 Review,Mediocre,5
PC,Majesty 2: Monster Kingdom Review,Good,7
PS3,Killzone 3 Review,Great,8
PS3,Two Worlds II Review,Good,7
PC,Jolly Rover Review,Good,7
PC,Two Worlds II Review,Good,7
X360,Two Worlds II Review,Good,7
PC,Magicka Review,Good,7
PC,Breach Review,Fair,6
X360,Breach Review,Fair,6
PC,Monday Night Combat Review,Great,8
PC,Emergency 2012 Review,Poor,4
X360,Monday Night Combat Review,Great,8
PC,Venetica Review,Fair,6
PC,Dead Space 2 Review,Great,8
X360,Mindjack Review,Mediocre,5
PS3,Mindjack Review,Mediocre,5
PS3,Venetica Review,Mediocre,5
X360,Venetica Review,Mediocre,5
PS3,Spare Parts Review,Poor,4
X360,Spare Parts Review,Poor,4
PC,DC Universe Online Review,Good,7
PS3,Dead Space 2 Review,Superb,9
PS3,DC Universe Online Review,Good,7
X360,Dead Space 2 Review,Great,8
PS3,Modern Combat: Domination Review,Good,7
X360,Zeit 2 Review,Great,8
PC,Zeit 2 Review,Great,8
DS,Plants vs. Zombies Review,Great,8
PC,Create Review,Fair,6
X360,Create Review,Fair,6
PS3,Mass Effect 2 Review,Great,8
PS3,Little Big Planet 2 Review,Superb,9
PS3,Tetris Review,Good,7
DS,Kingdom Hearts Re:coded Review,Fair,6
DS,Ghost Trick: Phantom Detective Review,Superb,9
PS3,MicroBot Review,Fair,6
X360,MicroBot Review,Fair,6
X360,BioShock 2: Minerva's Den Review,Great,8
PS3,BioShock 2: Minerva's Den Review,Great,8
X360,Ilomilo Review,Good,7
X360,A World of Keflings Review,Good,7
X360,Fallout: New Vegas - Dead Money Review,Fair,6
PC,Back to the Future: The Game - Episode I Review,Good,7
X360,Dead Rising 2: Case West Review,Good,7
X360,Raskulls Review,Fair,6
PS3,Echochrome II Review,Good,7
PS3,The Deadliest Catch: Sea of Chaos Review,Bad,3
X360,The Deadliest Catch: Sea of Chaos Review,Bad,3
PS3,Eat Them Review,Fair,6
X360,Battlefield: Bad Company 2 Vietnam Review,Great,8
PC,Battlefield: Bad Company 2 Vietnam Review,Great,8
DS,Rock Band 3 Review,Good,7
PC,World of Warcraft: Cataclysm Review,Great,8
X360,Bomberman Live: Battlefest Review,Fair,6
X360,Star Wars: The Force Unleashed II: Endor Bonus Mission Review,Fair,6
PS3,Funky Lab Rat Review,Fair,6
PC,The Sims 3: Late Night Expansion Pack Review,Good,7
X360,Tron: Evolution Review,Good,7
PS3,Tron: Evolution Review,Good,7
PS3,Kung-Fu Live Review,Poor,4
PC,Super Meat Boy Review,Superb,9
X360,Adrenalin Misfits Review,Mediocre,5
PC,Bejeweled 3 Review,Good,7
X360,Unbound Saga Review,Poor,4
PC,Majesty 2: Battles of Ardania Review,Poor,4
X360,Cabela's Dangerous Hunts 2011 Review,Fair,6
PS3,Cabela's Dangerous Hunts 2011 Review,Fair,6
DS,"Nine Hours, Nine Persons, Nine Doors Review",Great,8
PS3,PDC World Championship Darts Pro Tour Review,Good,7
DS,Golden Sun: Dark Dawn Review,Good,7
PS3,Nail'd Review,Mediocre,5
X360,Nail'd Review,Mediocre,5
PC,Dead Rising 2 Review,Great,8
DS,Call of Duty: Black Ops Review,Great,8
PS3,Dead Nation Review,Good,7
X360,Get Fit with Mel B Review,Mediocre,5
PC,Mafia II: Joe's Adventures Review,Fair,6
X360,Mafia II: Joe's Adventures Review,Fair,6
PS3,Gran Turismo 5 Review,Great,8
X360,Splatterhouse Review,Poor,4
PS3,Splatterhouse Review,Poor,4
PS3,Pac-Man Championship Edition DX Review,Superb,9
X360,Deca Sports Freedom Review,Bad,3
X360,Majin and the Forsaken Kingdom Review,Good,7
PS3,Majin and the Forsaken Kingdom Review,Good,7
DS,Sonic Colours Review,Great,8
PS3,Apache: Air Assault Review,Good,7
X360,Apache: Air Assault Review,Good,7
X360,Pac-Man Championship Edition DX Review,Superb,9
X360,Harry Potter and the Deathly Hallows Part 1 Review,Mediocre,5
PS3,Harry Potter and the Deathly Hallows Part 1 Review,Mediocre,5
X360,Dance Paradise Review,Good,7
PS3,NBA Jam Review,Good,7
X360,NBA Jam Review,Good,7
X360,MotionSports Review,Bad,3
X360,Need for Speed: Hot Pursuit Review,Great,8
PS3,Need for Speed: Hot Pursuit Review,Great,8
X360,Monopoly Streets Review,Fair,6
PS3,Monopoly Streets Review,Fair,6
X360,DanceMasters Review,Fair,6
PS3,Assassin's Creed: Brotherhood Review,Great,8
X360,Assassin's Creed: Brotherhood Review,Great,8
X360,The UnderGarden Review,Great,8
PC,The Ball Review,Mediocre,5
X360,Faery: Legends of Avalon Review,Poor,4
DS,Mario vs. Donkey Kong: Mini-Land Mayhem Review,Great,8
X360,Fighters Uncaged Review,Terrible,2
PC,Football Manager 2011 Review,Great,8
PS3,Hoard Review,Good,7
X360,Sonic Free Riders Review,Poor,4
PS3,Call of Duty: Black Ops Review,Superb,9
X360,Call of Duty: Black Ops Review,Superb,9
PC,Call of Duty: Black Ops Review,Superb,9
X360,Kinect Adventures! Review,Good,7
X360,Your Shape: Fitness Evolved Review,Good,7
X360,Dragon Ball: Raging Blast 2 Review,Mediocre,5
PS3,Dragon Ball: Raging Blast 2 Review,Mediocre,5
X360,Bloody Good Time Review,Fair,6
PS3,The Fight: Lights Out Review,Mediocre,5
X360,Dance Central Review,Great,8
X360,Pinball FX 2 Review,Great,8
X360,Kinectimals Review,Good,7
X360,Kinect Sports Review,Good,7
X360,Haunted House Review,Mediocre,5
PC,James Bond 007: Blood Stone Review,Good,7
PS3,Dead Space Ignition Review,Poor,4
PS3,James Bond 007: Blood Stone Review,Good,7
X360,James Bond 007: Blood Stone Review,Good,7
X360,Lucha Libre AAA: Heroes del Ring Review,Mediocre,5
PS3,Lucha Libre AAA: Heroes del Ring Review,Mediocre,5
X360,Dead Space Ignition Review,Poor,4
PS3,WWE SmackDown vs. Raw 2011 Review,Good,7
X360,WWE SmackDown vs. Raw 2011 Review,Good,7
PS3,TV Superstars Review,Fair,6
X360,Shaun White Skateboarding Review,Fair,6
X360,Red Dead Redemption: Undead Nightmare Pack Review,Great,8
PS3,The Shoot Review,Fair,6
PC,Star Wars: The Force Unleashed II Review,Mediocre,5
X360,Rock Band 3 Review,Superb,9
X360,Naruto Shippuden: Ultimate Ninja Storm 2 Review,Good,7
PS3,Naruto Shippuden: Ultimate Ninja Storm 2 Review,Good,7
X360,Fable III Review,Good,7
X360,Star Wars: The Force Unleashed II Review,Fair,6
PS3,Star Wars: The Force Unleashed II Review,Fair,6
PS3,Time Crisis: Razing Storm Review,Fair,6
X360,The Sims 3 Review,Good,7
PS3,The Sims 3 Review,Good,7
X360,DJ Hero 2 Review,Great,8
PC,Lionheart: Kings' Crusade Review,Good,7
PS3,John Daly's ProStroke Golf Review,Fair,6
PC,Fallout: New Vegas Review,Great,8
X360,Costume Quest Review,Good,7
PS3,Costume Quest Review,Good,7
X360,EA Sports MMA Review,Good,7
PS3,EA Sports MMA Review,Good,7
PS3,Sengoku Basara: Samurai Heroes Review,Poor,4
X360,Super Meat Boy Review,Superb,9
PS3,Fallout: New Vegas Review,Good,7
X360,Fallout: New Vegas Review,Good,7
PC,Lost Planet 2 Review,Good,7
X360,Vanquish Review,Superb,9
PS3,Vanquish Review,Superb,9
PS3,Atelier Rorona: The Alchemist of Arland Review,Fair,6
X360,Arcania: Gothic 4 Review,Mediocre,5
PS3,Sonic the Hedgehog 4: Episode 1 Review,Fair,6
X360,Sonic the Hedgehog 4: Episode 1 Review,Fair,6
DS,Final Fantasy: The 4 Heroes of Light Review,Good,7
DS,Super Scribblenauts Review,Fair,6
PC,Medal of Honor Review,Good,7
PS3,Medal of Honor Review,Good,7
X360,Medal of Honor Review,Good,7
X360,WRC: FIA World Rally Championship Review,Fair,6
PS3,WRC: FIA World Rally Championship Review,Fair,6
X360,Serious Sam HD: The Second Encounter Review,Good,7
PS3,Def Jam Rapstar Review,Good,7
X360,Def Jam Rapstar Review,Good,7
X360,MorphX Review,Poor,4
X360,MySims SkyHeroes Review,Poor,4
PS3,MySims SkyHeroes Review,Poor,4
X360,Quantum Theory Review,Poor,4
X360,Toy Soldiers: Invasion Review,Great,8
PC,Final Fantasy XIV Online Review,Poor,4
X360,NBA 2K11 Review,Great,8
PS3,NBA 2K11 Review,Great,8
PC,Patrician IV Review,Fair,6
PS3,Swords & Soldiers Review,Great,8
X360,Front Mission Evolved Review,Mediocre,5
PS3,Front Mission Evolved Review,Mediocre,5
X360,Pro Evolution Soccer 2011 Review,Great,8
PS3,Pro Evolution Soccer 2011 Review,Great,8
X360,Comic Jumper Review,Great,8
PS3,Brunswick Pro Bowling Review,Mediocre,5
X360,Guitar Hero: Warriors of Rock Review,Good,7
X360,Blade Kitten Review,Mediocre,5
PC,Blade Kitten Review,Poor,4
PS3,FIFA 11 Review,Superb,9
X360,FIFA 11 Review,Superb,9
X360,Enslaved: Odyssey to the West Review,Great,8
DS,Etrian Odyssey III: The Drowned City Review,Good,7
PC,Amnesia: The Dark Descent Review,Great,8
PC,Lara Croft and the Guardian of Light Review,Great,8
PS3,Lara Croft and the Guardian of Light Review,Great,8
PS3,Flight Control HD Review,Great,8
X360,Borderlands: Claptrap's New Robot Revolution Review,Good,7
X360,Castlevania: Lords of Shadow Review,Good,7
PS3,Castlevania: Lords of Shadow Review,Good,7
PC,Darksiders Review,Great,8
PS3,Blade Kitten Review,Mediocre,5
PS3,Dead Rising 2 Review,Great,8
X360,Dead Rising 2 Review,Great,8
X360,F1 2010 Review,Good,7
PS3,F1 2010 Review,Good,7
PS3,Spider-Man: Shattered Dimensions Review,Good,7
PS3,Tumble Review,Great,8
PS3,Space Invaders: Infinity Gene Review,Great,8
X360,Space Invaders: Infinity Gene Review,Great,8
PC,King's Bounty: Crossworlds Review,Great,8
PS3,DeathSpank: Thongs of Virtue Review,Good,7
X360,Legend of the Guardians: The Owls of Ga'Hoole Review,Fair,6
PS3,Legend of the Guardians: The Owls of Ga'Hoole Review,Fair,6
PS3,Racquet Sports Review,Poor,4
PC,Mafia II: Jimmy's Vendetta Review,Fair,6
X360,Mafia II: Jimmy's Vendetta Review,Fair,6
PS3,TerRover Review,Bad,3
X360,Halo: Reach Review,Superb,9
X360,Plants vs. Zombies Review,Great,8
PC,R.U.S.E. Review,Good,7
X360,R.U.S.E. Review,Good,7
PS3,R.U.S.E. Review,Good,7
DS,Professor Layton and the Unwound Future Review,Great,8
X360,Tom Clancy's HAWX 2 Review,Good,7
PS3,Tom Clancy's HAWX 2 Review,Good,7
PS3,EyePet (Move Edition) Review,Fair,6
PC,Mass Effect 2: Lair of the Shadow Broker Review,Great,8
X360,Mass Effect 2: Lair of the Shadow Broker Review,Great,8
PS3,Castle Crashers Review,Great,8
DS,Batman: The Brave and the Bold - The Videogame Review,Good,7
X360,Spider-Man: Shattered Dimensions Review,Good,7
PS3,NHL 11 Review,Superb,9
X360,NHL 11 Review,Superb,9
PS3,Start the Party Review,Fair,6
PS3,Rugby League Live Review,Poor,4
X360,Rugby League Live Review,Poor,4
PC,Elemental: War of Magic Review,Poor,4
PS3,Kung Fu Rider Review,Poor,4
PS3,Sports Champions Review,Good,7
PC,Razor 2: Hidden Skies Review,Mediocre,5
X360,Dead Rising 2: Case Zero Review,Great,8
PC,Worms Reloaded Review,Great,8
X360,Scott Pilgrim vs. the World Review,Fair,6
X360,Shank Review,Fair,6
PS3,Shank Review,Fair,6
PS3,Top Gun Review,Fair,6
PC,Mafia II Review,Great,8
PS3,Mafia II Review,Great,8
X360,Mafia II Review,Great,8
PC,Puzzle Quest 2 Review,Great,8
DS,Monster Rancher DS Review,Fair,6
X360,Lara Croft and the Guardian of Light Review,Great,8
PC,Victoria II Review,Good,7
PS3,Kane & Lynch 2: Dog Days Review,Fair,6
X360,Kane & Lynch 2: Dog Days Review,Fair,6
PC,Kane & Lynch 2: Dog Days Review,Fair,6
PC,Commander: Conquest of the Americas Review,Fair,6
PS3,Scott Pilgrim vs. the World Review,Fair,6
X360,Madden NFL 11 Review,Great,8
PS3,Madden NFL 11 Review,Great,8
PC,Alter Ego Review,Bad,3
PS3,Gravity Crash Review,Great,8
PC,Disciples III: Renaissance Review,Mediocre,5
X360,Castlevania: Harmony of Despair Review,Good,7
PC,Starcraft II: Wings of Liberty Review,Superb,9
X360,Deathsmiles Review,Great,8
DS,Despicable Me: Minion Mayhem Review,Fair,6
PS3,BlazBlue: Continuum Shift Review,Great,8
X360,BlazBlue: Continuum Shift Review,Great,8
PS3,Clash of the Titans Review,Poor,4
X360,Clash of the Titans Review,Poor,4
PS3,Catan Review,Good,7
X360,Alan Wake: The Signal Review,Good,7
X360,Hydro Thunder Hurricane Review,Great,8
PS3,Death Track: Resurrection Review,Poor,4
PC,Turba Review,Good,7
PC,Blacklight: Tango Down Review,Fair,6
DS,Lego Harry Potter: Years 1-4 Review,Great,8
PC,Rhythm Zone Review,Poor,4
PC,Prince of Persia: The Forgotten Sands Review,Good,7
X360,Little League World Series Baseball 2010 Review,Mediocre,5
PS3,Little League World Series Baseball 2010 Review,Mediocre,5
X360,Deadliest Warrior: The Game Review,Fair,6
X360,DarkStar One: Broken Alliance Review,Good,7
PS3,Landit Bandit Review,Mediocre,5
X360,Sniper: Ghost Warrior Review,Fair,6
PS3,DeathSpank Review,Great,8
X360,DeathSpank Review,Great,8
PC,ArmA II: Operation Arrowhead Review,Great,8
X360,Blacklight: Tango Down Review,Good,7
DS,Dragon Quest IX: Sentinels of the Starry Skies Review,Great,8
PC,Dragon Age: Origins - Leliana's Song Review,Good,7
X360,Ancients of Ooga Review,Good,7
PS3,NCAA Football 11 Review,Great,8
PS3,NCAA Football 10 Review,Great,8
PS3,International Cricket 2010 Review,Mediocre,5
X360,NCAA Football 11 Review,Great,8
X360,N3II: Ninety-Nine Nights Review,Bad,3
PC,APB Review,Fair,6
PS3,Monkey Island 2 Special Edition: LeChuck's Revenge Review,Great,8
X360,Monkey Island 2 Special Edition: LeChuck's Revenge Review,Great,8
PC,Monkey Island 2 Special Edition: LeChuck's Revenge Review,Great,8
PC,Sniper: Ghost Warrior Review,Mediocre,5
PC,Age of Conan: Rise of the Godslayer Review,Great,8
X360,International Cricket 2010 Review,Mediocre,5
PS3,Pure Football Review,Poor,4
PC,Transformers: War for Cybertron Review,Fair,6
DS,Blue Dragon: Awakened Shadow Review,Good,7
DS,Tetris Party Deluxe Review,Good,7
DS,Dragon Ball: Origins 2 Review,Mediocre,5
X360,Pure Football Review,Poor,4
PS3,Singularity Review,Great,8
X360,Crackdown 2 Review,Good,7
X360,Puzzle Quest 2 Review,Great,8
PC,Puzzle Agent Review,Fair,6
PC,Making History II: The War of the World Review,Poor,4
PC,LEGO Harry Potter: Years 1-4 Review,Great,8
PS3,Naughty Bear Review,Mediocre,5
DS,Jam With the Band Review,Poor,4
PC,Singularity Review,Great,8
X360,Space Ark Review,Fair,6
PC,Mass Effect 2: Overlord Review,Great,8
X360,Mass Effect 2: Overlord Review,Great,8
PS3,Tales of Monkey Island Review,Great,8
DS,Monster Racers Review,Good,7
DS,Puzzle Quest 2 Review,Good,7
X360,Naughty Bear Review,Mediocre,5
X360,Singularity Review,Great,8
PS3,Trinity Universe Review,Good,7
X360,Earthworm Jim HD Review,Fair,6
X360,Risk: Factions Review,Fair,6
PS3,LEGO Harry Potter: Years 1-4 Review,Great,8
X360,Transformers: War for Cybertron Review,Fair,6
PS3,Toy Story 3 Review,Good,7
X360,Toy Story 3 Review,Good,7
PS3,Green Day: Rock Band Review,Good,7
X360,Green Day: Rock Band Review,Good,7
PS3,Joe Danger Review,Great,8
X360,Tiger Woods PGA Tour 11 Review,Great,8
PS3,Tiger Woods PGA Tour 11 Review,Great,8
PC,Plain Sight Review,Great,8
PS,Who Wants to Be a Millionaire Second Edition Review,Poor,4
PC,The Sims 3: Ambitions Review,Great,8
X360,Snoopy Flying Ace Review,Great,8
PC,Tom Clancy's Splinter Cell: Conviction - Deniable Ops Insurgency Pack Review,Good,7
PS3,Planet Minigolf Review,Good,7
X360,Record of Agarest War Review,Good,7
PS3,Record of Agarest War Review,Good,7
X360,Voodoo Dice Review,Mediocre,5
X360,Backbreaker Review,Mediocre,5
PS3,Backbreaker Review,Mediocre,5
X360,Tom Clancy's Splinter Cell: Conviction - Deniable Ops Insurgency Pack Review,Great,8
PC,Runaway: A Twist of Fate Review,Fair,6
X360,Doom II Review,Fair,6
PC,Tropico 3: Absolute Power Review,Great,8
PC,Alpha Protocol Review,Fair,6
X360,Alpha Protocol Review,Fair,6
PS3,Alpha Protocol Review,Fair,6
X360,Aqua Review,Mediocre,5
X360,Metal Slug XX Review,Fair,6
PC,Blur Review,Great,8
X360,UFC 2010 Undisputed Review,Great,8
PS3,UFC 2010 Undisputed Review,Great,8
PS3,Dark Void Review,Fair,6
PS3,ModNation Racers Review,Great,8
PC,Guns of Icarus Review,Poor,4
X360,Blur Review,Great,8
PS3,Blur Review,Great,8
PS3,Rocket Knight Review,Great,8
PC,Sherlock Holmes: The Mystery of the Persian Carpet Review,Fair,6
X360,Sherlock Holmes vs. Jack the Ripper Review,Fair,6
X360,Zeno Clash: Ultimate Edition Review,Fair,6
X360,Things on Wheels Review,Mediocre,5
X360,Rocket Knight Review,Great,8
PS3,Red Dead Redemption Review,Superb,9
X360,Red Dead Redemption Review,Superb,9
DS,Dementium II Review,Great,8
PS3,Prince of Persia: The Forgotten Sands Review,Good,7
X360,Prince of Persia: The Forgotten Sands Review,Good,7
PC,Split/Second Review,Good,7
PS3,Split/Second Review,Good,7
X360,Split/Second Review,Good,7
X360,Raystorm HD Review,Poor,4
X360,Skate 3 Review,Good,7
PS3,Skate 3 Review,Good,7
PS3,Lead and Gold: Gangs of the Wild West Review,Good,7
X360,Lost Planet 2 Review,Mediocre,5
PS3,Lost Planet 2 Review,Mediocre,5
X360,Iron Man 2 Review,Poor,4
PS3,Kick-Ass Review,Poor,4
PS3,Hyperballoid HD Review,Mediocre,5
X360,Alan Wake Review,Great,8
PC,The Whispered World Review,Mediocre,5
PS3,Heavy Rain Chronicles Episode 1: The Taxidermist Review,Mediocre,5
DS,Picross 3D Review,Great,8
PC,Serious Sam HD: The Second Encounter Review,Good,7
X360,Tecmo Bowl Throwback Review,Good,7
X360,NIER Review,Mediocre,5
PS3,NIER Review,Mediocre,5
PS3,Dante's Inferno: Trials of St. Lucia Review,Mediocre,5
X360,Left 4 Dead 2: The Passing Review,Good,7
PS3,3D Dot Game Heroes Review,Good,7
X360,Dead to Rights: Retribution Review,Good,7
PS3,Dead to Rights: Retribution Review,Good,7
PC,Tom Clancy's Splinter Cell: Conviction Review,Fair,6
X360,Super Street Fighter IV Review,Superb,9
PS3,2010 FIFA World Cup South Africa Review,Great,8
X360,2010 FIFA World Cup South Africa Review,Great,8
PS3,Super Street Fighter IV Review,Superb,9
X360,After Burner Climax Review,Fair,6
PS3,After Burner Climax Review,Fair,6
PC,test Review,Good,7
PC,Out of the Park Baseball 11 Review,Good,7
PS3,The Secret of Monkey Island: Special Edition Review,Great,8
PC,Beat Hazard Review,Good,7
PC,Mount & Blade: Warband Review,Good,7
DS,Again Review,Mediocre,5
PC,The Misadventures of P.B. Winterbottom Review,Good,7
X360,Deadly Premonition Review,Good,7
X360,Final Fight: Double Impact Review,Good,7
PS3,Final Fight: Double Impact Review,Good,7
PC,Grand Theft Auto IV: Episodes from Liberty City Review,Great,8
PC,Majesty 2: Kingmaker Review,Fair,6
PC,Lead and Gold: Gangs of the Wild West Review,Good,7
DS,Pokemon HeartGold Review,Great,8
DS,Pokemon SoulSilver Review,Great,8
PC,Prison Break: The Conspiracy Review,Terrible,2
PS3,Prison Break: The Conspiracy Review,Terrible,2
PS3,Grand Theft Auto IV: Episodes from Liberty City Review,Superb,9
X360,Tom Clancy's Splinter Cell: Conviction Review,Great,8
X360,Prison Break: The Conspiracy Review,Terrible,2
DS,Alice in Wonderland Review,Great,8
PC,Mass Effect 2: Kasumi - Stolen Memory Review,Fair,6
X360,Mass Effect 2: Kasumi - Stolen Memory Review,Fair,6
DS,Shin Megami Tensei: Strange Journey Review,Fair,6
PS3,Mega Man 10 Review,Great,8
PC,The Settlers 7: Paths to a Kingdom Review,Good,7
PC,Shatter Review,Great,8
X360,Mega Man 10 Review,Great,8
PS3,Section 8 Review,Good,7
PS3,Resonance of Fate Review,Great,8
X360,Resonance of Fate Review,Great,8
PC,Global Agenda Review,Mediocre,5
PS3,MotoGP 09/10 Review,Good,7
X360,MotoGP 09/10 Review,Good,7
DS,WarioWare DIY Review,Great,8
PC,Major League Baseball 2K10 Review,Mediocre,5
PS3,Last Rebellion Review,Bad,3
PS3,Just Cause 2 Review,Great,8
X360,Just Cause 2 Review,Great,8
PC,Just Cause 2 Review,Great,8
PS3,Blue Toad Murder Files: The Mysteries of Little Riddle - Episode Three Review,Good,7
X360,Supreme Commander 2 Review,Good,7
PC,Silent Hunter 5: Battle of the Atlantic Review,Mediocre,5
PC,Metro 2033 Review,Great,8
DS,Infinite Space Review,Fair,6
X360,Metro 2033 Review,Good,7
X360,Perfect Dark Review,Good,7
PC,Dragon Age: Origins - Awakening Review,Great,8
PC,"Warhammer 40,000: Dawn of War II - Chaos Rising Review",Great,8
X360,Scrap Metal Review,Fair,6
PC,Command & Conquer 4: Tiberian Twilight Review,Good,7
X360,Dynasty Warriors: Strikeforce Review,Fair,6
PS3,Dynasty Warriors: Strikeforce Review,Fair,6
PS3,Yakuza 3 Review,Great,8
DS,Bejeweled Twist Review,Good,7
PS3,MLB 10: The Show Review,Great,8
X360,Toy Soldiers Review,Great,8
PC,Dawn of Discovery: Venice Review,Good,7
PC,Assassin's Creed II Review,Great,8
X360,Greed Corp Review,Great,8
PS3,Greed Corp Review,Great,8
PS3,God of War III Review,Superb,9
PS3,Final Fantasy XIII Review,Great,8
X360,Final Fantasy XIII Review,Great,8
X360,Major League Baseball 2K10 Review,Good,7
PS3,Major League Baseball 2K10 Review,Good,7
PS3,Battlefield: Bad Company 2 Review,Superb,9
X360,Battlefield: Bad Company 2 Review,Superb,9
X360,Lazy Raiders Review,Good,7
X360,Resident Evil 5: Lost in Nightmares Review,Great,8
X360,Risen Review,Fair,6
X360,Assassin's Creed II: The Bonfires of the Vanities Review,Good,7
PC,Napoleon: Total War Review,Great,8
PC,Supreme Commander 2 Review,Great,8
DS,Sonic & Sega All-Stars Racing Review,Great,8
X360,World of Outlaws: Sprint Cars Review,Fair,6
X360,Borderlands: The Secret Armory of General Knoxx Review,Superb,9
PS3,Star Ocean: The Last Hope International Review,Good,7
X360,Tropico 3 Review,Fair,6
PS3,Sonic & Sega All-Stars Racing Review,Great,8
X360,Sonic & Sega All-Stars Racing with Banjo-Kazooie Review,Great,8
PS3,Star Wars: The Force Unleashed Hoth Mission Pack Review,Poor,4
PS3,Heavy Rain Review,Great,8
X360,Dark Void: Survivor Missions Review,Good,7
PS3,Dark Void: Survivor Missions Review,Good,7
PC,Aliens vs. Predator Review,Mediocre,5
X360,The Misadventures of P.B. Winterbottom Review,Good,7
X360,Darwinia+ Review,Great,8
PC,Star Trek Online Review,Mediocre,5
DS,Ace Attorney Investigations: Miles Edgeworth Review,Great,8
X360,Assassin's Creed II: Battle of Forli Review,Mediocre,5
X360,Aliens vs. Predator Review,Mediocre,5
PS3,Aliens vs. Predator Review,Mediocre,5
PS3,Fret Nice Review,Mediocre,5
PS3,Tank Battles Review,Mediocre,5
PS3,BioShock 2 Review,Great,8
X360,BioShock 2 Review,Great,8
PS3,Dante's Inferno Review,Fair,6
X360,Dante's Inferno Review,Fair,6
X360,Chime Review,Great,8
PC,Hotel Giant 2 Review,Fair,6
PS3,White Knight Chronicles Review,Fair,6
PS3,MAG Review,Great,8
PC,S.T.A.L.K.E.R.: Call of Pripyat Review,Great,8
DS,Glory of Heracles Review,Fair,6
X360,Blood Bowl Review,Mediocre,5
PS3,Vandal Hearts: Flames of Judgment Review,Fair,6
X360,Vandal Hearts: Flames of Judgment Review,Fair,6
X360,Death By Cube Review,Poor,4
X360,Mass Effect 2 Review,Superb,9
PC,Mass Effect 2 Review,Superb,9
DS,Dark Void Zero Review,Great,8
DS,Sands of Destruction Review,Mediocre,5
PC,Dark Void Review,Fair,6
X360,Dark Void Review,Fair,6
X360,Serious Sam HD: The First Encounter Review,Good,7
PS3,Puzzlegeddon Review,Mediocre,5
X360,Vancouver 2010 - The Official Video Game of the Olympic Winter Games Review,Mediocre,5
PS3,Vancouver 2010 - The Official Video Game of the Olympic Winter Games Review,Mediocre,5
X360,Army of Two: The 40th Day Review,Good,7
PS3,Army of Two: The 40th Day Review,Good,7
X360,0 Day Attack on Earth Review,Poor,4
PC,Twin Sector Review,Poor,4
DS,Maestro! Jump in Music Review,Good,7
PS3,Matt Hazard: Blood Bath and Beyond Review,Fair,6
X360,Qix++ Review,Poor,4
PC,Divinity II: Ego Draconis Review,Fair,6
X360,Matt Hazard: Blood Bath and Beyond Review,Fair,6
DS,Might & Magic: Clash of Heroes Review,Great,8
X360,Borderlands: Mad Moxxi's Underdome Riot Review,Fair,6
PS3,Blue Toad Murder Files: The Mystery of Little Riddle Episode Two Review,Fair,6
PS3,Blue Toad Murder Files: The Mystery of Little Riddle Episode One Review,Fair,6
PS3,Darksiders Review,Great,8
X360,Darksiders Review,Great,8
DS,Phantasy Star Zero Review,Fair,6
X360,Puzzlegeddon Review,Mediocre,5
X360,Bayonetta Review,Superb,9
PS3,Bayonetta Review,Great,8
PC,King's Bounty: Armored Princess Review,Great,8
PC,Fallen Earth: Welcome to Apocalypse Review,Fair,6
PC,Europa Universalis III: Heir to the Throne Review,Great,8
X360,Alien Breed Evolution Review,Fair,6
PC,Tales of Monkey Island Review,Great,8
PS3,Revenge of the Wounded Dragons Review,Good,7
DS,Fighting Fantasy: The Warlock of Firetop Mountain Review,Bad,3
PS3,Star Trek: D-A-C Review,Mediocre,5
PC,Star Trek: D-A-C Review,Mediocre,5
PC,DiRT 2 Review,Superb,9
PC,Aion Review,Fair,6
X360,Rogue Warrior Review,Terrible,2
DS,The Legend of Zelda: Spirit Tracks Review,Great,8
X360,MX vs. ATV Reflex Review,Good,7
PS3,MX vs. ATV Reflex Review,Fair,6
X360,Planet 51 Review,Good,7
X360,Scene-It? Bright Lights! Big Screen! Review,Fair,6
DS,Atelier Annie: Alchemists of Sera Island Review,Good,7
X360,The Saboteur Review,Good,7
PS3,The Saboteur Review,Good,7
PS3,Madden NFL Arcade Review,Mediocre,5
X360,Madden NFL Arcade Review,Mediocre,5
PS3,Borderlands: The Zombie Island of Dr. Ned Review,Great,8
PC,Serious Sam HD: The First Encounter Review,Mediocre,5
PC,For the Glory Review,Good,7
PS3,Tony Hawk Ride Review,Bad,3
PC,Rogue Warrior Review,Terrible,2
PC,James Cameron's Avatar: The Game Review,Mediocre,5
DS,A Witch's Tale Review,Poor,4
X360,WWE Smackdown vs. Raw 2010 Review,Good,7
PC,King Arthur - The Role-playing Wargame Review,Good,7
PS3,James Cameron's Avatar: The Game Review,Mediocre,5
X360,James Cameron's Avatar: The Game Review,Mediocre,5
PC,The Sims 3 World Adventures Review,Great,8
X360,NBA Unrivaled Review,Terrible,2
PS3,Way of the Samurai 3 Review,Mediocre,5
X360,Borderlands: The Zombie Island of Dr. Ned Review,Great,8
X360,Lego Indiana Jones 2 Review,Great,8
X360,Gyromancer Review,Good,7
X360,Dragon Ball: Raging Blast Review,Fair,6
PS3,Dragon Ball: Raging Blast Review,Fair,6
DS,Need for Speed: Nitro Review,Good,7
X360,Tony Hawk Ride Review,Bad,3
DS,Assassin's Creed II: Discovery Review,Good,7
PC,Ninja Blade Review,Good,7
PC,Football Manager 2010 Review,Great,8
PC,WorldShift Review,Fair,6
PS3,NCAA Basketball 10 Review,Good,7
X360,NCAA Basketball 10 Review,Good,7
X360,Left 4 Dead 2 Review,Superb,9
PC,Left 4 Dead 2 Review,Superb,9
X360,Assassin's Creed II Review,Superb,9
DS,Star Wars Battlefront: Elite Squadron Review,Mediocre,5
PS3,Braid Review,Superb,9
X360,Rainbow Islands Towering Adventure Review,Fair,6
DS,Wizard of Oz: Beyond the Yellow Brick Road Review,Mediocre,5
PC,Call of Duty: Modern Warfare 2 Review,Great,8
X360,Call of Duty: Modern Warfare 2 Review,Superb,9
PS3,Call of Duty: Modern Warfare 2 Review,Superb,9
PC,Shattered Horizon Review,Good,7
PC,Machinarium Review,Great,8
DS,Space Invaders Extreme 2 Review,Good,7
PS3,DJ Hero Review,Great,8
PC,Star Wars The Force Unleashed: Ultimate Sith Edition Review,Mediocre,5
X360,Lego Rock Band Review,Good,7
X360,Band Hero Review,Great,8
PS3,Band Hero Review,Great,8
PS3,Lego Rock Band Review,Good,7
X360,Fairytale Fights Review,Bad,3
PS3,Fairytale Fights Review,Bad,3
PC,Dragon Age: Origins Review,Superb,9
PS3,Dragon Age: Origins Review,Superb,9
X360,Dragon Age: Origins Review,Great,8
X360,Magna Carta 2 Review,Fair,6
PS3,EyePet Review,Fair,6
X360,Grand Theft Auto: Episodes from Liberty City Review,Superb,9
DS,Nostalgia Review,Fair,6
PC,Borderlands Review,Great,8
PC,Painkiller: Resurrection Review,Bad,3
PC,Torchlight Review,Great,8
X360,DJ Hero Review,Great,8
DS,Naruto Shippuden: Ninja Destiny 2 Review,Mediocre,5
X360,Tekken 6 Review,Great,8
PS3,Tekken 6 Review,Great,8
PS3,Pro Evolution Soccer 2010 Review,Fair,6
X360,Pro Evolution Soccer 2010 Review,Fair,6
PS3,SuperCar Challenge Review,Mediocre,5
PS3,Ratchet & Clank Future: A Crack in Time Review,Great,8
PS3,Trine Review,Great,8
X360,Panzer General: Allied Assault Review,Great,8
PS3,WWE Smackdown vs. Raw 2010 Review,Good,7
X360,Tower Bloxx Deluxe Review,Fair,6
PC,Tropico 3 Review,Great,8
DS,Mario & Sonic at the Olympic Winter Games Review,Fair,6
X360,Axel & Pixel Review,Mediocre,5
PS3,Borderlands Review,Great,8
X360,Borderlands Review,Great,8
X360,South Park Let's Go Tower Defense Play! Review,Good,7
PC,Dreamkiller Review,Mediocre,5
PC,Cities XL Review,Fair,6
PC,Risen Review,Good,7
X360,NBA 2K10 Review,Good,7
PS3,NBA 2K10 Review,Good,7
X360,Lucidity Review,Mediocre,5
PC,Lucidity Review,Mediocre,5
X360,Brutal Legend Review,Great,8
PS3,Brutal Legend Review,Great,8
X360,Military Madness: Nectaris Review,Mediocre,5
PC,Red Faction: Guerrilla Review,Great,8
DS,Star Wars The Clone Wars: Republic Heroes Review,Mediocre,5
PS3,Saw Review,Fair,6
X360,Saw Review,Fair,6
X360,Operation Flashpoint: Dragon Rising Review,Good,7
PS3,Operation Flashpoint: Dragon Rising Review,Good,7
DS,Mario & Luigi: Bowser's Inside Story Review,Superb,9
X360,Ion Assault Review,Good,7
X360,Tornado Outbreak Review,Fair,6
PS3,Tornado Outbreak Review,Fair,6
PS3,Uncharted 2: Among Thieves Review,Superb,9
X360,Star Wars: The Clone Wars: Republic Heroes Review,Bad,3
PS3,Star Wars: The Clone Wars: Republic Heroes Review,Bad,3
PC,Star Wars: The Clone Wars: Republic Heroes Review,Bad,3
X360,FIFA 10 Review,Superb,9
PS3,FIFA 10 Review,Superb,9
PS3,NBA Live 10 Review,Good,7
X360,NBA Live 10 Review,Good,7
PS3,Demon's Souls Review,Superb,9
PC,Mini Ninjas Review,Good,7
PS3,Mini Ninjas Review,Good,7
X360,Mini Ninjas Review,Good,7
PS3,Ninja Gaiden Sigma 2 Review,Great,8
PS3,Heroes Over Europe Review,Mediocre,5
X360,Heroes Over Europe Review,Mediocre,5
PS3,Katamari Forever Review,Good,7
X360,The Warriors: Street Brawl Review,Poor,4
X360,Zombie Apocalypse Review,Good,7
PS3,Zombie Apocalypse Review,Good,7
DS,Kingdom Hearts 358/2 Days Review,Great,8
PC,Order of War Review,Good,7
X360,Star Wars: The Force Unleashed Tatooine Mission Pack Review,Mediocre,5
PS3,Supersonic Acrobatic Rocket-Powered Battle-Cars Review,Fair,6
PC,Ashes Cricket 2009 Review,Fair,6
X360,Bubble Bobble Neo Review,Good,7
PS3,Pinball Hall of Fame - The Williams Collection Review,Great,8
PS3,NHL 2K10 Review,Good,7
X360,NHL 2K10 Review,Good,7
PC,Resident Evil 5 Review,Great,8
PS3,Marvel vs. Capcom 2 Review,Good,7
X360,Halo 3: ODST Review,Superb,9
X360,Darkest of Days Review,Poor,4
X360,Pinball Hall of Fame - The Williams Collection Review,Great,8
PC,Majesty 2: The Fantasy Kingdom Sim Review,Fair,6
X360,Defense Grid: The Awakening Review,Great,8
PC,Championship Manager 2010 Review,Fair,6
X360,Need for Speed: Shift Review,Good,7
PS3,Need for Speed: Shift Review,Good,7
PS3,Wet Review,Good,7
X360,Wet Review,Good,7
DS,Scribblenauts Review,Great,8
PS3,IL-2: Sturmovik: Birds of Prey Review,Good,7
PC,Darkest of Days Review,Poor,4
PC,CrimeCraft Review,Fair,6
PS3,NHL 10 Review,Great,8
X360,NHL 10 Review,Great,8
PS3,Marvel: Ultimate Alliance 2 Review,Good,7
X360,Marvel: Ultimate Alliance 2 Review,Good,7
PC,Officers Review,Mediocre,5
PC,Champions Online Review,Good,7
X360,Section 8 Review,Good,7
PC,Section 8 Review,Good,7
X360,IL-2: Sturmovik: Birds of Prey Review,Good,7
X360,Magic: The Gathering - Duels of the Planeswalkers Review,Good,7
PC,Batman: Arkham Asylum Review,Superb,9
PS3,The Beatles: Rock Band Review,Superb,9
X360,Yo-Ho Kablammo Review,Mediocre,5
X360,F.E.A.R. 2: Project Origin - Reborn Review,Fair,6
PS3,Guitar Hero 5 Review,Great,8
X360,Dirt 2 Review,Superb,9
X360,The Beatles: Rock Band Review,Superb,9
PS3,Dirt 2 Review,Superb,9
X360,Guitar Hero 5 Review,Great,8
X360,Raven Squad Review,Bad,3
PC,Raven Squad Review,Bad,3
PC,All Aspect Warfare Review,Terrible,2
X360,Invincible Tiger: The Legend of Han Tao Review,Fair,6
PS3,Invincible Tiger: The Legend of Han Tao Review,Fair,6
PS3,Smash Cars Review,Fair,6
PC,Osmos Review,Good,7
X360,Fallout 3: Broken Steel Review,Great,8
DS,Professor Layton and the Diabolical Box Review,Great,8
PS3,Batman: Arkham Asylum Review,Superb,9
X360,Batman: Arkham Asylum Review,Superb,9
PS3,Ashes Cricket 2009 Review,Fair,6
X360,Ashes Cricket 2009 Review,Fair,6
PC,Return to Mysterious Island 2 Review,Poor,4
PC,Wolfenstein Review,Good,7
PS3,Wolfenstein Review,Good,7
X360,Brave: A Warrior's Tale Review,Poor,4
X360,Shadow Complex Review,Great,8
PS3,Red Faction: Guerrilla - Demons of the Badlands Review,Good,7
X360,Red Faction: Guerrilla - Demons of the Badlands Review,Good,7
DS,C.O.R.E. Review,Bad,3
X360,Wolfenstein Review,Good,7
DS,Fossil Fighters Review,Good,7
PS3,Madden NFL 10 Review,Good,7
DS,Lego Battles Review,Good,7
PC,The Path Review,Great,8
X360,Madden NFL 10 Review,Good,7
PC,Hearts of Iron III Review,Great,8
DS,Art Style: BOXLIFE Review,Good,7
X360,Trials HD Review,Great,8
X360,Fallout 3: The Pitt Review,Good,7
DS,G.I. Joe: The Rise of Cobra Review,Mediocre,5
X360,Teenage Mutant Ninja Turtles: Turtles in Time Re-Shelled Review,Mediocre,5
PC,East India Company Review,Fair,6
X360,Marvel vs. Capcom 2 Review,Good,7
X360,Fallout 3: Mothership Zeta Review,Fair,6
PS3,G.I. Joe: The Rise of Cobra Review,Poor,4
X360,G.I. Joe: The Rise of Cobra Review,Poor,4
PC,Memento Mori Review,Poor,4
PS3,Ice Age: Dawn of the Dinosaurs Review,Fair,6
X360,Ice Age: Dawn of the Dinosaurs Review,Fair,6
PS3,BlazBlue: Calamity Trigger Review,Great,8
X360,BlazBlue: Calamity Trigger Review,Great,8
PS3,Fat Princess Review,Good,7
PS3,SingStar Queen Review,Good,7
PC,Clutch Review,Fair,6
PS3,The King of Fighters XII Review,Mediocre,5
X360,The King of Fighters XII Review,Mediocre,5
PS3,Shatter Review,Great,8
DS,Roogoo Attack Review,Fair,6
PC,Bionic Commando Review,Mediocre,5
X360,Watchmen: The End Is Nigh Parts 1 and 2 Review,Fair,6
PS3,Watchmen: The End Is Nigh Complete Experience Review,Fair,6
X360,G-Force Review,Good,7
PS3,G-Force Review,Good,7
X360,'Splosion Man Review,Great,8
X360,Worms 2: Armageddon Review,Great,8
PC,Overlord II Review,Good,7
PC,Death to Spies: Moment of Truth Review,Fair,6
PS3,Overlord II Review,Good,7
DS,Overlord: Minions Review,Poor,4
PC,Arma II Review,Great,8
X360,Madballs in Babo: Invasion Review,Good,7
PC,Street Fighter IV Review,Superb,9
PC,Out of the Park Baseball X Review,Great,8
X360,Infernal: Hell's Vengeance Review,Bad,3
PC,The Secret of Monkey Island: Special Edition Review,Great,8
X360,NCAA Football 10 Review,Great,8
PC,Dawn of Discovery Review,Great,8
X360,The Secret of Monkey Island: Special Edition Review,Great,8
PS3,Battlefield 1943 Review,Great,8
X360,Battlefield 1943 Review,Great,8
PC,Blood Bowl Review,Good,7
X360,The Bigs 2 Review,Great,8
PS3,The Bigs 2 Review,Great,8
DS,Mega Man Star Force 3: Red Joker Review,Mediocre,5
DS,Mega Man Star Force 3: Black Ace Review,Mediocre,5
DS,Miami Law Review,Mediocre,5
PC,Trine Review,Good,7
PC,Fuel Review,Fair,6
DS,Puffins: Island Adventure Review,Mediocre,5
DS,Dawn of Discovery Review,Great,8
PS3,The Punisher: No Mercy Review,Poor,4
DS,Trace Memory Review,Good,7
PS,Command & Conquer Red Alert: Retaliation Review,Mediocre,5
PS3,Harry Potter and the Half-Blood Prince Review,Mediocre,5
PC,Transformers: Revenge of the Fallen Review,Fair,6
PC,Still Life 2 Review,Good,7
PC,Hinterland: Orc Lords Review,Good,7
PS3,Call of Juarez: Bound in Blood Review,Great,8
X360,Call of Juarez: Bound in Blood Review,Great,8
PC,Call of Juarez: Bound in Blood Review,Great,8
X360,Fight Night Round 4 Review,Great,8
X360,Dynasty Warriors 6 Empires Review,Mediocre,5
PS3,Dynasty Warriors 6 Empires Review,Mediocre,5
DS,"Flower, Sun, and Rain Review",Fair,6
PC,Tunnel Rats: 1968 Review,Terrible,2
X360,Overlord II Review,Good,7
DS,Indiana Jones and the Staff of Kings Review,Fair,6
DS,Puzzle Kingdoms Review,Good,7
DS,MySims Racing Review,Good,7
PS3,Transformers: Revenge of the Fallen Review,Good,7
X360,Transformers: Revenge of the Fallen Review,Good,7
PS3,Virtua Tennis 2009 Review,Fair,6
X360,Virtua Tennis 2009 Review,Fair,6
PC,Spore Galactic Adventures Review,Great,8
DS,Shin Megami Tensei: Devil Survivor Review,Superb,9
PS3,CellFactor: Psychokinetic Wars Review,Mediocre,5
X360,CellFactor: Psychokinetic Wars Review,Mediocre,5
DS,Knights in the Nightmare Review,Great,8
PS3,Tiger Woods PGA Tour 10 Review,Great,8
X360,Tiger Woods PGA Tour 10 Review,Great,8
PC,Blueberry Garden Review,Mediocre,5
X360,Ghostbusters The Video Game Review,Good,7
PS3,Ghostbusters The Video Game Review,Good,7
PC,Ghostbusters The Video Game Review,Good,7
DS,Ghostbusters The Video Game Review,Mediocre,5
PS3,Prototype Review,Great,8
PC,Prototype Review,Great,8
DS,Black Sigil: Blade of the Exiled Review,Fair,6
DS,Dokapon Journey Review,Good,7
X360,Prototype Review,Great,8
X360,Up Review,Mediocre,5
PS3,Zen Pinball Review,Great,8
PC,Sherlock Holmes vs. Jack the Ripper Review,Good,7
PC,Delta Force: Xtreme 2 Review,Mediocre,5
PS3,Fuel Review,Fair,6
X360,Fuel Review,Fair,6
PC,Damnation Review,Bad,3
PS3,Damnation Review,Bad,3
X360,Damnation Review,Bad,3
DS,Jagged Alliance Review,Poor,4
PS3,Red Faction: Guerrilla Review,Great,8
X360,Red Faction: Guerrilla Review,Great,8
PC,The Sims 3 Review,Superb,9
X360,Wallace & Gromit Episode 1 Review,Good,7
PC,Necrovision Review,Good,7
DS,Art Style: Pictobits Review,Fair,6
X360,Raiden Fighters Aces Review,Fair,6
DS,Super Robot Taisen OG Saga: Endless Frontier Review,Good,7
PC,Killing Floor Review,Good,7
PS3,Infamous Review,Superb,9
PS3,Trash Panic Review,Good,7
PC,Terminator Salvation Review,Mediocre,5
PS3,Tekken 5: Dark Resurrection Review,Great,8
PS3,Mega Man 9 Review,Great,8
X360,UFC 2009 Undisputed Review,Great,8
PS3,UFC 2009 Undisputed Review,Great,8
PS3,Terminator Salvation Review,Mediocre,5
X360,Terminator Salvation Review,Mediocre,5
PS3,Bionic Commando Review,Fair,6
X360,Bionic Commando Review,Fair,6
PC,Battlestations: Pacific Review,Great,8
PS3,Sacred 2: Fallen Angel Review,Good,7
X360,Sacred 2: Fallen Angel Review,Good,7
X360,Star Trek: D-A-C Review,Poor,4
PS2,Shin Megami Tensei: Devil Summoner 2: Raidou Kuzunoha vs. King Abaddon Review,Good,7
PS3,SBK Superbike World Championship Review,Fair,6
X360,Arkanoid Live Review,Fair,6
X360,Battlestations: Pacific Review,Great,8
PC,Helldorado Review,Poor,4
PC,Plants vs. Zombies Review,Great,8
PC,X-Men Origins: Wolverine Review,Good,7
X360,Space Invaders Extreme Review,Great,8
PS3,Leisure Suit Larry: Box Office Bust Review,Terrible,2
X360,Zombie Wranglers Review,Bad,3
PC,Neverwinter Nights 2: Mysteries of Westgate Review,Fair,6
X360,Virtual ON Review,Good,7
PC,Velvet Assassin Review,Good,7
X360,Velvet Assassin Review,Good,7
PC,Stalin vs. Martians Review,Abysmal,1
DS,Avalon Code Review,Mediocre,5
PC,And Yet It Moves Review,Good,7
X360,Night at the Museum: Battle of the Smithsonian Review,Poor,4
X360,X-Men Origins: Wolverine Review,Good,7
PS3,X-Men Origins: Wolverine Review,Good,7
PC,Zeno Clash Review,Fair,6
DS,Professor Heinz Wolff's Gravity Review,Poor,4
X360,Lode Runner Review,Great,8
PC,Cryostasis: The Sleep of Reason Review,Great,8
PS3,Comet Crash Review,Superb,9
PS2,Dynasty Warriors: Gundam 2 Review,Poor,4
PC,Company of Heroes: Tales of Valor Review,Fair,6
X360,Dynasty Warriors: Gundam 2 Review,Poor,4
PS3,Dynasty Warriors: Gundam 2 Review,Poor,4
PC,Elven Legacy Review,Good,7
X360,OutRun Online Arcade Review,Good,7
DS,Zubo Review,Good,7
PC,Death Track: Resurrection Review,Mediocre,5
DS,Broken Sword: Shadows of the Templars Director's Cut Review,Great,8
X360,The Maw Review,Good,7
PC,Demigod Review,Fair,6
PS3,Rag Doll Kung Fu: Fists of Plastic Review,Mediocre,5
DS,Lux-Pain Review,Bad,3
PS3,Flock Review,Good,7
X360,Flock Review,Good,7
PC,Flock Review,Good,7
DS,Pokemon Platinum Review,Great,8
PC,Dark Sector Review,Good,7
PC,The Chronicles of Riddick: Assault on Dark Athena Review,Good,7
PS3,The Chronicles of Riddick: Assault on Dark Athena Review,Good,7
X360,The Chronicles of Riddick: Assault on Dark Athena Review,Good,7
DS,Gardening Mama Review,Good,7
PC,World in Conflict: Soviet Assault Review,Poor,4
X360,Wheelman Review,Fair,6
PS3,Wheelman Review,Fair,6
DS,Final Fantasy Crystal Chronicles: Echoes of Time Review,Fair,6
X360,Ninja Blade Review,Good,7
PS3,The Godfather II Review,Poor,4
X360,The Godfather II Review,Poor,4
PC,The Godfather II Review,Poor,4
PS3,Burn Zombie Burn Review,Good,7
PC,Grand Ages: Rome Review,Mediocre,5
DS,Art Style: Aquia Review,Good,7
X360,Leisure Suit Larry: Box Office Bust Review,Terrible,2
PC,Leisure Suit Larry: Box Office Bust Review,Terrible,2
PC,BattleForge Review,Great,8
DS,WarioWare: Snapped! Review,Poor,4
X360,The Dishwasher Review,Good,7
PC,Drakensang: The Dark Eye Review,Good,7
DS,Rhythm Heaven Review,Good,7
PS3,Command & Conquer: Red Alert 3 Review,Good,7
X360,Guitar Hero: Metallica Review,Good,7
DS,Tokyo Beat Down Review,Mediocre,5
PC,Stormrise Review,Terrible,2
X360,Stormrise Review,Terrible,2
PS3,Stormrise Review,Terrible,2
PC,Men of War Review,Good,7
DS,Henry Hatsworth in the Puzzling Adventure Review,Great,8
X360,Wanted: Weapons of Fate Review,Fair,6
PS3,Wanted: Weapons of Fate Review,Fair,6
X360,Legends of Wrestlemania Review,Mediocre,5
PS3,Legends of Wrestlemania Review,Mediocre,5
PC,Codename Panzers: Cold War Review,Mediocre,5
DS,Grand Theft Auto: Chinatown Wars Review,Superb,9
X360,Eat Lead: The Return of Matt Hazard Review,Fair,6
PC,Red Alert 3 Uprising Review,Mediocre,5
DS,Valkyrie Profile: Covenant of the Plume Review,Fair,6
PC,The Last Remnant Review,Great,8
DS,Suikoden Tierkreis Review,Good,7
X360,Trivial Pursuit Review,Fair,6
PS3,Trivial Pursuit Review,Fair,6
DS,Blue Dragon Plus Review,Fair,6
PS3,Resident Evil 5 Review,Great,8
X360,Resident Evil 5 Review,Great,8
X360,Crystal Defenders Review,Mediocre,5
X360,Shellshock 2: Blood Trails Review,Poor,4
PS3,Shellshock 2: Blood Trails Review,Poor,4
DS,Peggle Dual Shot Review,Good,7
X360,Tom Clancy's HAWX Review,Good,7
PS3,Tom Clancy's HAWX Review,Good,7
PS3,MLB 09: The Show Review,Superb,9
PS3,Eat Lead: The Return of Matt Hazard Review,Fair,6
PC,Empire: Total War Review,Great,8
PS3,Major League Baseball 2K9 Review,Poor,4
X360,Major League Baseball 2K9 Review,Poor,4
X360,Watchmen: The End Is Nigh Review,Fair,6
PS3,Watchmen: The End Is Nigh Review,Fair,6
PC,Watchmen: The End Is Nigh Review,Fair,6
X360,Star Ocean: The Last Hope Review,Good,7
X360,Stoked Review,Good,7
X360,Exit 2 Review,Good,7
DS,Fire Emblem: Shadow Dragon Review,Good,7
PC,ShellShock 2: Blood Trails Review,Mediocre,5
PC,Puzzle Quest: Galactrix Review,Mediocre,5
PS3,Killzone 2 Review,Superb,9
PS3,Noby Noby Boy Review,Good,7
PC,Tom Clancy's EndWar Review,Fair,6
X360,Death Tank Review,Fair,6
X360,X-Blades Review,Fair,6
X360,50 Cent: Blood on the Sand Review,Good,7
PS3,50 Cent: Blood on the Sand Review,Good,7
PC,"Warhammer 40,000: Dawn of War II Review",Great,8
PS3,F.E.A.R. 2: Project Origin Review,Good,7
X360,Halo Wars Review,Fair,6
X360,RacePro Review,Good,7
PS3,Street Fighter IV Review,Superb,9
X360,Street Fighter IV Review,Superb,9
PC,Worldwide Soccer Manager 2009 Review,Great,8
DS,Dragon Quest V: Hand of the Heavenly Bride Review,Great,8
X360,Onechanbara: Bikini Samurai Squad Review,Terrible,2
PS3,Flower Review,Great,8
PC,Burnout Paradise: The Ultimate Box Review,Superb,9
PC,F.E.A.R. 2: Project Origin Review,Good,7
X360,F.E.A.R. 2: Project Origin Review,Good,7
PS3,3 on 3 NHL Arcade Review,Poor,4
PC,Football Manager Live Review,Great,8
DS,Big Bang Mini Review,Superb,9
DS,Retro Game Challenge Review,Good,7
PS3,Savage Moon Review,Fair,6
X360,R-Type Dimensions Review,Good,7
PS3,GTI Club Plus Review,Good,7
DS,Bigfoot Collision Course Review,Terrible,2
PS3,MLB Front Office Manager Review,Poor,4
X360,MLB Front Office Manager Review,Poor,4
DS,"My World, My Way Review",Mediocre,5
PC,MLB Front Office Manager Review,Poor,4
PS3,Afro Samurai Review,Good,7
X360,Afro Samurai Review,Good,7
PS3,Magic Ball Review,Fair,6
X360,Interpol: The Trail of Dr. Chaos Review,Poor,4
DS,Elebits: The Adventures of Kai & Zero Review,Good,7
DS,Moon Review,Good,7
X360,Skate 2 Review,Good,7
PS3,Skate 2 Review,Good,7
PS3,Cuboid Review,Fair,6
PS3,The Lord of the Rings: Conquest Review,Fair,6
X360,The Lord of the Rings: Conquest Review  Review,Fair,6
PS3,Crash Commando Review,Great,8
PC,Mirror's Edge Review,Good,7
PC,Saints Row 2 Review,Fair,6
DS,Syberia Review,Bad,3
PS3,AC/DC LIVE: Rock Band Track Pack Review,Fair,6
PC,The Lord of the Rings Online: Mines of Moria Review,Great,8
PS3,Sonic Unleashed Review,Bad,3
PS3,Madagascar: Escape 2 Africa Review,Good,7
PS3,Rise of the Argonauts Review,Fair,6
PS3,Penny Arcade Adventures: On the Rain-Slick Precipice of Darkness Episode Two Review,Good,7
PS3,Lumines Supernova Review,Great,8
DS,Mushroom Men: Rise of the Fungi Review,Poor,4
X360,Meteos Wars Review,Good,7
X360,AC/DC Live: Rock Band Track Pack Review,Fair,6
DS,Bolt Review,Poor,4
X360,Rise of the Argonauts Review,Fair,6
DS,Rune Factory 2: A Fantasy Harvest Moon Review,Fair,6
DS,Shaun White Snowboarding Review,Fair,6
DS,Robocalypse Review,Good,7
DS,Metal Slug 7 Review,Good,7
DS,Age of Empires: Mythologies Review,Great,8
PS2,WWE SmackDown vs. Raw 2009 Review,Good,7
X360,PowerUp Forever Review,Fair,6
PS2,SnoCross 2: Featuring Blair Morgan Review,Bad,3
PC,A Vampyre Story Review,Good,7
PS2,Dynasty Warriors 6 Review,Poor,4
DS,Tomb Raider: Underworld Review,Mediocre,5
PS2,Shin Megami Tensei: Persona 4 Review,Superb,9
DS,Prince of Persia: The Fallen King Review,Fair,6
DS,Neopets Puzzle Adventure Review,Good,7
PS2,Dragon Ball Z: Infinite World Review,Mediocre,5
X360,Destroy All Humans! Path of the Furon Review,Poor,4
PS2,Kingdom Hearts Re: Chain of Memories Review,Fair,6
DS,Kung Fu Panda Review,Fair,6
DS,Exit DS Review,Fair,6
PC,Grand Theft Auto IV Review,Superb,9
PS3,SingStar Vol. 3 Review,Good,7
PS3,SingStar Abba Review,Good,7
X360,Bolt Review,Good,7
PS3,Bolt Review,Good,7
PS3,Alone in the Dark: Inferno Review,Good,7
X360,Sonic Unleashed Review,Bad,3
PC,King's Bounty: The Legend Review,Great,8
DS,Need for Speed Undercover Review,Mediocre,5
PS3,WWE SmackDown vs. Raw 2009 Review,Good,7
X360,WWE SmackDown vs. Raw 2009 Review,Good,7
DS,Pokemon Ranger: Shadows of Almia Review,Good,7
PS3,Prince of Persia Review,Great,8
X360,Prince of Persia Review,Great,8
PC,Prince of Persia Review,Great,8
PC,Neverwinter Nights 2: Storm of Zehir Review,Fair,6
PS3,Super Street Fighter II Turbo HD Remix Review,Great,8
X360,Super Street Fighter II Turbo HD Remix Review,Great,8
X360,Culdcept Saga Review,Great,8
DS,Little Red Riding Hood's Zombie BBQ Review,Mediocre,5
DS,Skate It Review,Good,7
X360,Naruto: The Broken Bond Review,Good,7
PS3,Tomb Raider Underworld Review,Good,7
PS3,Valkyria Chronicles Review,Great,8
DS,Guitar Hero On Tour: Decades Review,Fair,6
X360,Guilty Gear 2: Overture Review,Poor,4
DS,Tornado Review,Poor,4
DS,Populous Review,Mediocre,5
PC,Legendary Review,Bad,3
DS,Tecmo Bowl: Kickoff Review,Fair,6
X360,The Last Remnant Review,Fair,6
X360,Banjo-Kazooie: Nuts & Bolts Review,Great,8
DS,Chrono Trigger Review,Great,8
X360,Tomb Raider Underworld Review,Good,7
DS,Luminous Arc 2 Review,Good,7
X360,Namco Museum Virtual Arcade Review,Good,7
X360,A Kingdom for Keflings Review,Great,8
X360,You're in the Movies Review,Poor,4
PC,Need for Speed Undercover Review,Good,7
X360,Mortal Kombat vs. DC Universe Review,Good,7
PS3,Mortal Kombat vs. DC Universe Review,Good,7
PC,Left 4 Dead Review,Great,8
X360,Left 4 Dead Review,Great,8
PC,Sacred 2: Fallen Angel Review,Good,7
DS,Transformers Animated: The Game Review,Fair,6
PS3,Need for Speed Undercover Review,Fair,6
X360,Need for Speed Undercover Review,Good,7
X360,Lips Review,Fair,6
PS3,NCAA Basketball 09 Review,Good,7
X360,NCAA Basketball 09 Review,Good,7
DS,Ninjatown Review,Great,8
DS,Dragon Ball: Origins Review,Great,8
DS,Naruto: Path of the Ninja 2 Review,Mediocre,5
PS3,Shaun White Snowboarding Review,Mediocre,5
X360,Shaun White Snowboarding Review,Mediocre,5
X360,Madagascar: Escape 2 Africa Review,Good,7
X360,Command & Conquer: Red Alert 3 Review,Good,7
PS3,Call of Duty: World at War Review,Great,8
X360,Call of Duty: World at War Review,Great,8
PC,Call of Duty: World at War Review,Great,8
PS3,Rock Band 2 Review,Great,8
X360,Rock Revolution Review,Bad,3
PS3,Rock Revolution Review,Bad,3
PS3,Mirror's Edge Review,Good,7
PS3,Naruto: Ultimate Ninja Storm Review,Good,7
PC,Dark Horizon Review,Poor,4
X360,Legendary Review,Bad,3
PC,The Golden Horde Review,Fair,6
X360,Vigilante 8 Arcade Review,Poor,4
PC,MotoGP 08 Review,Good,7
X360,MotoGP 08 Review,Good,7
PS3,MotoGP 08 Review,Good,7
DS,MySims Kingdom Review,Mediocre,5
X360,Scene It? Box Office Smash Review,Great,8
PS3,Resistance 2 Review,Superb,9
X360,Tom Clancy's EndWar Review,Good,7
PS3,Tom Clancy's EndWar Review,Good,7
DS,Bleach: Dark Souls Review,Great,8
X360,James Bond: Quantum of Solace Review,Good,7
PS3,Guitar Hero World Tour Review,Great,8
DS,Spectrobes: Beyond the Portals Review,Mediocre,5
X360,The Legend of Spyro: Dawn of the Dragon Review,Mediocre,5
PS3,The Legend of Spyro: Dawn of the Dragon Review,Mediocre,5
X360,Shotest Shogi Review,Fair,6
X360,Guitar Hero World Tour Review,Great,8
X360,Gears of War 2 Review,Superb,9
PC,World of Goo Review,Superb,9
PC,Dead Space Review,Superb,9
PS3,Dead Space Review,Superb,9
X360,Are You Smarter Than a 5th Grader: Make the Grade Review,Good,7
PC,Bully: Scholarship Edition Review,Fair,6
X360,Penny Arcade Adventures: On the Rain-Slick Precipice of Darkness Episode Two Review,Good,7
DS,The Legend of Kage 2 Review,Good,7
DS,Away: Shuffle Dungeon Review,Mediocre,5
PC,Rhiannon: Curse of the Four Branches Review,Good,7
PC,Nikopol: Secrets of the Immortals Review,Mediocre,5
X360,War World Review,Poor,4
X360,Portal: Still Alive Review,Great,8
PS3,BioShock Review,Superb,9
PS3,Spider-Man: Web of Shadows Review,Great,8
X360,Fallout 3 Review,Superb,9
PC,Fallout 3 Review,Superb,9
PS3,Fallout 3 Review,Great,8
PC,Command & Conquer: Red Alert 3 Review,Great,8
DS,Castlevania: Order of Ecclesia Review,Great,8
X360,Golden Axe: Beast Rider Review,Mediocre,5
PS3,Golden Axe: Beast Rider Review,Mediocre,5
PC,The Immortals of Terra: A Perry Rhodan Adventure Review,Mediocre,5
X360,Spider-Man: Web of Shadows Review,Great,8
X360,CrazyMouse Review,Bad,3
PS3,Eternal Sonata Review,Great,8
PS3,MotorStorm: Pacific Rift Review,Great,8
PS3,Blitz: The League II Review,Good,7
X360,Blitz: The League II Review,Good,7
X360,Pro Evolution Soccer 2009  Review,Good,7
PS3,Pro Evolution Soccer 2009  Review,Good,7
PC,Far Cry 2 Review,Great,8
X360,Far Cry 2 Review,Great,8
PS3,SOCOM: U.S. Navy SEALs Confrontation Review,Fair,6
X360,Midnight Club: Los Angeles Review,Good,7
PS3,Midnight Club: Los Angeles Review,Good,7
X360,Silent Hill: Homecoming Review,Fair,6
DS,Air Traffic Chaos Review,Great,8
DS,Spider-Man: Web of Shadows Review,Good,7
PC,The Guild 2: Venice Review,Poor,4
X360,Shadow Assault Tenchu Review,Mediocre,5
PC,The Settlers: Rise of an Empire Gold Edition Review,Fair,6
X360,Fable II Review,Great,8
X360,MLB Stickball Review,Poor,4
PS3,NBA 09: The Inside Review,Mediocre,5
X360,Age of Booty Review,Good,7
PS3,NBA Live 09 Review,Good,7
X360,NBA Live 09 Review,Good,7
DS,SimCity Creator Review,Good,7
PS3,Little Big Planet Review,Superb,9
X360,Duke Nukem 3D Review,Great,8
PC,Brothers in Arms: Hell's Highway Review,Great,8
DS,Unsolved Crimes Review,Fair,6
X360,Crash Bandicoot: Mind Over Mutant Review,Mediocre,5
X360,Saints Row 2 Review,Great,8
PS3,Saints Row 2 Review,Great,8
DS,Sonic Chronicles: The Dark Brotherhood Review,Fair,6
PC,Everlight Review,Poor,4
PS3,NBA 2K9 Review,Great,8
X360,NBA 2K9 Review,Great,8
PS3,FIFA Soccer 09 Review,Great,8
X360,FIFA Soccer 09 Review,Great,8
X360,Fracture Review,Fair,6
PS3,Fracture Review,Fair,6
X360,Mega Man 9 Review,Great,8
DS,Time Hollow Review,Mediocre,5
PC,Fate: Undiscovered Realms Review,Good,7
PC,Sid Meier's Civilization IV: Colonization Review,Great,8
PC,Warhammer Online: Age of Reckoning Review,Great,8
X360,Pure Review,Great,8
PS3,Pure Review,Great,8
X360,Feeding Frenzy 2: Shipwreck Showdown Review,Fair,6
PS3,Armored Core: For Answer Review,Good,7
X360,Armored Core: For Answer Review,Good,7
DS,Disgaea DS Review,Great,8
PC,Ubersoldier II: The End of Hitler Review,Fair,6
PC,The Witcher Enhanced Edition Review,Great,8
X360,Lego Batman Review,Fair,6
DS,Lock's Quest Review,Great,8
PS2,Warriors Orochi 2 Review,Poor,4
X360,Warriors Orochi 2 Review,Poor,4
PC,Multiwinia Review,Good,7
PS3,Baja: Edge of Control Review,Fair,6
X360,Baja: Edge of Control Review,Good,7
X360,Brothers in Arms: Hell's Highway Review,Great,8
PS3,Brothers in Arms: Hell's Highway Review,Great,8
X360,RocketBowl Review,Mediocre,5
X360,NHL 09 Review,Superb,9
DS,Rhapsody: A Musical Adventure Review,Fair,6
PC,S.T.A.L.K.E.R.: Clear Sky Review,Good,7
PS2,Mercenaries 2: World in Flames Review,Bad,3
PC,Mount & Blade Review,Fair,6
PC,Warhammer: Mark of Chaos - Battle March Review,Fair,6
PS2,Yakuza 2 Review,Good,7
PS3,Wipeout HD Review,Good,7
PS3,PAIN: Amusement Park Review,Mediocre,5
PC,Crysis Warhead Review,Superb,9
PC,Line Rider 2: Unbound Review,Good,7
DS,Line Rider 2: Unbound Review,Good,7
PS3,NHL 09 Review,Superb,9
PC,Strong Bad's Cool Game for Attractive People Episode 2: Strong Badia the Free Review,Good,7
X360,NHL 2K9 Review,Fair,6
PS3,NHL 2K9 Review,Fair,6
X360,Rock Band 2 Review,Great,8
X360,Shred Nebula Review,Fair,6
DS,Dragon Quest IV: Chapters of the Chosen Review,Great,8
DS,Star Wars: The Force Unleashed Review,Mediocre,5
PS2,Star Wars: The Force Unleashed Review,Fair,6
X360,Star Wars: The Force Unleashed Review,Good,7
PS3,Star Wars: The Force Unleashed Review,Good,7
DS,MLB Power Pros 2008 Review,Good,7
PC,Outcry Review,Poor,4
PS2,TNA iMPACT! Review,Fair,6
PS3,TNA iMPACT! Review,Good,7
X360,TNA iMPACT! Review,Good,7
DS,Mystery Case Files: MillionHeir Review,Good,7
X360,Summer Athletics: The Ultimate Challenge Review,Bad,3
DS,Spore Creatures Review,Fair,6
X360,Zoids Assault Review,Poor,4
DS,Commando: Steel Disaster Review,Fair,6
DS,Viva Pinata: Pocket Paradise Review,Good,7
X360,FaceBreaker Review,Bad,3
PS3,FaceBreaker Review,Bad,3
PS3,Vampire Rain: Altered Species Review,Bad,3
DS,Harvest Moon: Island of Happiness Review,Mediocre,5
X360,Warhammer: Battle March Review,Mediocre,5
PS2,B-Boy Review,Poor,4
X360,Pirates vs. Ninjas Dodgeball Review,Bad,3
X360,Smash Court Tennis 3 Review,Mediocre,5
X360,Mercenaries 2: World in Flames Review,Mediocre,5
PS3,Mercenaries 2: World in Flames Review,Mediocre,5
PC,Spore Review,Great,8
PS2,The Mummy: Tomb of the Dragon Emperor Review,Bad,3
PC,Murder in the Abbey Review,Good,7
X360,Infinite Undiscovery Review,Fair,6
PS3,NFL Head Coach 09 Review,Good,7
X360,NFL Head Coach 09 Review,Good,7
DS,The Mummy: Tomb of the Dragon Emperor Review,Bad,3
PS3,The Last Guy Review,Good,7
X360,Viva Pinata: Trouble in Paradise Review,Great,8
X360,Unreal Tournament 3 Review,Great,8
PC,Shattered Suns Review,Poor,4
PC,Dracula 3: Path of the Dragon Review,Mediocre,5
PS3,Hellboy: Science of Evil Review,Bad,3
X360,Castle Crashers Review,Great,8
PS3,Ferrari Challenge Trofeo Pirelli Review,Fair,6
PS3,Monster Madness: Grave Danger Review,Mediocre,5
DS,Mister Slime Review,Poor,4
PS3,Tiger Woods PGA TOUR 09 Review,Great,8
X360,Tiger Woods PGA TOUR 09 Review,Great,8
X360,Tales of Vesperia Review,Great,8
PS3,Disgaea 3: Absence of Justice Review,Good,7
DS,N+ Review,Great,8
PC,Space Siege Review,Mediocre,5
X360,Hellboy: Science of Evil Review,Bad,3
DS,Digimon World Championship Review,Mediocre,5
PS3,Ratchet & Clank Future: Quest for Booty Review,Good,7
PS2,MLB Power Pros 2008 Review,Great,8
DS,Carnival Games Review,Mediocre,5
X360,Galaga Legions Review,Great,8
DS,Wordmaster Review,Mediocre,5
DS,Garfield's Fun Fest Review,Poor,4
DS,Bangai-O Spirits Review,Great,8
PC,Legend: Hand of God Review,Poor,4
X360,Too Human Review,Mediocre,5
DS,New International Track & Field Review,Good,7
PC,Sam & Max: Season 2 Review,Great,8
PS3,Bionic Commando Rearmed Review,Great,8
X360,Bionic Commando Rearmed Review,Good,7
DS,Grid Review,Great,8
PC,International Cricket Captain 2008 Review,Mediocre,5
PC,1701 A.D. Gold Edition Review,Good,7
DS,Sid Meier's Civilization Revolution Review,Great,8
X360,Fable II Pub Games Review,Fair,6
X360,Madden NFL 09 Review,Great,8
PS3,Madden NFL 09 Review,Great,8
PS3,Siren: Blood Curse Review,Good,7
PC,Beijing 2008 - The Official Video Game of the Olympic Games Review,Bad,3
PC,Strong Bad's Cool Game for Attractive People Episode 1: Homestar Ruiner Review,Mediocre,5
X360,Braid Review,Superb,9
X360,Spectral Force 3 Review,Mediocre,5
X360,Puzzle Quest: Challenge of the Warlords - Revenge of the Plague Lord Review,Good,7
PS3,PixelJunk Eden Review,Good,7
PC,Dungeon Runners Review,Fair,6
X360,Geometry Wars: Retro Evolved 2 Review,Superb,9
PS3,Soulcalibur IV Review,Great,8
X360,Soulcalibur IV Review,Great,8
X360,1942: Joint Strike Review,Fair,6
X360,Go! Go! Break Steady Review,Fair,6
PS3,Elefunk Review,Good,7
PS3,Beijing 2008 - The Official Video Game of the Olympic Games Review,Bad,3
X360,Beijing 2008 - The Official Video Game of the Olympic Games Review,Bad,3
DS,Looney Tunes: Cartoon Conductor Review,Fair,6
PC,Out of the Park Baseball 9 Review,Great,8
PS3,Civilization Revolution Review,Superb,9
DS,Lego Indiana Jones: The Original Adventures Review,Good,7
DS,WALL-E Review,Bad,3
PS3,NCAA Football 09 Review,Good,7
PC,Devil May Cry 4 Review,Great,8
X360,Double D Dodgeball Review,Poor,4
PC,Baseball Mogul 2009 Review,Good,7
X360,Golf: Tee It Up Review,Good,7
X360,Schizoid Review,Good,7
DS,Nancy Drew: The Mystery of the Clue Bender Society Review,Mediocre,5
X360,Sid Meier's Civilization Revolution Review,Superb,9
X360,NCAA Football 09 Review,Good,7
X360,Operation Darkness Review,Fair,6
X360,Kung Fu Panda Review,Fair,6
DS,Code Lyoko: Fall of X.A.N.A. Review,Poor,4
DS,Final Fantasy IV Review,Superb,9
PC,Supreme Ruler 2020 Review,Poor,4
PS2,WALL-E Review,Good,7
PS3,Buzz!: Quiz TV Review,Good,7
PS3,Guitar Hero: Aerosmith Review,Good,7
PS2,Guitar Hero: Aerosmith Review,Good,7
DS,Etrian Odyssey II: Heroes of Lagaard Review,Good,7
PC,Belief & Betrayal Review,Poor,4
X360,Soulcalibur Review,Good,7
PC,The SimCity Box Review,Good,7
X360,Hail to the Chimp Review,Mediocre,5
PC,SimCity Societies: Destinations Review,Good,7
X360,Top Spin 3 Review,Great,8
PS3,NASCAR 09 Review,Good,7
X360,NASCAR 09 Review,Good,7
DS,Guitar Hero: On Tour Review,Fair,6
X360,WALL-E Review,Fair,6
PS3,WALL-E Review,Fair,6
PS3,Fatal Inertia EX Review,Fair,6
X360,Deadliest Catch: Alaskan Storm Review,Poor,4
DS,Mega Man Star Force 2: Zerker X Saurian Review,Mediocre,5
DS,Mega Man Star Force 2: Zerker X Ninja Review,Mediocre,5
PC,Insecticide Review,Fair,6
X360,Command & Conquer 3: Kane's Wrath Review,Good,7
PS3,Overlord: Raising Hell Review,Fair,6
PS3,Top Spin 3 Review,Great,8
DS,Wacky Races: Crash & Dash Review,Bad,3
DS,Trauma Center: Under the Knife 2 Review,Great,8
X360,Guitar Hero: Aerosmith Review,Good,7
X360,Happy Tree Friends False Alarm Review,Poor,4
X360,Ticket to Ride Review,Good,7
DS,Soul Bubbles Review,Good,7
PS3,Battlefield: Bad Company Review,Great,8
PC,Europa Universalis III: Napoleon's Ambition Review,Good,7
PC,The Sims Carnival: SnapCity Review,Poor,4
X360,Alone in the Dark Review,Fair,6
PC,Europa Universalis III: In Nomine Review,Great,8
X360,Supreme Commander Review,Mediocre,5
PC,The Incredible Hulk Review,Bad,3
PS2,The Incredible Hulk Review,Poor,4
X360,Battlefield: Bad Company Review,Great,8
PC,Stronghold Crusader Extreme Review,Bad,3
DS,Final Fantasy Tactics A2: Grimoire of the Rift Review,Good,7
PS3,PixelJunk Monsters Encore Review,Good,7
X360,Elements of Destruction Review,Fair,6
PS3,Dragon Ball Z: Burst Limit Review,Good,7
PC,The Political Machine 2008 Review,Good,7
PS3,The Chronicles of Narnia: Prince Caspian Review,Mediocre,5
DS,The Incredible Hulk Review,Good,7
X360,Sea Life Safari Review,Bad,3
X360,The Chronicles of Narnia: Prince Caspian Review,Mediocre,5
X360,Lost Planet: Extreme Conditions - Colonies Edition Review,Good,7
DS,Arkanoid DS Review,Great,8
PC,Penny Arcade Adventures: On the Rain-Slick Precipice of Darkness Review,Good,7
XBOX,Advent Rising Review,Mediocre,5
DS,Space Invaders Extreme Review,Good,7
PS3,Metal Gear Solid 4: Guns of the Patriots Review,Essential,1
X360,Wolf of the Battlefield: Commando 3 Review,Fair,6
PS3,Wolf of the Battlefield: Commando 3 Review,Fair,6
X360,Aces of the Galaxy Review,Great,8
PS3,The Incredible Hulk Review,Mediocre,5
X360,The Incredible Hulk Review,Mediocre,5
PC,The Chronicles of Narnia: Prince Caspian Review,Fair,6
X360,Dragon Ball Z: Burst Limit Review,Good,7
X360,Don King Presents: Prizefighter Review,Mediocre,5
X360,Roogoo Review,Good,7
PS3,Robert Ludlum's The Bourne Conspiracy Review,Great,8
XBOX,Showdown: Legends of Wrestling Review,Fair,6
PS2,Showdown: Legends of Wrestling Review,Fair,6
X360,Robert Ludlum's The Bourne Conspiracy Review,Great,8
PC,Dracula: Origin Review,Good,7
DS,Myst Review,Bad,3
DS,Summon Night: Twin Age Review,Good,7
PS3,Grid Review,Great,8
X360,GRID Review,Great,8
PS2,Lego Indiana Jones: The Original Adventures Review,Great,8
PC,Lego Indiana Jones: The Original Adventures Review,Great,8
X360,Ninja Gaiden II Review,Great,8
PC,Age of Conan: Hyborian Adventures Review,Great,8
X360,Lego Indiana Jones: The Original Adventures Review,Great,8
PS3,Lego Indiana Jones: The Original Adventures Review,Great,8
X360,Warlords Review,Poor,4
X360,Enemy Territory: Quake Wars Review,Fair,6
PS3,Enemy Territory: Quake Wars Review,Fair,6
PC,Mass Effect Review,Superb,9
PC,Galactic Civilizations II: Twilight of the Arnor Review,Superb,9
PS3,SingStar Review,Good,7
DS,The Chronicles of Narnia: Prince Caspian Review,Poor,4
PS3,Echochrome Review,Great,8
PC,Great War Nations: The Spartans Review,Mediocre,5
X360,Penny Arcade Adventures: On the Rain-Slick Precipice of Darkness Review,Good,7
PS3,Haze Review,Fair,6
PS2,Samurai Warriors 2: Xtreme Legends Review,Mediocre,5
PS2,Iron Man Review,Poor,4
PS2,World Heroes Anthology Review,Mediocre,5
X360,Assault Heroes 2 Review,Good,7
DS,Brain Voyage Review,Mediocre,5
PS2,Mana Khemia: Alchemists of Al-Revis Review,Good,7
PC,Sherlock Holmes: Nemesis Review,Fair,6
X360,Wits & Wagers Review,Poor,4
DS,Barnyard Blast: Swine of the Night Review,Fair,6
X360,Battlezone Review,Terrible,2
X360,Iron Man Review,Mediocre,5
PS3,Iron Man Review,Mediocre,5
PC,Turok Review,Fair,6
X360,Lost Cities Review,Great,8
PC,"Warhammer 40,000: Dawn of War: Soulstorm Review",Fair,6
PC,Overclocked: A History of Violence Review,Good,7
PC,Rainbow Six Vegas 2 Review,Good,7
DS,Pokemon Mystery Dungeon: Explorers of Darkness Review,Fair,6
DS,Pokemon Mystery Dungeon: Explorers of Time Review,Fair,6
PS3,Grand Theft Auto IV Review,Essential,1
PS2,Shin Megami Tensei: Persona 3 FES Review,Great,8
PS3,NBA Ballers: Chosen One Review,Mediocre,5
X360,NBA Ballers: Chosen One Review,Mediocre,5
DS,Teenage Zombies: Invasion of the Alien Brain Thingys Review,Fair,6
DS,The World Ends With You Review,Superb,9
X360,UEFA EURO 2008 Review,Great,8
PS3,UEFA EURO 2008 Review,Great,8
X360,Rocky and Bullwinkle Review,Poor,4
PC,The Club Review,Good,7
PC,Stranger Review,Poor,4
PS2,Heavenly Guardian Review,Bad,3
DS,Command and Destroy Review,Poor,4
PS3,Gran Turismo 5 Prologue Review,Good,7
PC,Sudden Strike 3: Arms for Victory Review,Fair,6
PC,Cleopatra: Riddle of the Tomb Review,Good,7
DS,M&M's Kart Racing Review,Terrible,2
PC,Audiosurf Review,Good,7
X360,Ikaruga Review,Great,8
PS3,Hot Shots Golf: Out of Bounds Review,Good,7
DS,Zoo Tycoon 2 DS Review,Mediocre,5
PC,Assassin's Creed Review,Great,8
PS2,Silent Hill: Origins Review,Fair,6
DS,Spitfire Heroes: Tales of the Royal Air Force Review,Mediocre,5
DS,Lost in Blue 3 Review,Mediocre,5
PC,XIII Century: Death or Glory Review,Good,7
X360,Mr. Driller Online Review,Terrible,2
DS,Brain Assist Review,Mediocre,5
X360,Universe at War: Earth Assault Review,Fair,6
DS,Mystery Dungeon: Shiren the Wanderer Review,Fair,6
PC,Seven Kingdoms: Conquest Review,Terrible,2
PS3,Viking: Battle for Asgard Review,Mediocre,5
X360,Viking: Battle for Asgard Review,Mediocre,5
DS,Pro Evolution Soccer 2008 Review,Fair,6
PC,SunAge Review,Terrible,2
PC,Command & Conquer 3: Kane's Wrath Review,Good,7
PS2,Naruto: Ultimate Ninja 3 Review,Good,7
X360,TiQal Review,Good,7
DS,Nanostray 2 Review,Great,8
PS2,Ratchet & Clank: Size Matters Review,Fair,6
PS3,Dynasty Warriors 6 Review,Fair,6
PS3,Dark Sector Review,Good,7
X360,Dark Sector Review,Good,7
PC,Ghost in the Sheet Review,Fair,6
DS,Sega Superstars Tennis Review,Fair,6
PS2,Sega Superstars Tennis Review,Good,7
PS3,Sega Superstars Tennis Review,Good,7
X360,Sega Superstars Tennis Review,Good,7
DS,Naruto: Ninja Destiny Review,Mediocre,5
X360,Tom Clancy's Rainbow Six Vegas 2 Review,Great,8
PS3,Condemned 2: Bloodshot Review,Great,8
PS3,MLB 08: The Show Review,Great,8
PC,Jack Keane Review,Good,7
PC,Imperium Romanum Review,Bad,3
X360,Bliss Island Review,Bad,3
PS3,Rocketmen: Axis of Evil Review,Fair,6
X360,Brain Challenge Review,Mediocre,5
DS,Ninja Gaiden Dragon Sword Review,Great,8
DS,Draglade Review,Fair,6
X360,Frontlines: Fuel of War Review,Good,7
DS,Final Fantasy Crystal Chronicles: Ring of Fates Review,Good,7
PS3,Turning Point: Fall of Liberty Review,Poor,4
X360,Turning Point: Fall of Liberty Review,Poor,4
PC,Spaceforce: Captains Review,Bad,3
X360,Rocketmen: Axis of Evil Review,Fair,6
PS3,Major League Baseball 2K8 Review,Fair,6
X360,Major League Baseball 2K8 Review,Fair,6
DS,Eco Creatures: Save the Forest Review,Mediocre,5
PS3,Lost Planet: Extreme Condition Review,Good,7
PC,City Life 2008 Edition Review,Mediocre,5
X360,Bully: Scholarship Edition Review,Good,7
X360,Army of Two Review,Fair,6
PS3,Army of Two Review,Fair,6
DS,Professor Kageyama's Maths Training: The Hundred Cell Calculation Method Review,Fair,6
PS2,MetropolisMania 2 Review,Fair,6
DS,Chibi-Robo: Park Patrol Review,Great,8
PS2,Soul Nomad & the World Eaters Review,Great,8
DS,Touch Detective 2 1/2 Review,Mediocre,5
DS,Orcs & Elves Review,Good,7
PS,Broken Sword: Shadow of the Templar Review,Mediocre,5
X360,FIFA Street 3 Review,Fair,6
DS,FIFA Street 3 Review,Fair,6
PS3,Conflict: Denied Ops Review,Mediocre,5
X360,Conflict: Denied Ops Review,Mediocre,5
PS3,Lost: Via Domus Review,Fair,6
PC,Lost: Via Domus Review,Fair,6
X360,Lost: Via Domus Review,Fair,6
DS,Bomberman Story DS Review,Fair,6
PC,Conflict: Denied Ops Review,Fair,6
X360,Triggerheart Exelica Review,Fair,6
DS,Apollo Justice: Ace Attorney Review,Good,7
PC,Pirates of the Burning Sea Review,Great,8
X360,N+ Review,Good,7
PC,Penumbra: Black Plague Review,Great,8
X360,Commanders: Attack of the Genos! Review,Good,7
PC,The Experiment Review,Good,7
X360,The Club Review,Good,7
PS3,The Club Review,Good,7
X360,Dark Messiah of Might and Magic: Elements Review,Bad,3
DS,Professor Layton and the Curious Village Review,Superb,9
X360,Discs of Tron Review,Poor,4
X360,Rez HD Review,Great,8
PC,Sins of a Solar Empire Review,Superb,9
X360,Poker Smash Review,Good,7
X360,Lost Odyssey Review,Good,7
PS3,Turok Review,Good,7
X360,Turok Review,Good,7
DS,Assassin's Creed: Altair's Chronicles Review,Fair,6
DS,Impossible Mission Review,Fair,6
X360,Undertow Review,Fair,6
DS,Rayman Raving Rabbids 2 Review,Fair,6
DS,"Warhammer 40,000: Squad Command Review",Poor,4
PS2,Twisted Metal Head On: Extra Twisted Edition Review,Good,7
PS3,Devil May Cry 4 Review,Great,8
X360,Devil May Cry 4 Review,Great,8
PS3,TimeShift Review,Fair,6
PS3,PixelJunk Monsters Review,Good,7
DS,Mario & Sonic at the Olympic Games Review,Fair,6
DS,Advance Wars: Days of Ruin Review,Great,8
PS2,The Legend of Spyro: The Eternal Night Review,Mediocre,5
X360,Tron Review,Fair,6
PS3,Burnout Paradise Review,Superb,9
X360,Burnout Paradise Review,Superb,9
PC,Avencast: Rise of the Mage Review,Good,7
X360,Boogie Bunnies Review,Fair,6
X360,MX vs. ATV Untamed Review,Fair,6
PS3,MX vs. ATV Untamed Review,Fair,6
PS2,Sonic Riders: Zero Gravity Review,Mediocre,5
X360,Omega Five Review,Good,7
DS,Master of Illusion Review,Good,7
PS2,History Channel: Battle for the Pacific Review,Poor,4
X360,NFL Tour Review,Mediocre,5
PS3,NFL Tour Review,Mediocre,5
X360,Kingdom Under Fire: Circle of Doom Review,Fair,6
PS2,Harvey Birdman: Attorney At Law Review,Fair,6
X360,NCAA March Madness 08 Review,Fair,6
PS3,NCAA March Madness 08 Review,Fair,6
DS,LifeSigns: Surgical Unit Review,Fair,6
X360,College Hoops 2K8 Review,Great,8
PS3,College Hoops 2K8 Review,Great,8
X360,Metal Slug 3 Review,Good,7
X360,Tempest Review,Poor,4
DS,Napoleon Dynamite Review,Poor,4
X360,History Channel: Battle for the Pacific Review,Terrible,2
PS2,Puzzle Quest: Challenge of the Warlords Review,Great,8
PC,Universe at War: Earth Assault Review,Good,7
PS2,The King of Fighters XI Review,Great,8
X360,Arkadian Warriors Review,Mediocre,5
DS,WordJong Review,Good,7
PS3,Unreal Tournament 3 Review,Great,8
PS2,Rock Band Review,Great,8
PC,Swashbucklers: Blue vs. Grey Review,Poor,4
PS2,Swashbucklers: Blue vs. Grey Review,Mediocre,5
PC,Championship Manager 2008 Review,Fair,6
DS,Final Fantasy XII: Revenant Wings Review,Great,8
X360,Switchball Review,Good,7
DS,Naruto: Path of the Ninja Review,Fair,6
X360,America's Army: True Soldiers Review,Mediocre,5
DS,Godzilla Unleashed: Double Smash Review,Terrible,2
PS2,The Golden Compass Review,Poor,4
X360,The Golden Compass Review,Poor,4
PS3,The Orange Box Review,Superb,9
PS2,Godzilla: Unleashed Review,Bad,3
PS3,The Golden Compass Review,Poor,4
DS,Bleach: The Blade of Fate Review,Great,8
PC,Fantasy Wars Review,Good,7
XBOX,Land of the Dead: Road to Fiddler's Green Review,Abysmal,1
PS3,PAIN Review,Good,7
DS,Cooking Mama 2: Dinner With Friends Review,Fair,6
X360,Bladestorm: The Hundred Years' War Review,Mediocre,5
PS3,Bladestorm: The Hundred Years' War Review,Mediocre,5
DS,Ontamarama Review,Good,7
PS3,Medal of Honor: Airborne Review,Good,7
DS,Geometry Wars: Galaxies Review,Good,7
DS,Contra 4 Review,Great,8
PC,Dawn of Magic Review,Bad,3
PC,Tabula Rasa Review,Good,7
PC,Next Life Review,Poor,4
PC,Escape From Paradise City Review,Fair,6
DS,Thrillville: Off the Rails Review,Fair,6
PS3,Soldier of Fortune: Payback Review,Poor,4
X360,Soldier of Fortune: Payback Review,Poor,4
PC,Soldier of Fortune: Payback Review,Poor,4
PC,Darkness Within: In Pursuit of Loath Nolder Review,Bad,3
PC,FIFA Manager 08 Review,Good,7
X360,BlackSite: Area 51 Review,Fair,6
PC,BlackSite: Area 51 Review,Fair,6
X360,F.E.A.R. Files Review,Good,7
PS3,Go! Sports Ski Review,Poor,4
PC,Flight Simulator X: Acceleration Review,Great,8
PC,Culpa Innata Review,Good,7
DS,Puzzle de Harvest Moon Review,Poor,4
PS2,King of Clubs Review,Mediocre,5
PC,Unreal Tournament 3 Review,Great,8
PS3,Time Crisis 4 Review,Mediocre,5
DS,Mario Party DS Review,Great,8
X360,Beowulf: The Game Review,Mediocre,5
PS3,Beowulf: The Game Review,Mediocre,5
PC,Beowulf: The Game Review,Mediocre,5
DS,WWE SmackDown! vs. RAW 2008 Review,Fair,6
PS2,Brunswick Pro Bowling Review,Fair,6
PS3,Rock Band Review,Superb,9
DS,Ultimate Mortal Kombat Review,Good,7
PS2,Boogie Review,Poor,4
PC,Pro Evolution Soccer 2008 Review,Good,7
DS,Bee Movie Game Review,Mediocre,5
X360,"Scene It? Lights, Camera, Action Review",Good,7
X360,Bee Movie Game Review,Fair,6
PS2,Bee Movie Game Review,Fair,6
X360,Mass Effect Review,Great,8
PS3,Uncharted: Drake's Fortune Review,Great,8
PC,You Are Empty Review,Abysmal,1
PC,Need for Speed ProStreet Review,Fair,6
DS,Dragon Quest Monsters: Joker Review,Good,7
PC,SimCity Societies Review,Fair,6
PC,Guitar Hero III: Legends of Rock Review,Good,7
PC,Empire Earth III Review,Bad,3
DS,Neves Review,Fair,6
DS,Super Collapse 3 Review,Good,7
PS3,Blazing Angels 2: Secret Weapons of WWII Review,Good,7
PS3,Need for Speed ProStreet Review,Good,7
PC,Viva Piñata Review,Good,7
DS,The Simpsons Game Review,Good,7
X360,WWE SmackDown! vs. RAW 2008 Review,Fair,6
PS3,WWE SmackDown! vs. RAW 2008 Review,Fair,6
PS2,WWE SmackDown! vs. RAW 2008 Review,Fair,6
PC,F.E.A.R. Perseus Mandate Review,Mediocre,5
X360,Need for Speed ProStreet Review,Good,7
X360,Kane & Lynch: Dead Men Review,Fair,6
PS3,Kane & Lynch: Dead Men Review,Fair,6
PS2,Need for Speed ProStreet Review,Fair,6
DS,EA Playground Review,Mediocre,5
PS3,Assassin's Creed Review,Superb,9
X360,Assassin's Creed Review,Superb,9
PC,Crysis Review,Superb,9
X360,Viva Piñata: Party Animals Review,Mediocre,5
PS2,Fire Pro Wrestling Returns Review,Good,7
DS,Showtime Championship Boxing Review,Terrible,2
PS2,Aqua Teen Hunger Force Zombie Ninja Pro-Am Review,Bad,3
X360,Word Puzzle Review,Poor,4
DS,Crash of the Titans Review,Good,7
PC,Hellgate: London Review,Good,7
PC,Heroes of Might and Magic V: Tribes of the East Review,Mediocre,5
PC,Supreme Commander: Forged Alliance Review,Great,8
DS,Dementium: The Ward Review,Good,7
X360,Lego Star Wars: The Complete Saga Review,Good,7
PS3,Lego Star Wars: The Complete Saga Review,Good,7
PS2,Pro Evolution Soccer 2008 Review,Good,7
PC,Gears of War Review,Superb,9
PC,Football Manager 2008 Review,Great,8
X360,Thrillville: Off the Rails Review,Good,7
PS2,Thrillville: Off the Rails Review,Good,7
PC,Thrillville: Off the Rails Review,Good,7
PS2,MotoGP 07 Review,Fair,6
PC,Fury Review,Poor,4
PC,Painkiller: Overdose Review,Good,7
X360,Mutant Storm Empire Review,Good,7
PS2,The Simpsons Game Review,Good,7
X360,Looney Tunes: Acme Arsenal Review,Bad,3
PS2,Looney Tunes: Acme Arsenal Review,Bad,3
X360,TimeShift Review,Fair,6
PC,TimeShift Review,Fair,6
PS3,Stranglehold Review,Good,7
DS,Digimon World: Dawn/Dusk Review,Fair,6
X360,Virtua Fighter 5 Review,Great,8
PS3,The Simpsons Game Review,Good,7
X360,Pro Evolution Soccer 2008 Review,Good,7
PS3,Pro Evolution Soccer 2008 Review,Fair,6
PS2,Manhunt 2 Review,Good,7
X360,Naruto: Rise of a Ninja Review,Good,7
X360,The Simpsons Game Review,Good,7
X360,Battlestar Galactica Review,Fair,6
PC,Battlestar Galactica Review,Mediocre,5
PS2,Guitar Hero III: Legends of Rock Review,Good,7
X360,Guitar Hero III: Legends of Rock Review,Great,8
PS3,Guitar Hero III: Legends of Rock Review,Great,8
PC,Clive Barker's Jericho Review,Fair,6
X360,Clive Barker's Jericho Review,Fair,6
PS3,Clive Barker's Jericho Review,Fair,6
PS2,Buzz!: The Mega Quiz Review,Good,7
X360,Tomb Raider: Anniversary Review,Good,7
PS2,FIFA 08 Review,Great,8
PC,Blazing Angels 2: Secret Missions of WWII Review,Good,7
DS,Mega Man ZX Advent	Review,Good,7
X360,Exit Review,Great,8
DS,Prism: Light the Way Review,Fair,6
PC,The History Channel: Great Battles of Rome Review,Bad,3
DS,Kurupoto: Cool Cool Stars Review,Poor,4
PS3,Conan Review,Good,7
PS2,The Sims 2: Castaway Review,Good,7
DS,Tony Hawk's Proving Ground Review,Great,8
PS3,Ratchet & Clank Future: Tools of Destruction Review,Good,7
X360,Ace Combat 6: Fires of Liberation Review,Great,8
DS,Phoenix Wright: Ace Attorney Trials and Tribulations Review,Good,7
PC,Age of Empires III: The Asian Dynasties Review,Good,7
PS2,Tony Hawk's Proving Ground Review,Mediocre,5
PS2,Growlanser: Heritage of War Review,Fair,6
PC,Agatha Christie: Evil Under the Sun Review,Mediocre,5
DS,Looney Tunes: Duck Amuck Review,Fair,6
PS3,The Eye of Judgment Review,Good,7
X360,Every Extend Extra Extreme Review,Good,7
X360,Speedball 2: Brutal Deluxe Review,Good,7
DS,Flash Focus: Vision training in minutes a day Review,Good,7
DS,MySims Review,Fair,6
PC,RACE 07: The WTCC Game Review,Great,8
X360,Tony Hawk's Proving Ground Review,Fair,6
PS3,Tony Hawk's Proving Ground Review,Fair,6
PS2,MLB Power Pros Review,Great,8
PC,Death to Spies Review,Good,7
PS2,CSI: 3 Dimensions of Murder Review,Poor,4
X360,Beautiful Katamari Review,Good,7
DS,Race Driver: Create & Race Review,Good,7
X360,Crash of the Titans Review,Good,7
PS2,Crash of the Titans Review,Good,7
PC,Tarr Chronicles Review,Poor,4
PS2,Dance Dance Revolution: SuperNOVA 2 Review,Mediocre,5
X360,Fatal Fury Special Review,Fair,6
PS3,Everyday Shooter Review,Great,8
DS,Spider-Man: Friend or Foe Review,Good,7
PS2,NBA 2K8 Review,Fair,6
PC,Loki: Heroes of Mythology Review,Good,7
X360,Puzzle Quest: Challenge of the Warlords Review,Superb,9
PC,Neverwinter Nights 2: Mask of the Betrayer Review,Great,8
PS2,NBA Live 08 Review,Fair,6
DS,Juiced 2: Hot Import Nights Review,Good,7
X360,The Orange Box Review,Superb,9
PC,The Orange Box Review,Superb,9
X360,Sega Rally Revo Review,Good,7
PS3,Sega Rally Revo Review,Good,7
PS2,Spider-Man: Friend or Foe Review,Good,7
X360,FlatOut: Ultimate Carnage Review,Good,7
PS2,NBA 08 Review,Fair,6
PS3,Folklore Review,Good,7
X360,Tetris Splash Review,Mediocre,5
PC,Undercover: Operation Wintersun Review,Bad,3
X360,NBA Live 08 Review,Good,7
PS3,NBA Live 08 Review,Good,7
X360,Spider-Man: Friend or Foe Review,Good,7
PC,Spider-Man: Friend or Foe Review,Good,7
X360,CSI: Crime Scene Investigation: Hard Evidence Review,Mediocre,5
PC,CSI: Crime Scene Investigation: Hard Evidence Review,Mediocre,5
PS3,FIFA 08 Review,Great,8
X360,FIFA 08 Review,Great,8
X360,NBA 2K8 Review,Great,8
PS3,NBA 2K8 Review,Great,8
DS,The Legend of Zelda: Phantom Hourglass Review,Superb,9
X360,Project Gotham Racing 4 Review,Great,8
PS2,Jackass: The Game Review,Fair,6
X360,Blazing Angels 2: Secret Weapons of WWII Review,Good,7
PC,Enemy Territory: Quake Wars Review,Great,8
PS3,Skate Review,Good,7
PS3,PixelJunk Racers Review,Good,7
PS2,Digimon World: Data Squad Review,Poor,4
DS,Balls of Fury Review,Good,7
PS3,NBA 08 Review,Mediocre,5
X360,Warriors Orochi Review,Mediocre,5
PS2,Warriors Orochi Review,Mediocre,5
PS3,LocoRoco Cocoreccho Review,Fair,6
PC,Company of Heroes: Opposing Fronts Review,Great,8
X360,Juiced 2: Hot Import Nights Review,Fair,6
PS2,Guilty Gear XX Accent Core Review,Good,7
PS2,Juiced 2: Hot Import Nights Review,Mediocre,5
X360,Kengo: Legend of the 9 Review,Bad,3
DS,7 Wonders of the Ancient World Review,Mediocre,5
PS3,Nucleus Review,Mediocre,5
X360,Halo 3 Review,Superb,9
DS,Tiger Woods PGA Tour 08 Review,Great,8
PC,Galactic Assault: Prisoner of Power Review,Good,7
DS,Worms: Open Warfare 2 Review,Good,7
PC,The Sims 2: Bon Voyage Review,Good,7
PS2,NHL 08 Review,Fair,6
PC,NHL 08 Review,Fair,6
PC,World in Conflict Review,Superb,9
PS2,Syphon Filter: Dark Mirror Review,Good,7
DS,Turn It Around Review,Poor,4
X360,Eternal Sonata Review,Great,8
X360,Skate Review,Good,7
DS,Drawn to Life Review,Good,7
X360,Fatal Inertia Review,Fair,6
PS3,DiRT Review,Great,8
DS,Jam Sessions Review,Fair,6
PS3,NHL 08 Review,Great,8
X360,NHL 08 Review,Great,8
X360,DiRT Review,Great,8
PC,Guild Wars: Eye of the North Review,Great,8
X360,Sonic the Hedgehog 2 Review,Great,8
PS3,NHL 2K8 Review,Good,7
X360,NHL 2K8 Review,Good,7
DS,DK Jungle Climber Review,Good,7
PS3,Heavenly Sword Review,Great,8
DS,The Settlers Review,Bad,3
PC,Anacapri - The Dream Review,Terrible,2
PC,Instinct Review,Terrible,2
PS2,Naruto: Uzumaki Chronicles 2 Review,Mediocre,5
PC,Medieval II: Total War Kingdoms Review,Great,8
PC,ThreadSpace: Hyperbol Review,Fair,6
X360,Cyberball 2072 Review,Terrible,2
PS2,Tiger Woods PGA Tour 08 Review,Mediocre,5
DS,Operation: Vietnam Review,Mediocre,5
X360,Stranglehold Review,Good,7
X360,Medal of Honor: Airborne Review,Good,7
PC,Medal of Honor: Airborne Review,Good,7
X360,MotoGP 07 Review,Good,7
PS3,Lair Review,Poor,4
X360,Two Worlds Review,Good,7
PC,Two Worlds Review,Good,7
PS3,Tom Clancy's Ghost Recon Advanced Warfighter 2 Review,Great,8
PS2,Wild ARMs 5 Review,Good,7
X360,Dynasty Warriors: Gundam Review,Mediocre,5
PS3,Dynasty Warriors: Gundam Review,Mediocre,5
X360,Streets of Rage 2 Review,Great,8
X360,Super Puzzle Fighter II Turbo HD Remix Review,Good,7
PS3,Super Puzzle Fighter II Turbo HD Remix Review,Good,7
PS3,Warhawk Review,Great,8
X360,Blue Dragon Review,Fair,6
X360,Tiger Woods PGA Tour 08 Review,Fair,6
PS3,Tiger Woods PGA Tour 08 Review,Good,7
X360,Stuntman Ignition Review,Good,7
PS3,Stuntman Ignition Review,Good,7
PS2,Stuntman Ignition Review,Good,7
DS,Labyrinth Review,Bad,3
DS,Brain Age 2: More Training in Minutes a Day Review,Good,7
X360,Space Giraffe Review,Good,7
PC,BioShock Review,Superb,9
DS,Madden NFL 08 Review,Great,8
DS,Cookie & Cream Review,Good,7
PC,Madden NFL 08 Review,Fair,6
X360,BioShock Review,Superb,9
X360,Ecco the Dolphin Review,Fair,6
PS2,Madden NFL 08 Review,Good,7
XBOX,Madden NFL 08 Review,Good,7
X360,Hexic 2 Review,Good,7
PC,Attack on Pearl Harbor Review,Good,7
DS,Mega Man Star Force: Dragon Review,Fair,6
DS,Mega Man Star Force: Leo Review,Fair,6
DS,Mega Man Star Force: Pegasus Review,Fair,6
PC,Driver: Parallel Lines Review,Mediocre,5
DS,Heroes of Mana Review,Mediocre,5
X360,Madden NFL 08 Review,Great,8
PS3,Madden NFL 08 Review,Great,8
PC,Combat Mission: Shock Force Review,Poor,4
X360,Track & Field Review,Fair,6
PC,International Cricket Captain III Review,Fair,6
DS,Glory Days 2 Review,Good,7
X360,Spyglass Board Games Review,Mediocre,5
PC,Enemy Engaged 2 Review,Fair,6
X360,Marathon: Durandal Review,Fair,6
PS2,NASCAR 08 Review,Fair,6
DS,Ratatouille Review,Good,7
PS3,NASCAR 08 Review,Fair,6
X360,NASCAR 08 Review,Fair,6
DS,Deal or No Deal Review,Abysmal,1
DS,Picross DS Review,Great,8
PC,Gods: Lands of Infinity Review,Poor,4
PS2,Rugby 08 Review,Good,7
X360,Super Contra Review,Fair,6
X360,Wing Commander Arena Review,Poor,4
DS,Dynasty Warriors DS: Fighter's Battle Review,Poor,4
PC,The Guild 2: Pirates Of The High Seas Review,Fair,6
PC,Civilization IV: Beyond the Sword Review,Great,8
DS,B-17: Fortress in the Sky Review,Poor,4
PS2,Shin Megami Tensei: Persona 3 Review,Great,8
PS2,Hot Shots Tennis Review,Mediocre,5
DS,Fantastic 4: Rise of the Silver Surfer Review,Bad,3
PS2,Guitar Hero Encore: Rocks the 80s Review,Good,7
PC,Tom Clancy's Ghost Recon Advanced Warfighter 2 Review,Good,7
PS2,NCAA Football 08 Review,Great,8
XBOX,NCAA Football 08 Review,Great,8
X360,Project Sylpheed Review,Mediocre,5
X360,Vampire Rain Review,Bad,3
PC,Marvel Trading Card Game Review,Fair,6
X360,All-Pro Football 2K8 Review,Good,7
PS3,All-Pro Football 2K8 Review,Good,7
X360,Bomberman Live Review,Good,7
PS3,NCAA Football 08 Review,Great,8
X360,NCAA Football 08 Review,Great,8
X360,Golden Axe Review,Fair,6
X360,Yie Ar Kung Fu Review,Mediocre,5
X360,Sonic the Hedgehog Arcade Review,Good,7
DS,Harry Potter and the Order of the Phoenix Review,Mediocre,5
PC,Terror Strike: Close Quarters Combat Review,Mediocre,5
DS,Nervous Brickdown Review,Good,7
PC,Call for Heroes: Pompolic Wars Review,Terrible,2
X360,Missile Command Review,Poor,4
DS,Hoshigami: Ruining Blue Earth Remix Review,Mediocre,5
DS,Touchmaster Review,Good,7
PC,Dead Reefs Review,Mediocre,5
X360,Harry Potter and the Order of the Phoenix Review,Mediocre,5
PS2,Harry Potter and the Order of the Phoenix Review,Mediocre,5
PS3,Harry Potter and the Order of the Phoenix Review,Mediocre,5
PC,Harry Potter and the Order of the Phoenix Review,Mediocre,5
PS3,Super Stardust HD Review,Good,7
DS,Transformers: Autobots Review,Fair,6
DS,Transformers: Decepticons Review,Fair,6
PC,Ratatouille Review,Fair,6
PS2,Ratatouille Review,Fair,6
XBOX,Ratatouille Review,Fair,6
X360,Ratatouille Review,Poor,4
PS3,Ninja Gaiden Sigma Review,Superb,9
PC,Hospital Tycoon Review,Poor,4
PS2,The Adventures of Darwin Review,Bad,3
PS2,AFL Premiership 2007 Review,Mediocre,5
PS3,Tom Clancy's Rainbow Six Vegas Review,Superb,9
X360,Hour of Victory Review,Terrible,2
DS,Brothers In Arms Review,Fair,6
DS,Surf's Up Review,Fair,6
X360,Overlord Review,Good,7
PC,Overlord Review,Good,7
X360,Carcassonne Review,Good,7
PC,Lost Planet: Extreme Condition Review,Good,7
X360,The Darkness Review,Great,8
PS3,The Darkness Review,Great,8
PC,Defender of the Crown: Heroes Live Forever Review,Terrible,2
PS2,The BIGS Review,Good,7
PS2,Transformers: The Game Review,Fair,6
PS3,The BIGS Review,Great,8
X360,The BIGS Review,Great,8
X360,Transformers: The Game Review,Fair,6
PS3,Transformers: The Game Review,Fair,6
DS,SimCity DS Review,Good,7
PC,Sword of the Stars: Born of Blood Review,Good,7
PC,"Warhammer 40,000: Dawn of War - Dark Crusade Review",Great,8
X360,Dig Dug Review,Fair,6
PS2,World Championship Poker: Featuring Howard Lederer - All In Review,Mediocre,5
X360,Tom Clancy's Splinter Cell Double Agent Review,Great,8
PC,Age of Pirates: Caribbean Tales Review,Poor,4
PC,Battlefield 2142 Review,Great,8
PC,Sam & Max Episode 1: Culture Shock Review,Good,7
DS,Nicktoons Unite! Review,Mediocre,5
PS2,Shin Megami Tensei: Devil Summoner - Raidou Kuzunoha vs. the Soulless Army Review,Good,7
PS2,Tom Clancy's Splinter Cell Double Agent Review,Great,8
XBOX,Tom Clancy's Splinter Cell Double Agent Review,Great,8
DS,Justice League Heroes Review,Mediocre,5
PS2,Tom Clancy's Ghost Recon Advanced Warfighter Review,Poor,4
PS2,Dynasty Warriors 5 Empires Review,Good,7
X360,Dynasty Warriors 5 Empires Review,Good,7
PS2,Midnight Club 3: DUB Edition Remix Review,Great,8
XBOX,Midnight Club 3: DUB Edition Remix Review,Great,8
PS3,Genji: Days of the Blade Review,Fair,6
PC,UFO: Aftershock Review,Poor,4
PC,Space Hack Review,Mediocre,5
PC,Guild Wars Nightfall Review,Great,8
PS3,NBA 07 Review,Poor,4
XBOX,Tom Clancy's Ghost Recon Advanced Warfighter Review,Mediocre,5
PC,Dungeons & Dragons Online: Stormreach Review,Good,7
PC,Warhammer: Mark of Chaos Review,Good,7
PS3,Tiger Woods PGA Tour 07 Review,Great,8
PS2,Metal Gear Solid 3: Subsistence Review,Superb,9
PC,Tom Clancy's Splinter Cell Double Agent Review,Great,8
X360,Blitz: The League Review,Good,7
PS3,Marvel: Ultimate Alliance Review,Great,8
PS2,Marvel: Ultimate Alliance Review,Great,8
XBOX,Marvel: Ultimate Alliance Review,Great,8
PS2,Cricket 07 Review,Good,7
X360,College Hoops 2K6 Review,Good,7
PS2,Superman Returns: The Videogame Review,Poor,4
XBOX,Superman Returns: The Videogame Review,Poor,4
PC,The Sims 2: Open for Business Review,Great,8
X360,Burnout Revenge Review,Great,8
DS,Tamagotchi Connection: Corner Shop 2 Review,Fair,6
DS,Castlevania: Portrait of Ruin Review,Great,8
PS2,State of Emergency 2 Review,Mediocre,5
XBOX,Avatar: The Last Airbender Review,Mediocre,5
PS2,Eureka Seven - Vol. 1: The New Wave Review,Poor,4
DS,Age of Empires: The Age of Kings Review,Great,8
PC,Land of the Dead: Road to Fiddler's Green Review,Terrible,2
PS2,SingStar Rocks! Review,Good,7
DS,Resident Evil: Deadly Silence Review,Good,7
PC,MX vs. ATV Unleashed Review,Good,7
PC,Dominions 3: The Awakening Review,Great,8
XBOX,MX vs. ATV Unleashed Review,Good,7
PS2,MX vs. ATV Unleashed Review,Good,7
X360,Band of Bugs Review,Fair,6
PC,Call of Juarez Review,Good,7
PS2,Fantastic 4: Rise of the Silver Surfer Review,Terrible,2
DS,Fossil League: Dino Tournament Championship Review,Good,7
DS,The New York Times Crosswords Review,Great,8
PS2,Art of Fighting Anthology Review,Poor,4
PS2,Raw Danger Review,Fair,6
DS,Code Lyoko Review,Fair,6
X360,Brian Lara International Cricket 2007 Review,Good,7
X360,Catan Review,Good,7
PS2,Tomb Raider: Anniversary Review,Great,8
X360,UEFA Champions League 2006-2007 Review,Good,7
PS2,Test Drive Unlimited Review,Good,7
X360,Test Drive Unlimited Review,Good,7
PC,Test Drive Unlimited Review,Good,7
DS,Pokémon Diamond/Pokémon Pearl Review,Great,8
PS2,Raiden III Review,Fair,6
X360,Guitar Hero II Review,Great,8
X360,Worms Review,Good,7
DS,Winning Eleven: Pro Evolution Soccer 2007 Review,Fair,6
PC,Jade Empire: Special Edition Review,Good,7
PS3,The Godfather: The Don's Edition Review,Good,7
DS,Diddy Kong Racing DS Review,Fair,6
DS,Arthur and the Invisibles Review,Good,7
PC,Arthur and the Invisibles Review,Good,7
PS3,Lemmings Review,Good,7
PS3,GripShift Review,Fair,6
PS3,Q*bert Review,Mediocre,5
PS3,Fantastic 4: Rise of the Silver Surfer Review,Mediocre,5
X360,Fantastic 4: Rise of the Silver Surfer Review,Mediocre,5
PC,DiRT Review,Great,8
PS2,Naruto: Ultimate Ninja 2 Review,Good,7
PC,UFO: Afterlight Review,Fair,6
PS3,Go! Puzzle Review,Fair,6
PS2,GrimGrimoire Review,Great,8
DS,Time Ace Review,Fair,6
PC,Myth III: The Wolf Age Review,Great,8
X360,Monster Madness: Battle for Suburbia Review,Mediocre,5
X360,Prince of Persia Classic Review,Great,8
PC,Surf's Up Review,Fair,6
PC,Monster Madness: Battle for Suburbia Review,Mediocre,5
PS3,Surf's Up Review,Fair,6
X360,Surf's Up Review,Fair,6
X360,Tenchu Z Review,Poor,4
DS,Dragon Ball Z: Harukanaru Densetsu Review,Mediocre,5
PC,Kudos Review,Good,7
DS,Planet Puzzle League Review,Good,7
X360,Call of Juarez Review,Good,7
PC,Tomb Raider: Anniversary Review,Great,8
X360,Pac-Man Championship Edition Review,Good,7
PC,LA Street Racing Review,Poor,4
PS3,Joust Review,Mediocre,5
PC,Marine Sharpshooter III Review,Terrible,2
PC,Spaceforce: Rogue Universe Review,Good,7
PS3,Championship Sprint Review,Terrible,2
PC,The Secrets of Atlantis: The Sacred Legacy Review,Bad,3
DS,Naruto: Ninja Council 3 Review,Fair,6
DS,Tank Beat Review,Bad,3
DS,Diner Dash Review,Fair,6
X360,Shadowrun Review,Fair,6
PC,Shadowrun Review,Fair,6
PS2,Atelier Iris 3: Grand Phantasm Review,Fair,6
PS2,Surf's Up Review,Fair,6
X360,Mad Tracks Review,Poor,4
DS,Pirates of the Caribbean: At World's End Review,Good,7
PS2,Taito Legends 2 Review,Fair,6
DS,Marvel Trading Card Game Review,Fair,6
PC,Loco Mania Review,Fair,6
X360,Forza Motorsport 2 Review,Superb,9
DS,Etrian Odyssey Review,Good,7
PS3,Rampage World Tour Review,Mediocre,5
X360,WarTech: Senko no Ronde Review,Mediocre,5
PS2,Dawn of Mana Review,Mediocre,5
PC,Halo 2 Review,Good,7
PC,Pirates of the Caribbean: At World's End Review,Mediocre,5
PS2,Pirates of the Caribbean: At World's End Review,Mediocre,5
DS,Shrek the Third Review,Fair,6
X360,Pirates of the Caribbean: At World's End Review,Fair,6
X360,Rush 'n Attack Review,Mediocre,5
PS3,Pirates of the Caribbean: At World's End Review,Fair,6
PS2,Legend of the Dragon Review,Bad,3
X360,Xevious Review,Fair,6
DS,Death Jr. and the Science Fair of Doom Review,Poor,4
PS2,Odin Sphere Review,Good,7
PC,Resident Evil 4 Review,Good,7
DS,Touch the Dead Review,Mediocre,5
PS2,Shrek the Third Review,Mediocre,5
PC,Infernal Review,Mediocre,5
PS2,SBK'07 - Superbike World Championship Review,Good,7
X360,Soltrio Solitaire Review,Mediocre,5
PS3,MLB 07: The Show Review,Great,8
PS2,.hack//G.U. vol. 2//Reminisce Review,Mediocre,5
PC,Theatre of War Review,Good,7
PS2,Tony Hawk's Downhill Jam Review,Mediocre,5
PC,Made Man Review,Terrible,2
PS3,Rampart Review,Poor,4
DS,Spider-Man 3 Review,Great,8
PC,UFO: Extraterrestrials Review,Mediocre,5
PC,The Lord of the Rings Online: Shadows of Angmar Review,Great,8
DS,Classic Action: Devilish Review,Mediocre,5
X360,Double Dragon Review,Fair,6
PC,ArmA: Combat Operations Review,Good,7
PC,Spider-Man 3 Review,Fair,6
PS2,Tokyo Xtreme Racer DRIFT 2 Review,Mediocre,5
X360,Command & Conquer 3 Tiberium Wars Review,Great,8
DS,SNK vs. Capcom Card Fighters DS Review,Poor,4
PS2,Th3 Plan Review,Poor,4
PS2,Spider-Man 3 Review,Poor,4
X360,Spider-Man 3 Review,Fair,6
PS3,Spider-Man 3 Review,Fair,6
PS2,The Red Star Review,Great,8
PS3,Super Rub a Dub Review,Bad,3
PS3,Gauntlet II Review,Fair,6
PC,Penumbra: Overture -- Episode One Review,Good,7
PS2,Heatseeker Review,Mediocre,5
X360,Centipede/Millipede Review,Poor,4
PC,Sam & Max Episode 6: Bright Side of the Moon Review,Great,8
PC,Ancient Wars: Sparta Review,Fair,6
PC,Dunes of War Review,Mediocre,5
PS3,Calling All Cars! Review,Fair,6
X360,Rayman Raving Rabbids Review,Good,7
PS3,F.E.A.R. Review,Good,7
X360,Eets: Chowdown Review,Good,7
X360,Pinball FX Review,Fair,6
X360,Gyruss Review,Fair,6
PC,Whirlwind Over Vietnam Review,Bad,3
PC,Air Battles: Sky Defender Review,Good,7
X360,3D Ultra Minigolf Adventures Review,Mediocre,5
PS2,Eureka Seven Vol. 2: The New Vision Review,Fair,6
DS,Disney's Meet the Robinsons Review,Fair,6
PS3,Mortal Kombat II Review,Good,7
DS,Cake Mania Review,Poor,4
PC,Dawnspire: Prelude Review,Fair,6
X360,Disney's Meet the Robinsons Review,Fair,6
PS2,Disney's Meet the Robinsons Review,Fair,6
PC,Disney's Meet the Robinsons Review,Fair,6
PS3,Tom Clancy's Splinter Cell Double Agent Review,Great,8
X360,Boom Boom Rocket Review,Fair,6
PC,Romance of the Three Kingdoms IV: Wall of Fire Review,Bad,3
PS2,Samurai Warriors Review,Good,7
PS2,Brave: The Search for Spirit Dancer Review,Fair,6
X360,Luxor 2 Review,Mediocre,5
PC,Etrom: The Astral Essence Review,Terrible,2
DS,Final Fantasy Fables: Chocobo Tales Review,Great,8
PC,Great Invasions Review,Mediocre,5
PC,Making History: The Calm and the Storm Review,Fair,6
DS,Mind Quiz: Your Brain Coach Review,Poor,4
PS2,Made Man Review,Terrible,2
PC,Baseball Mogul 2008 Review,Great,8
PS2,Metal Slug Anthology Review,Great,8
PS2,SingStar Pop Review,Good,7
PS3,Enchanted Arms Review,Fair,6
DS,Pogo Island Review,Fair,6
DS,Theme Park Review,Fair,6
PS2,ProStroke Golf - World Tour 2007 Review,Mediocre,5
PC,Silverfall Review,Fair,6
PC,Sam & Max Episode 5: Reality 2.0 Review,Great,8
PS2,Lumines Plus Review,Good,7
PS2,Championship Manager 2007 Review,Good,7
PS2,UEFA Champions League 2006-2007 Review,Good,7
PS2,Shining Force Exa Review,Mediocre,5
DS,Rayman Raving Rabbids Review,Mediocre,5
DS,Honeycomb Beat Review,Fair,6
PC,The Mark Review,Bad,3
PS2,Medal of Honor: Vanguard Review,Mediocre,5
X360,Jetpac Refuelled Review,Good,7
DS,Steel Horizon Review,Bad,3
DS,Lost in Blue 2 Review,Fair,6
PC,Sherlock Holmes: The Awakened Review,Great,8
DS,Konami Classics Series: Arcade Hits Review,Good,7
DS,Major League Baseball 2K7 Review,Terrible,2
PC,Command & Conquer 3 Tiberium Wars Review,Superb,9
PC,Silent Hunter: Wolves of the Pacific Review,Great,8
X360,Tetris Evolution Review,Fair,6
PC,Frontline: Fields of Thunder Review,Mediocre,5
PS3,The Elder Scrolls IV: Oblivion Review,Superb,9
DS,TMNT Review,Bad,3
PC,Genesis Rising: The Universal Crusade Review,Mediocre,5
X360,Earth Defense Force 2017 Review,Good,7
X360,Castlevania: Symphony of the Night Review,Great,8
PS3,Virtua Tennis 3 Review,Great,8
PS3,Armored Core 4 Review,Good,7
X360,Virtua Tennis 3 Review,Great,8
DS,Puzzle Quest Review,Great,8
X360,Armored Core 4 Review,Good,7
X360,TMNT Review,Fair,6
PC,TMNT Review,Fair,6
PS2,TMNT Review,Fair,6
DS,Custom Robo Arena Review,Good,7
PC,S.T.A.L.K.E.R.: Shadow of Chernobyl Review,Great,8
PC,Alien Shooter: Vengeance Review,Good,7
PC,Tortuga - Two Treasures Review,Poor,4
X360,Major League Baseball 2K7 Review,Good,7
PS3,College Hoops 2K7 Review,Great,8
PC,GTI Racer Review,Mediocre,5
PC,Titan Quest: Immortal Throne Review,Good,7
DS,QuickSpot Review,Fair,6
PC,Knights of the Temple II Review,Poor,4
DS,Inuyasha: Secret of the Divine Jewel Review,Bad,3
X360,Teenage Mutant Ninja Turtles Review,Good,7
DS,Spectrobes Review,Fair,6
PC,Top Spin 2 Review,Good,7
PC,The Sacred Rings Review,Poor,4
PC,Battlefield 2142: Northern Strike Review,Good,7
PS2,God of War II Review,Superb,9
PS2,Burnout Dominator Review,Great,8
PC,Runaway: The Dream of the Turtle Review,Mediocre,5
PS3,NBA Street Homecourt Review,Great,8
PS2,Major League Baseball 2K7 Review,Fair,6
XBOX,Major League Baseball 2K7 Review,Fair,6
DS,F24: Stealth Fighter Review,Bad,3
PS3,Def Jam: Icon Review,Great,8
X360,Tom Clancy's Ghost Recon Advanced Warfighter 2 Review,Great,8
PS2,Grand Theft Auto: Vice City Stories Review,Good,7
PC,Geometry Wars: Retro Evolved Review,Fair,6
X360,Def Jam: Icon Review,Great,8
PS2,MLB 07: The Show Review,Great,8
X360,Samurai Warriors 2: Empires Review,Fair,6
PS2,Samurai Warriors 2 Empires Review,Fair,6
DS,Meteos: Disney Magic Review,Good,7
PS3,MotorStorm Review,Good,7
DS,Wario: Master of Disguise Review,Fair,6
PC,Secrets of the Ark: A Broken Sword Game Review,Good,7
PS3,Major League Baseball 2K7 Review,Good,7
DS,Trioncube Review,Mediocre,5
PC,War Front: Turning Point Review,Good,7
X360,Alien Hominid HD Review,Great,8
DS,Izuna: The Legend of the Unemployed Ninja Review,Fair,6
X360,Dance Dance Revolution Universe Review,Good,7
PC,Galactic Civilizations II: Dark Avatar Review,Superb,9
PC,The Sims 2 Seasons Review,Good,7
PS3,Formula One Championship Edition Review,Good,7
X360,Bullet Witch Review,Mediocre,5
PC,War Rock Review,Mediocre,5
PS2,Total Overdose: A Gunslinger's Tale in Mexico Review,Fair,6
PC,Total Overdose: A Gunslinger's Tale in Mexico Review,Fair,6
XBOX,Total Overdose: A Gunslinger's Tale in Mexico Review,Fair,6
PS2,Arena Football: Road to Glory Review,Fair,6
PC,Sam & Max Episode 4: Abe Lincoln Must Die! Review,Good,7
PS2,Chulip Review,Fair,6
PC,Close Quarters Conflict Review,Poor,4
DS,Lunar Knights Review,Great,8
X360,Paperboy Review,Fair,6
PS2,MVP 07 NCAA Baseball Review,Good,7
PC,DIRT - Origin of the Species Review,Terrible,2
X360,Crackdown Review,Good,7
PC,Starshatter: The Gathering Storm Review,Fair,6
X360,Pro Evolution Soccer 6 Review,Great,8
PS2,Pro Evolution Soccer 6 Review,Great,8
PC,Patriots: A Nation Under Fire Review,Terrible,2
X360,Root Beer Tapper Review,Good,7
PS2,Ar Tonelico: Melody of Elemia Review,Fair,6
PC,World of Warcraft: The Burning Crusade Review,Superb,9
DS,Fullmetal Alchemist: Dual Sympathy Review,Poor,4
DS,Underground Pool Review,Bad,3
PS3,Sonic the Hedgehog Review,Poor,4
DS,Bionicle Heroes Review,Good,7
PC,The Shield Review,Bad,3
X360,Battlestations: Midway Review,Good,7
PC,Battlestations: Midway Review,Good,7
X360,Fuzion Frenzy 2 Review,Good,7
PC,DMZ: North Korea Review,Terrible,2
DS,Rafa Nadal Tennis Review,Poor,4
PC,Crashday Review,Poor,4
PC,"Sam & Max Episode 3: The Mole, the Mob and the Meatball Review",Good,7
PC,Europa Universalis III Review,Great,8
DS,Digimon World DS Review,Good,7
PC,Deal or No Deal Review,Poor,4
DS,Mini RC Rally Review,Abysmal,1
DS,Xiaolin Showdown Review,Fair,6
PS2,Rogue Galaxy Review,Great,8
DS,Hotel Dusk: Room 215 Review,Great,8
DS,Micro Machines V4 Review,Mediocre,5
PS2,NCAA March Madness 07 Review,Fair,6
PS2,World Championship Poker 2: Featuring Howard Lederer Review,Good,7
PS2,The Shield Review,Bad,3
X360,NCAA March Madness 07 Review,Fair,6
PS2,Drive to Survive Review,Terrible,2
PC,Rayman Raving Rabbids Review,Good,7
X360,Heavy Weapon: Atomic Tank Review,Good,7
XBOX,Xiaolin Showdown Review,Bad,3
DS,Avatar: The Last Airbender Review,Mediocre,5
PC,Guild Wars Factions Review,Great,8
DS,Phoenix Wright: Ace Attorney Justice for All Review,Good,7
PC,Sam & Max Episode 2: Situation: Comedy Review,Good,7
DS,March of the Penguins Review,Poor,4
X360,Lost Planet: Extreme Condition Review,Great,8
X360,Ms. Pac-Man Review,Fair,6
PS2,Naruto: Uzumaki Chronicles Review,Fair,6
XBOX,Capcom Classics Collection Review,Good,7
PS2,Karaoke Revolution Presents: American Idol Review,Good,7
PC,RACE - The WTCC Game Review,Great,8
X360,New Rally-X Review,Poor,4
PC,Desperate Housewives: The Game Review,Fair,6
X360,Worldwide Soccer Manager 2007 Review,Great,8
X360,Novadrome Review,Mediocre,5
PS3,Blazing Angels: Squadrons of WWII Review,Fair,6
PC,FIFA Manager 07 Review,Good,7
DS,Star Wars: Lethal Alliance Review,Good,7
DS,Spider-Man: Battle for New York Review,Good,7
PS2,Delta Force: Black Hawk Down: Team Sabre Review,Poor,4
PC,Victoria: Revolutions Review,Mediocre,5
X360,Star Trek: Legacy Review,Good,7
DS,Bomberman Land Touch! Review,Great,8
PC,Silent Heroes Review,Mediocre,5
X360,Pimp My Ride Review,Poor,4
PS2,Pimp My Ride Review,Poor,4
PC,Happy Feet Review,Bad,3
DS,Cartoon Network Racing Review,Fair,6
PS2,Cartoon Network Racing Review,Bad,3
DS,Happy Feet Review,Bad,3
PC,Tom Clancy's Rainbow Six Vegas Review,Great,8
XBOX,Dance Dance Revolution Ultramix 4 Review,Good,7
PS2,College Hoops 2K7 Review,Good,7
PS2,One Piece: Pirates Carnival Review,Mediocre,5
PC,Flyboys Review,Bad,3
PS3,Full Auto 2: Battlelines Review,Mediocre,5
PC,Star Trek: Legacy Review,Mediocre,5
PS2,Guitar Hero II Review,Great,8
DS,Eragon Review,Fair,6
DS,Tomb Raider: Legend Review,Good,7
XBOX,Teen Titans Review,Fair,6
PS2,Rayman Raving Rabbids Review,Good,7
XBOX,Capcom Classics Collection Vol. 2 Review,Good,7
PS2,Capcom Classics Collection Vol. 2 Review,Good,7
X360,History Channel: Civil War Review,Mediocre,5
PS2,History Channel: Civil War Review,Mediocre,5
PC,History Channel: Civil War Review,Mediocre,5
X360,Eragon Review,Poor,4
PC,Eragon Review,Poor,4
XBOX,Eragon Review,Poor,4
PS2,Eragon Review,Poor,4
PS2,IGPX: Immortal Grand Prix Review,Mediocre,5
X360,RoboBlitz Review,Good,7
PC,RoboBlitz Review,Good,7
DS,Superman Returns: The Videogame Review,Terrible,2
X360,World Championship Poker: Featuring Howard Lederer - All In Review,Mediocre,5
PC,World Series of Poker: Tournament of Champions Review,Mediocre,5
DS,Monster Bomber Review,Fair,6
PS2,Eagle Eye Golf Review,Mediocre,5
XBOX,Tony Hawk's Project 8 Review,Fair,6
PS2,Tony Hawk's Project 8 Review,Fair,6
PC,Sonic Riders Review,Fair,6
PS2,Zatch Bell! Mamodo Fury Review,Poor,4
PS2,Corvette Evolution GT Review,Fair,6
PS3,Fight Night Round 3 Review,Great,8
PS3,NBA 2K7 Review,Great,8
PS3,Cash Guns Chaos Review,Poor,4
PS3,Need for Speed Carbon Review,Good,7
DS,Kirby Squeak Squad  Review,Good,7
PC,Heroes of Annihilated Empires Review,Fair,6
PS2,Avatar: The Last Airbender Review,Mediocre,5
PS2,NRA Gun Club Review,Abysmal,1
PS2,Cars Review,Good,7
XBOX,Cars Review,Good,7
PC,The Elder Scrolls IV: Knights of the Nine Review,Great,8
PC,"The Lord of the Rings, The Battle for Middle-earth II, The Rise of the Witch-King Review",Good,7
DS,Pokemon Ranger Review,Good,7
PC,Gothic 3 Review,Good,7
XBOX,Big Bumpin' Review,Mediocre,5
XBOX,Pocketbike Racer Review,Mediocre,5
X360,College Hoops 2K7 Review,Good,7
XBOX,College Hoops 2K7 Review,Good,7
DS,Scurge: Hive Review,Good,7
PS2,Harley-Davidson Motorcycles: Race to the Rally Review,Terrible,2
XBOX,Sneak King Review,Mediocre,5
PS2,Bionicle Heroes Review,Mediocre,5
X360,Bionicle Heroes Review,Mediocre,5
PC,Bionicle Heroes Review,Mediocre,5
PS2,The Sopranos: Road to Respect Review,Poor,4
PC,EverQuest II: Echoes of Faydwer Review,Good,7
DS,Final Fantasy III Review,Good,7
PC,Brigade E5: New Jagged Union Review,Bad,3
PS2,Call of Duty 3 Review,Great,8
XBOX,Call of Duty 3 Review,Great,8
DS,Asphalt: Urban GT 2 Review,Good,7
PC,Left Behind: Eternal Forces Review,Bad,3
X360,Small Arms Review,Fair,6
PC,Agatha Christie: Murder on the Orient Express Review,Mediocre,5
X360,Superman Returns: The Videogame Review,Poor,4
PS2,Sega Genesis Collection Review,Great,8
DS,Konductra Review,Poor,4
PC,Snoopy vs. the Red Baron Review,Good,7
PS2,Snoopy vs. the Red Baron Review,Good,7
DS,Touch Detective Review,Fair,6
PC,Heroes of Might and Magic V: Hammers of Fate Review,Fair,6
PC,ArchLord Review,Terrible,2
X360,Tom Clancy's Rainbow Six Vegas Review,Superb,9
X360,Sonic the Hedgehog Review,Poor,4
PC,Devil May Cry 3: Special Edition Review,Good,7
PS2,The Grim Adventures of Billy & Mandy Review,Fair,6
XBOX,Thrillville Review,Good,7
PS2,Thrillville Review,Good,7
DS,Gunpey DS Review,Good,7
X360,Defender Review,Fair,6
DS,The Sims 2: Pets Review,Poor,4
PC,The Secret Files: Tunguska Review,Fair,6
PS3,Ridge Racer 7 Review,Great,8
PS3,Blast Factor Review,Fair,6
PS3,Untold Legends: Dark Kingdom Review,Fair,6
PS3,Madden NFL 07 Review,Good,7
PS2,NFL Street 3 Review,Fair,6
PS3,Mobile Suit Gundam: Crossfire Review,Bad,3
PS3,NHL 2K7 Review,Great,8
PC,Birth of America Review,Fair,6
X360,Viva Pinata Review,Great,8
PS3,Resistance: Fall of Man Review,Great,8
PS3,Call of Duty 3 Review,Great,8
X360,Dead or Alive Xtreme 2 Review,Mediocre,5
PC,Medieval 2: Total War Review,Great,8
PC,Evidence: The Last Ritual Review,Fair,6
PS2,WWE SmackDown! vs. RAW 2007 Review,Great,8
X360,WWE SmackDown! vs. RAW 2007 Review,Great,8
DS,Yoshi's Island DS Review,Superb,9
DS,Children of Mana Review,Mediocre,5
X360,Contra Review,Fair,6
DS,Need for Speed Carbon Review,Good,7
PS2,Star Trek: Encounters Review,Poor,4
PC,Stronghold Legends Review,Poor,4
DS,Star Trek: Tactical Assault Review,Fair,6
PC,Jaws Unleashed Review,Bad,3
X360,FIFA 07 Review,Great,8
PS3,Tony Hawk's Project 8 Review,Good,7
X360,Tony Hawk's Project 8 Review,Good,7
PS2,SOCOM: U.S. Navy Seals: Combined Assault Review,Great,8
X360,Call of Duty 3 Review,Great,8
PC,1701 A.D. Review,Good,7
DS,Elite Beat Agents Review,Great,8
DS,Contact Review,Fair,6
DS,Flushed Away Review,Fair,6
PC,Need for Speed Carbon Review,Good,7
PS2,Flushed Away Review,Poor,4
PC,Space Empires V Review,Fair,6
X360,Phantasy Star Universe Review,Fair,6
PC,ParaWorld Review,Fair,6
PC,NBA Live '07 Review,Mediocre,5
PC,El Matador Review,Mediocre,5
XBOX,Need for Speed Carbon Review,Good,7
PS2,Need for Speed Carbon Review,Good,7
PC,ProStroke Golf - World Tour 2007 Review,Mediocre,5
X360,Need for Speed Carbon Review,Good,7
PC,Neverwinter Nights 2 Review,Great,8
X360,F.E.A.R. Review,Great,8
DS,Magical Starsign Review,Good,7
DS,Nacho Libre Review,Mediocre,5
PS2,Final Fantasy XII Review,Superb,9
PS2,ATV Offroad Fury 4 Review,Great,8
PC,Marvel: Ultimate Alliance Review,Great,8
PC,Football Manager 2007 Review,Great,8
X360,Marvel: Ultimate Alliance Review,Great,8
DS,Tony Hawk's Downhill Jam Review,Fair,6
PS2,The Legend of Spyro: A New Beginning Review,Mediocre,5
XBOX,The Legend of Spyro: A New Beginning Review,Mediocre,5
DS,The Legend of Spyro: A New Beginning Review,Good,7
X360,Cars Review,Good,7
PC,Dark Messiah of Might and Magic Review,Fair,6
PS2,.hack//G.U. vol. 1//Rebirth Review,Fair,6
PC,F.E.A.R. Extraction Point Review,Good,7
PC,The Guild 2 Review,Fair,6
XBOX,Reservoir Dogs Review,Poor,4
PS2,Reservoir Dogs Review,Poor,4
PC,Reservoir Dogs Review,Poor,4
PC,Star Wars: Empire at War: Forces of Corruption Review,Great,8
PC,The Sims 2: Pets Review,Good,7
PS2,Justice League Heroes Review,Good,7
XBOX,Justice League Heroes Review,Good,7
XBOX,Family Guy Review,Fair,6
PS2,Family Guy Review,Fair,6
PC,Alliance: Future Combat Review,Terrible,2
PC,Championship Manager 2007 Review,Good,7
X360,Ultimate Mortal Kombat 3 Review,Great,8
PS2,Greg Hastings' Tournament Paintball Max'd Review,Good,7
PC,Age of Empires III: The WarChiefs Review,Good,7
X360,Tiger Woods PGA Tour 07 Review,Great,8
PS2,Bully Review,Great,8
DS,Nintendogs: Dalmatian and Friends Review,Great,8
PS2,Tokobot Plus: Mysteries of the Karakuri Review,Good,7
DS,Crash Boom Bang! Review,Poor,4
XBOX,Destroy All Humans! 2 Review,Good,7
PS2,Destroy All Humans! 2 Review,Good,7
X360,Lumines Live! Review,Fair,6
PC,Sid Meier's Railroads! Review,Great,8
PC,Tiger Woods PGA Tour 07 Review,Good,7
PS2,The Sims 2: Pets Review,Good,7
PC,Ford Bold Moves Street Racing Review,Bad,3
PS2,Ford Bold Moves Street Racing Review,Poor,4
XBOX,Ford Bold Moves Street Racing Review,Poor,4
PC,Pacific Storm Review,Mediocre,5
PC,Microsoft Flight Simulator X Review,Great,8
DS,FIFA 07 Review,Good,7
DS,Clubhouse Games Review,Great,8
PS2,Tiger Woods PGA Tour 07 Review,Good,7
XBOX,Tiger Woods PGA Tour 07 Review,Good,7
PC,Mage Knight Apocalypse Review,Poor,4
PC,NeverEnd Review,Bad,3
PC,Scarface: The World Is Yours Review,Fair,6
PC,FIFA 07 Review,Great,8
PS2,FIFA 07 Review,Great,8
XBOX,FIFA 07 Review,Great,8
DS,Bubble Bobble Revolution Review,Bad,3
DS,Rainbow Islands Revolution Review,Fair,6
XBOX,Scarface: The World Is Yours Review,Fair,6
PS2,Scarface: The World Is Yours Review,Fair,6
PS2,Tales of the Abyss Review,Good,7
PC,Defcon: Everybody Dies Review,Great,8
PS2,Mortal Kombat: Armageddon Review,Good,7
PC,"Warhammer 40,000: Dawn of War -- Winter Assault Review",Great,8
PS2,God Hand Review,Great,8
XBOX,Mortal Kombat: Armageddon Review,Good,7
PC,GTR 2 Review,Superb,9
PS2,The Fast and the Furious Review,Fair,6
PS2,NHL 2K7 Review,Good,7
PS2,AFL Premiership 2006 Review,Fair,6
PC,Caesar IV Review,Good,7
X360,World Series of Poker: Tournament of Champions Review,Fair,6
PS2,World Series of Poker: Tournament of Champions Review,Fair,6
X360,TotemBall Review,Mediocre,5
DS,Mage Knight: Destiny's Soldier Review,Mediocre,5
PS2,NBA 07 Review,Fair,6
XBOX,Brute Force Review,Good,7
X360,Import Tuner Challenge Review,Fair,6
PC,NHL: Eastside Hockey Manager 2007 Review,Great,8
PS2,Valkyrie Profile 2: Silmeria Review,Great,8
X360,NBA Live 07 Review,Fair,6
XBOX,NBA Live 07 Review,Good,7
PS2,NBA Live 07 Review,Good,7
PS2,Dance Dance Revolution SuperNOVA Review,Good,7
DS,Open Season Review,Good,7
X360,Open Season Review,Mediocre,5
PC,Open Season Review,Mediocre,5
PS2,Open Season Review,Mediocre,5
XBOX,Open Season Review,Mediocre,5
PC,Word Mojo Review,Fair,6
PC,Wonderland Review,Fair,6
PC,Wheel of Fortune Deluxe review,Fair,6
PC,Tumble Bugs Review,Good,7
PC,Trivia Machine Review,Good,7
PC,Tennis Titans Review,Fair,6
PC,Slyder Adventures review,Great,8
PC,Shapo Gold Review,Fair,6
PC,Shape Shifter Review,Good,7
PC,Shape Solitaire Review,Mediocre,5
PC,Ruckus Buck's Dangerous Mines review,Fair,6
PC,Pipeline Review,Good,7
PC,Zam BeeZee Review,Great,8
PC,Upwords Deluxe Review,Good,7
PC,Panda Craze Review,Good,7
PC,Pacific Heroes Review,Mediocre,5
PC,Maui Wowee Review,Fair,6
PC,Mah Jong Tiles Deluxe Review,Mediocre,5
XBOX,NBA 2K7 Review,Good,7
PS2,NBA 2K7 Review,Good,7
PC,Mah Jong Quest Review,Good,7
PC,Mah Jong Medley Review,Fair,6
PC,Tradewinds 2 Review,Good,7
PC,Luxor Review,Good,7
PC,Spin & Win Review,Poor,4
PC,Slingo Review,Mediocre,5
PC,Scrabble Rack Attack Deluxe Review,Mediocre,5
PC,Scrabble Deluxe Review,Good,7
PC,Scrabble Blast Deluxe Review,Mediocre,5
PC,Links Course Challenge: Chateau Whistler Review,Fair,6
PC,Jigsaw 365 Review,Mediocre,5
PC,Saints and Sinners Bingo Review,Great,8
PC,Jigs@w Puzzle Platinum Edition Review,Mediocre,5
PC,Jewel Quest Review,Fair,6
PC,Jeopardy! Deluxe Review,Fair,6
PC,Inspector Parker Review,Great,8
PC,Insaniquarium Deluxe Review,Fair,6
PC,Hexic Deluxe Review,Fair,6
PC,Heavy Weapon Deluxe Review,Fair,6
PC,Gold Miner Joe Review,Fair,6
PC,Flip Words Review,Good,7
PC,Fiber Twig Review,Fair,6
PC,Feeding Frenzy Review,Fair,6
PC,Fate: The Carnivale Game Review,Fair,6
PC,Dino and Aliens Review,Fair,6
PC,Charm Tale Review,Good,7
PC,Pizza Frenzy Review,Good,7
PC,Pixelus Review,Fair,6
PC,Oasis Review,Great,8
PC,Mortimer and the Enchanted Castle Review,Fair,6
PC,Mega Flexicon Review,Good,7
PC,Infinite Crosswords Review,Fair,6
PC,Diner Dash Review,Superb,9
PC,Cubis Gold 2 Review,Good,7
PC,Chainz Review,Fair,6
PC,Combo Chaos Review,Mediocre,5
PC,Cosmic Bugs Review,Poor,4
PC,Chuzzle Review,Good,7
PC,Chicken Invaders: The Next Wave Review,Mediocre,5
PC,Bespelled Review,Fair,6
PC,Catan Review,Good,7
PC,Alien Sky Review,Fair,6
PC,Two Feet Texas Hold 'Em Review,Mediocre,5
PC,Tik's Texas Hold 'Em Review,Good,7
PC,Rocketbowl Review,Good,7
PC,Magic Ball 2 Review,Good,7
PC,Hardwood Solitaire Deluxe Review,Good,7
PC,Hamsterball Review,Good,7
PC,Gutterball 2 Review,Fair,6
PC,Gold Fever Review,Fair,6
PC,Big Kahuna Reef Review,Great,8
PC,Bankshot Billiards Review,Great,8
PC,Atomaders Review,Mediocre,5
PC,Bricks of Egypt Review,Fair,6
PC,BreakQuest Review,Great,8
PC,Bookworm Deluxe Review,Good,7
PC,Betty's Beer Bar Review,Good,7
PC,BeTrapped! Review,Good,7
PC,AstroPop Review,Good,7
PC,Atlantis Review,Good,7
PC,Ballistik Review,Good,7
PC,Bejeweled Deluxe Review,Fair,6
X360,LMA Manager 2007 Review,Good,7
X360,NBA 2K7 Review,Great,8
DS,Harvest Moon DS Review,Mediocre,5
DS,Mario vs. Donkey Kong 2: March of the Minis Review,Great,8
PS2,Rule of Rose Review,Fair,6
PC,Joint Task Force Review,Fair,6
DS,MechAssault: Phantom War Review,Good,7
PC,Faces of War Review,Fair,6
PC,Just Cause Review,Good,7
XBOX,Just Cause Review,Good,7
PS2,Just Cause Review,Fair,6
X360,Just Cause Review,Good,7
PC,Astroblasters Review,Good,7
PC,Alchemy Review,Fair,6
PC,5 Spot II Review,Good,7
PC,Alien Shooter Review,Fair,6
PC,Adventure Inlay Review,Fair,6
X360,Samurai Warriors 2 Review,Mediocre,5
PS2,Samurai Warriors 2 Review,Fair,6
DS,Pokémon Mystery Dungeon: Blue Rescue Team Review,Mediocre,5
DS,Dragon Quest Heroes: Rocket Slime Review,Good,7
XBOX,ProStroke Golf - World Tour 2007 Review,Mediocre,5
DS,Cooking Mama Review,Fair,6
PS2,Okami Review,Superb,9
X360,The Godfather Review,Good,7
PC,World Racing 2 Review,Poor,4
PC,Ankh Review,Good,7
PS2,The King of Fighters 2006 Review,Good,7
XBOX,Spy Hunter: Nowhere to Run Review,Mediocre,5
PS2,Spy Hunter: Nowhere to Run Review,Mediocre,5
PC,NHL 07 Review,Good,7
PS2,NHL 07 Review,Good,7
XBOX,NHL 07 Review,Good,7
DS,LEGO Star Wars II: The Original Trilogy Review,Good,7
X360,NHL 07 Review,Great,8
PC,American McGee Presents Bad Day LA Review,Bad,3
X360,Scramble Review,Fair,6
X360,NHL 2K7 Review,Great,8
XBOX,NHL 2K7 Review,Good,7
PC,First Battalion Review,Fair,6
DS,Mario Hoops 3 on 3 Review,Good,7
DS,Mega Man ZX Review,Good,7
PC,Company of Heroes Review,Superb,9
X360,Lego Star Wars II Review,Good,7
PS2,Lego Star Wars II Review,Good,7
XBOX,Lego Star Wars II Review,Good,7
PC,Lego Star Wars II Review,Good,7
PS2,Dance Factory Review,Poor,4
X360,Xbox Live Arcade Unplugged Volume 1 Review,Good,7
PS2,NASCAR 07 Review,Good,7
XBOX,NASCAR 07 Review,Good,7
PC,Big Oil: Build an Oil Empire Review,Bad,3
PS2,Disgaea 2: Cursed Memories Review,Great,8
PC,Perimeter: Emperor's Testament Review,Good,7
PS2,Yakuza Review,Good,7
X360,Bomberman: Act Zero Review,Terrible,2
PS2,One Piece Grand Adventure Review,Mediocre,5
PS2,Pac-Man World Rally Review,Mediocre,5
DS,Freedom Wings Review,Fair,6
XBOX,World Racing 2 Review,Poor,4
X360,Enchanted Arms Review,Good,7
PS2,Xenosaga Episode III: Also Sprach Zarathustra Review,Great,8
X360,Time Pilot Review,Good,7
X360,Saints Row Review,Great,8
PC,Sword of the Stars Review,Good,7
PC,Barrow Hill: Curse of the Ancient Circle Review,Terrible,2
X360,Texas Hold 'Em Review,Fair,6
PC,Safecracker: The Ultimate Puzzle Adventure Review,Fair,6
X360,Madden NFL 07 Review,Good,7
PS2,Madden NFL 07 Review,Great,8
XBOX,Madden NFL 07 Review,Great,8
XBOX,Xyanide Review,Good,7
PS2,Pirates: Legend of the Black Buccaneer Review,Bad,3
DS,Deep Labyrinth Review,Fair,6
PC,Act of War: High Treason Review,Great,8
PS2,Dirge of Cerberus: Final Fantasy VII Review,Fair,6
PC,DarkStar One Review,Great,8
X360,Ninety-Nine Nights Review,Mediocre,5
PC,FlatOut 2 Review,Good,7
PC,World War II Combat: Iwo Jima Review,Terrible,2
XBOX,World War II Combat: Iwo Jima Review,Terrible,2
X360,Pac-Man Review,Fair,6
PS2,Super Monkey Ball Adventure Review,Mediocre,5
PS2,Barnyard Review,Good,7
PC,Barnyard Review,Good,7
X360,Dead Rising Review,Great,8
PC,Dungeon Siege II: Broken World Review,Fair,6
PS2,Sprint Cars: Road to Knoxville Review,Mediocre,5
X360,Street Fighter II' Hyper Fighting Review,Fair,6
XBOX,FlatOut 2 Review,Good,7
PS2,FlatOut 2 Review,Good,7
PS2,The Ant Bully Review,Poor,4
PC,The Ant Bully Review,Poor,4
XBOX,AMF Xtreme Bowling Review,Poor,4
PC,The Secrets of Da Vinci: The Forbidden Manuscript Review,Fair,6
XBOX,Painkiller: Hell Wars Review,Good,7
PC,CivCity: Rome Review,Fair,6
XBOX,Warpath Review,Mediocre,5
PC,Warpath Review,Mediocre,5
X360,Galaga Review,Fair,6
PC,Terrawars: New York Invasion Review,Terrible,2
PC,Outlaw Chopper Review,Terrible,2
PC,The Ship Review,Great,8
PC,Civilization IV: Warlords Review,Great,8
PS2,Monster House Review,Poor,4
DS,Monster House Review,Good,7
PC,Moscow to Berlin: Red Siege Review,Poor,4
PS2,Super Dragon Ball Z Review,Good,7
X360,Cloning Clyde Review,Good,7
X360,NCAA Football 07 Review,Great,8
PS2,NCAA Football 07 Review,Great,8
XBOX,NCAA Football 07 Review,Great,8
DS,Pirates of the Caribbean: Dead Man's Chest Review,Mediocre,5
PC,IHRA Drag Racing: Sportsman Edition Review,Bad,3
PS2,World Soccer Winning Eleven 9 Review,Superb,9
PS2,Ruff Trigger: Vanocore Conspiracy Review,Fair,6
PC,Cossacks II: Battle for Europe Review,Fair,6
PC,Micro Machines V4 Review,Mediocre,5
X360,Chromehounds Review,Good,7
X360,Frogger Review,Fair,6
PC,Glory of the Roman Empire Review,Mediocre,5
XBOX,IHRA Drag Racing Sportsman Edition Review,Bad,3
PS2,IHRA Drag Racing Sportsman Edition Review,Bad,3
X360,Prey Review,Good,7
PC,Prey Review,Good,7
PC,Night Watch Review,Mediocre,5
X360,"The Lord of the Rings, The Battle for Middle-earth II Review",Great,8
PS2,Naruto: Ultimate Ninja Review,Good,7
PC,International Cricket Captain 2006 Review,Fair,6
PC,Hard Truck: Apocalypse Review,Poor,4
X360,Over G Fighters Review,Mediocre,5
PS2,Pirates of the Caribbean: The Legend of Jack Sparrow Review,Fair,6
PC,Pirates of the Caribbean: The Legend of Jack Sparrow Review,Fair,6
PS2,AMF Xtreme Bowling Review,Poor,4
PS2,Micro Machines V4 Review,Mediocre,5
PC,Titan Quest Review,Good,7
PS2,Armored Core: Last Raven Review,Mediocre,5
DS,Break 'Em All Review,Fair,6
DS,Sudoku Gridmaster Review,Fair,6
XBOX,Crusty Demons Review,Poor,4
PC,Rome: Total War Alexander Review,Great,8
PC,Soldier Elite Review,Poor,4
PC,NFL Head Coach Review,Good,7
PS2,Armored Core: Nine Breaker Review,Fair,6
PS2,NFL Head Coach Review,Good,7
XBOX,NFL Head Coach Review,Good,7
X360,MotoGP 06 Review,Great,8
PS2,MotoGP 4 Review,Good,7
DS,Point Blank DS Review,Good,7
PC,Freedom Force vs. The Third Reich Review,Great,8
PS2,Urban Chaos: Riot Response Review,Good,7
XBOX,Urban Chaos: Riot Response Review,Good,7
PS2,Gallop Racer 2006 Review,Mediocre,5
PS2,MLB SlugFest 2006 Review,Mediocre,5
XBOX,MLB SlugFest 2006 Review,Mediocre,5
PC,Sensible Soccer 2006 Review,Good,7
DS,Cars Review,Fair,6
PC,Rise & Fall: Civilizations at War Review,Fair,6
PS2,Street Fighter Alpha Anthology Review,Good,7
PS2,And 1 Streetball Review,Poor,4
XBOX,And 1 Streetball Review,Poor,4
DS,Dino Master Review,Terrible,2
PS2,Grand Theft Auto: Liberty City Stories Review,Good,7
PC,The Movies: Stunts & Effects Review,Good,7
DS,2006 FIFA World Cup Review,Good,7
PC,Rush for Berlin Review,Good,7
PS2,Teen Titans Review,Fair,6
DS,Big Brain Academy Review,Good,7
PC,Daemonica Review,Poor,4
DS,Magnetica Review,Good,7
DS,Over the Hedge Review,Mediocre,5
XBOX,Stacked with Daniel Negreanu Review,Good,7
PS2,Stacked with Daniel Negreanu Review,Good,7
PC,Stacked with Daniel Negreanu Review,Good,7
PC,City Life Review,Good,7
PC,Emergency 3 Review,Mediocre,5
PC,Half-Life 2: Episode One Review,Great,8
DS,X-Men: The Official Game Review,Poor,4
PC,Ricochet Lost Worlds Recharged Review,Great,8
PC,SpongeBob Squarepants Collapse Review,Mediocre,5
PC,Super Text Twist Review,Good,7
PC,Wik & the Fable of Souls Review,Superb,9
PC,Zzed Review,Mediocre,5
PC,Zuma Deluxe Review,Great,8
PC,Airstrike II: Gulf Thunder Review,Great,8
X360,Hitman: Blood Money Review,Great,8
XBOX,Hitman: Blood Money Review,Great,8
PS2,Hitman: Blood Money Review,Great,8
PC,Hitman: Blood Money Review,Great,8
PS2,Jaws Unleashed Review,Bad,3
XBOX,Jaws Unleashed Review,Bad,3
XBOX,Rogue Trooper Review,Fair,6
PS2,Rogue Trooper Review,Fair,6
PC,Rogue Trooper Review,Fair,6
PC,Desperados 2: Cooper's Revenge Review,Fair,6
X360,Rockstar Games Presents Table Tennis Review,Great,8
PS2,Steambot Chronicles Review,Good,7
PS2,X-Men: The Official Game Review,Mediocre,5
XBOX,X-Men: The Official Game Review,Mediocre,5
X360,X-Men: The Official Game Review,Mediocre,5
PC,Heroes of Might and Magic V Review,Great,8
PS2,The Hustle: Detroit Streets Review,Poor,4
XBOX,The Hustle: Detroit Streets Review,Poor,4
PC,The Da Vinci Code Review,Fair,6
XBOX,The Da Vinci Code Review,Fair,6
PS2,The Da Vinci Code Review,Fair,6
XBOX,Army Men: Major Malfunction Review,Bad,3
PC,SpellForce 2: Shadow Wars Review,Great,8
PC,X-Men: The Official Game Review,Mediocre,5
PC,Over the Hedge Review,Mediocre,5
PS2,Over the Hedge Review,Mediocre,5
XBOX,Over the Hedge Review,Mediocre,5
PC,2006 FIFA World Cup Review,Great,8
PC,Paradise Review,Mediocre,5
PC,SiN Episodes: Emergence Review,Good,7
XBOX,Championship Bowling Review,Mediocre,5
DS,Blades of Thunder II Review,Bad,3
DS,Top Gun Review,Bad,3
PS,40 Winks Review,Poor,4
PS,Colony Wars: Red Sun Review,Good,7
PS,Expendable (PS) Review,Fair,6
PS,Grind Session Review,Superb,9
PS,Spec Ops: Stealth Patrol Review,Poor,4
PC,Lemmings Revolution Review,Good,7
PC,The New York Times Crossword Puzzles - Review,Fair,6
PS,Mr. Driller Review,Fair,6
PC,Hot Wheels Micro Racers Review,Fair,6
PC,Martian Gothic: Unification Review,Mediocre,5
PC,Flying Heroes Review,Good,7
PC,Motocross Madness 2 Review,Great,8
PC,Who Wants to Be a Millionaire 2nd Edition Review,Fair,6
PS,Runabout 2 Review,Mediocre,5
PC,SimCity 3000 Unlimited Review,Good,7
PS,Grudge Warriors Review,Mediocre,5
PS2,Sky Surfer Import Review,Bad,3
PS2,All Star Pro-Wrestling Import Review,Poor,4
PS,NGEN Racing Review,Good,7
PS,Rhapsody: A Musical Adventure Review,Mediocre,5
PS,Striker Pro 2000 Review,Fair,6
PC,Ultima Online: Renaissance Review,Good,7
PC,BreakNeck Review,Fair,6
PC,Dracula Resurrection Review,Fair,6
PC,Star Trek: Klingon Academy Review,Fair,6
PC,Metal Fatigue Review,Fair,6
PS,Mortal Kombat Special Forces Review,Terrible,2
PS,Pro Pinball: Big Race USA Review,Fair,6
PC,Dogs of War Review,Mediocre,5
PC,Warlords Battlecry Review,Great,8
PC,Heavy Metal: F.A.K.K. 2 Review,Fair,6
PC,Dark Reign 2 Review,Great,8
PS,Ball Breakers Review,Mediocre,5
PS,Sno-Cross Championship Racing Review,Good,7
PS,NCAA Football 2001 Review,Good,7
PC,The Sims: Livin' Large Review,Great,8
PS,Jeremy McGrath Supercross 2000 Review,Poor,4
PS,Madden NFL 2001 Review,Superb,9
PS,Star Trek: Invasion Review,Mediocre,5
PS,Vanguard Bandits Review,Fair,6
PS,Polaris SnoCross Review,Mediocre,5
PS,ECW Anarchy Rulz Review,Mediocre,5
PS,Sydney 2000 Review,Mediocre,5
PS,ATV: Quad Power Racing Review,Poor,4
PC,Grand Prix 3 Review,Great,8
PS,NFL GameDay 2001 Review,Good,7
PS,Surf Riders Review,Fair,6
PC,Microsoft Golf 2001 Edition Review,Good,7
PS,Peter Jacobsen's Golden Tee Golf Review,Terrible,2
PS,Blaster Master: Blasting Again Review,Good,7
PS,Countdown Vampires Review,Bad,3
PS,Dave Mirra Freestyle BMX Review,Fair,6
PC,Madden NFL 2001 Review,Good,7
PC,Rally Masters: Michelin Race of Champions Review,Good,7
PS,The Flintstones Bedrock Bowling Review,Terrible,2
PC,Sydney 2000 Review,Poor,4
PS,Disney's Dinosaur Review,Poor,4
PS,NFL Blitz 2001 Review,Good,7
PS,NCAA GameBreaker 2001 Review,Great,8
PC,Homeworld: Cataclysm Review,Great,8
PC,Star Trek: New Worlds Review,Poor,4
PC,NASCAR Heat Review,Good,7
PC,Star Trek: Voyager Elite Force Review,Great,8
PS,MTV Skateboarding Review,Terrible,2
PC,MTV Sports: Skateboarding Review,Mediocre,5
PS,Ms. Pac-Man Maze Madness Review,Fair,6
PC,Maximum Pool Review,Fair,6
PS,Bomberman Party Edition Review,Good,7
PC,Reach for the Stars Review,Fair,6
PC,Who Wants to Beat Up a Millionaire Review,Mediocre,5
PC,Radio Control Racers Deluxe: Traxxas Edition Review,Good,7
PS,Tyco RC Assault with a Battery Review,Fair,6
PC,The Dukes of Hazzard: Racing for Home Review,Poor,4
PS,Muppet Race Mania Review,Mediocre,5
PS,Spin Jam Review,Fair,6
PS,NHL 2001 Review,Great,8
PC,Wizards & Warriors Review,Good,7
PS,Destruction Derby Raw Review,Good,7
PS,RPG Maker Review,Fair,6
PC,Blair Witch Volume 1: Rustin Parr Review,Good,7
PC,Midtown Madness 2 Review,Great,8
PS,World Destruction League: Thunder Tanks Review,Terrible,2
PS,"Army Men World War: Land, Sea, Air Review",Fair,6
PC,Panzer General III: Scorched Earth Review,Mediocre,5
PC,Professional Bull Rider 2 Review,Fair,6
PS2,G-Saviour (Import) Review,Mediocre,5
PC,Close Combat: Invasion Normandy Review,Good,7
PS,MTV Sports: Pure Ride Review,Good,7
PS2,Madden NFL 2001 Review,Superb,9
PS,Mega Man Legends 2 Review,Great,8
PS,Rollcage Stage II Review,Good,7
PC,Death Track Racing Review,Good,7
PC,Tony Hawk's Pro Skater 2 Review,Great,8
PS2,X-Squad Review,Mediocre,5
PC,The Devil Inside Review,Fair,6
PS,Breakout Review,Poor,4
PS2,ESPN X-Games Snowboarding Review,Fair,6
PS,Frogger 2: Swampy's Revenge Review,Good,7
PS,Galaga: Destination Earth Review,Poor,4
PS,Mike Tyson's Boxing Review,Bad,3
PS,Driver 2 Review,Great,8
PC,4x4 Evolution Review,Great,8
PS,NBA Live 2001 Review,Great,8
PC,Escape from Monkey Island Review,Great,8
PC,Tiger Woods PGA Tour 2001 Review,Good,7
PC,Rune Review,Fair,6
PS2,Silent Scope Review,Poor,4
PS2,Ready 2 Rumble Boxing: Round 2 Review,Great,8
PS,Crash Bash Review,Fair,6
PC,Links 2001 Review,Great,8
PS2,NASCAR 2001 Review,Good,7
PS,Knockout Kings 2001 Review,Great,8
PS2,Smuggler's Run Review,Great,8
PS,Army Men: Air Attack 2 Review,Good,7
PS2,ESPN The Games: International Track & Field Review,Great,8
PC,Zeus: Master of Olympus Review,Great,8
PS,F1 Championship Season 2000 Review,Great,8
PS,Cool Boarders 2001 Review,Bad,3
PC,Starship Troopers Review,Mediocre,5
PC,Pac-Man: Adventures in Time Review,Good,7
PC,Delta Force: Land Warrior Review,Good,7
PS2,NFL GameDay 2001 Review,Mediocre,5
PS,WCW Backstage Assault Review,Mediocre,5
PS,NBA ShootOut 2001 Review,Fair,6
PS,Looney Tunes Racing Review,Fair,6
PS,McGrath vs. Pastrana Freestyle Motocross Review,Bad,3
PC,Dirt Track Racing: Sprint Cars Review,Good,7
PC,Heroes Chronicles: Warlords of the Wasteland Review,Fair,6
PC,Blair Witch Volume 2: The Legend of Coffin Rock Review,Fair,6
PC,Heroes Chronicles: Conquest of the Underworld Review,Fair,6
PS,You Don't Know Jack: Mock 2 Review,Good,7
PC,Deep Raider Review,Bad,3
PC,Dino Crisis Review,Mediocre,5
PC,Fur Fighters Review,Fair,6
PC,Giants: Citizen Kabuto Review,Superb,9
PS2,Gradius III & IV Review,Fair,6
PS,FoxKids.com Micro Maniacs Racing Review,Good,7
PS,Sheep Review,Good,7
PS,Ultimate Fighting Championship Review,Terrible,2
PS,HBO Boxing Review,Terrible,2
PC,Battle Isle: The Andosia War Review,Fair,6
PC,Call to Power II Review,Good,7
PC,Sea Dogs Review,Good,7
PS,Tiger Woods PGA Tour Golf Review,Mediocre,5
PS,Blade Review,Poor,4
PC,Virtual Pool 3 Review,Great,8
PS,102 Dalmatians Puppies To The Rescue Review,Mediocre,5
PC,MechWarrior 4: Vengeance Review,Great,8
PS,Ready 2 Rumble: Round 2 (PS) Review,Good,7
PS,Star Wars Demolition Review,Fair,6
PC,Championship Surfer Review,Mediocre,5
PS,Championship Surfer Review,Good,7
PS,Power Spike Pro Beach Volleyball Review,Poor,4
PS2,NCAA GameBreaker 2001 Review,Mediocre,5
PC,F1 Championship Season 2000 Review,Great,8
PS2,F1 Championship Season 2000 Review,Good,7
PC,Starfleet Command Volume II: Empires at War Review,Good,7
PS,Chicken Run Review,Mediocre,5
PS,Army Men: Sarge's Heroes 2 Review,Bad,3
PS,Muppet Monster Adventure Review,Good,7
PS2,Wild Wild Racing Review,Fair,6
PC,Timeline Review,Poor,4
PS,Tomb Raider Chronicles Review,Good,7
PC,Tomb Raider: Chronicles Review,Fair,6
PS2,Theme Park Roller Coaster Review,Great,8
PC,Gunman Chronicles Review,Mediocre,5
PC,Amazons & Aliens Review,Mediocre,5
PS2,Real Pool Review,Mediocre,5
PS,FIFA 2001 Review,Great,8
PS,Torneko: The Last Hope Review,Fair,6
PS,Disney's Donald Duck: Goin' Quackers Review,Mediocre,5
PS,NCAA Final Four 2001 Review,Mediocre,5
PS2,NCAA Final Four 2001 Review,Poor,4
PC,B-17 Flying Fortress: The Mighty 8th Review,Good,7
PS,Gundam Battle Assault Review,Mediocre,5
PS2,Guitar Freaks 3rd Mix & DrumMania 2nd Mix Import Review,Superb,9
PC,Microsoft Casino Review,Mediocre,5
PS2,Bust A Move Dance Summit 2001 Import Review,Good,7
PS,Razor Freestyle Scooter Review,Fair,6
PC,Motocross Mania Review,Good,7
PC,Hoyle Casino Review,Good,7
PC,Hoyle Card Games Review,Good,7
PS,King of Fighters '99 Evolution Review,Fair,6
PC,Hoyle Word Games Review,Good,7
PC,Harley-Davidson: Wheels of Freedom Review,Mediocre,5
PS,Contender 2 Review,Fair,6
PS,Speedball 2100 Review,Good,7
PS2,NBA Live 2001 Review,Great,8
PC,IHRA Drag Racing Review,Mediocre,5
PC,No Escape Review,Mediocre,5
PC,Kingdom Under Fire Review,Mediocre,5
PS,Gold & Glory: The Road to El Dorado Review,Bad,3
PS2,Knockout Kings 2001 Review,Poor,4
PC,Age of Sail II Review,Good,7
PS,ESPN MLS GameNight Review,Good,7
PS,Mega Man X5 Review,Good,7
PS,NASCAR Heat Review,Mediocre,5
PC,Chicken Run Review,Mediocre,5
PS2,NHL FaceOff 2001 Review,Mediocre,5
PC,Airfix Dogfighter Review,Good,7
PS,Animorphs: Shattered Reality Review,Bad,3
PC,Rowan's Battle of Britain Review,Great,8
PC,Ground Control: Dark Conspiracy Review,Good,7
PS,The Dukes of Hazzard II: Daisy Dukes It Out Review,Mediocre,5
PS,Bugs & Taz: Time Busters Review,Good,7
PS2,Disney's Donald Duck - Goin' Quackers Review,Fair,6
PS,Championship Motocross 2001 Featuring Ricky Carmichael Review,Good,7
PC,Combat Command 2: Danger Forward! Review,Fair,6
PC,Thandor: The Invasion Review,Poor,4
PS2,ATV Offroad Fury Review,Fair,6
PC,Riddle of the Sphinx Review,Good,7
PS2,RC Revenge Pro Review,Mediocre,5
PS2,Aqua Aqua Review,Good,7
PC,Mayday Review,Terrible,2
PS,Ford Racing Review,Poor,4
PS2,ESPN NBA 2Night Review,Good,7
PS2,Unison Review,Mediocre,5
PS,Vanishing Point Review,Good,7
PC,NBA Live 2001 Review,Great,8
PC,Star Trek Away Team Review,Mediocre,5
PS2,Tiger Woods PGA Tour 2001 Review,Mediocre,5
PC,Star Wars: Battle for Naboo Review,Fair,6
PS2,Army Men: Sarge's Heroes 2 Review,Mediocre,5
PS,Ducati World Racing Challenge Review,Good,7
PS2,Shadow of Destiny Review,Great,8
PC,The Moon Project Review,Great,8
PS2,NBA ShootOut 2001 Review,Fair,6
PC,Colin McRae Rally 2.0 Review,Great,8
PS,Dance Dance Revolution Review,Great,8
PS,Toy Story Racer Review,Fair,6
PS,NBA Hoopz Review,Fair,6
PS2,NBA Hoopz Review,Mediocre,5
PC,Europa Universalis Review,Great,8
PS2,All Star Baseball 2002 Review,Great,8
PS,Triple Play Baseball Review,Great,8
PC,Triple Play Baseball Review,Mediocre,5
PS2,Triple Play Baseball Review,Great,8
PS,Metal Slug X Review,Great,8
PS,Army Men World War: Final Front Review,Fair,6
PC,Crime Cities Review,Mediocre,5
PS,Rogue Spear Review,Fair,6
PC,The Sims: House Party Review,Great,8
PC,Evil Dead: Hail to the King Review,Bad,3
PS2,MDK2 Armageddon Review,Good,7
PC,Tribes 2 Review,Great,8
PS,The Simpsons Wrestling Review,Fair,6
PC,Kohan: Immortal Sovereigns Review,Great,8
PC,Cossacks: European Wars Review,Good,7
PS,MTV Sports: T.J. Lavin's Ultimate BMX Review,Terrible,2
PC,X-COM: Enforcer Review,Fair,6
PC,Fate of the Dragon Review,Good,7
PC,High Heat Major League Baseball 2002 Review,Good,7
PS2,High Heat Major League Baseball 2002 Review,Fair,6
PS2,The Adventures of Cookie & Cream Review,Great,8
PC,Evil Islands: Curse of the Lost Soul Review,Good,7
PS2,Rumble Racing Review,Great,8
PS2,Quake III Revolution Review,Good,7
PS,Strikers 1945 Review,Mediocre,5
PC,Game Room Review,Fair,6
PS,Smurf Racer Review,Poor,4
PS,KISS Pinball Review,Abysmal,1
PS,Spec Ops: Ranger Elite Review,Poor,4
PS2,Crazy Taxi Review,Good,7
PS2,Dark Cloud Review,Great,8
PS2,Escape from Monkey Island Review,Great,8
PC,Echelon Review,Good,7
PS,Time Crisis: Project Titan Review,Fair,6
PS2,Cool Boarders 2001 Review,Good,7
PS2,Motor Mayhem: Vehicular Combat League Review,Good,7
PC,Steel Soldiers Review,Fair,6
PS2,Gauntlet Dark Legacy Review,Fair,6
PC,Emperor: Battle for Dune Review,Great,8
PS2,Tokyo Xtreme Racer: Zero Review,Good,7
PC,Hostile Waters: Antaeus Rising Review,Great,8
PS2,MTV Music Generator 2 Review,Good,7
PC,Fly! II Review,Fair,6
PC,World War II Online: Blitzkrieg Review,Mediocre,5
PS2,CART Fury Championship Racing Review,Mediocre,5
PS,MLB 2002 Review,Great,8
PS,Boxing Review,Mediocre,5
PS,Bowling Review,Terrible,2
PC,Alone in the Dark: The New Nightmare Review,Mediocre,5
PC,Anarchy Online Review,Good,7
PC,Legends of Might and Magic Review,Mediocre,5
PC,Baldur's Gate II: Throne of Bhaal Review,Great,8
PS2,MX 2002 Featuring Ricky Carmichael Review,Good,7
PS,WarJetz Review,Poor,4
PS2,WarJetz Review,Fair,6
PC,The Corporate Machine Review,Great,8
PS2,Fur Fighters: Viggo's Revenge Review,Good,7
PS2,NASCAR Heat 2002 Review,Good,7
PC,Empire of the Ants Review,Mediocre,5
PS,Who Wants To Be A Millionaire Third Edition Review,Poor,4
PS2,Rune: Viking Warlord Review,Poor,4
PS2,Rugby 2002 Review,Fair,6
PC,Rules of the Game Review,Mediocre,5
PS2,NCAA Football 2002 Review,Great,8
PC,Eurofighter Typhoon Review,Fair,6
PS,NFL GameDay 2002 Review,Great,8
PS,Digimon Digital Card Battle Review,Mediocre,5
PC,Front Office Football: The College Years Review,Great,8
PC,Monopoly Casino: Vegas Edition Review,Fair,6
PS2,Dark Angel: Vampire Apocalypse Review,Bad,3
PC,Shogun: Total War Warlord Edition Review,Great,8
PC,Dragonriders: Chronicles of Pern Review,Poor,4
PC,Conquest: Frontier Wars Review,Great,8
PC,RoboForge Review,Good,7
PS2,Test Drive Off-Road Wide Open Review,Good,7
PC,Far Gate Review,Fair,6
PC,Primal Prey Review,Bad,3
PS2,Armored Core 2: Another Age Review,Great,8
PS2,Extreme-G 3 Review,Great,8
PC,Shattered Galaxy Review,Great,8
PS2,Dave Mirra Freestyle BMX 2 Review,Good,7
PS2,Madden NFL 2002 Review,Superb,9
PS,Madden NFL 2002 Review,Superb,9
PS,Saiyuki: Journey West Review,Great,8
PS2,NFL Quarterback Club 2002 Review,Good,7
PS2,Gallop Racer 2001 Review,Mediocre,5
PS2,Gadget Racers Review,Good,7
PC,Baseball Mogul 2002 Review,Good,7
PC,Lightweight Ninja Review,Bad,3
PC,Akimbo: Kung-Fu Hero Review,Terrible,2
PC,MTV Total Request Live Trivia Review,Poor,4
PC,Road to India: Between Hell and Nirvana Review,Good,7
PC,Squad Battles: Vietnam Review,Good,7
PC,Pool of Radiance: Ruins of Myth Drannor Review,Fair,6
PC,Throne of Darkness Review,Good,7
PS2,Kessen II Review,Good,7
PS2,F1 2001 Review,Great,8
PC,Real War Review,Bad,3
PS2,Monster Rancher 3 Review,Great,8
PC,Open Kart Review,Fair,6
PS2,Yanya Caballista: City Skater Review,Poor,4
PC,Rails Across America Review,Good,7
PS2,Spy Hunter Review,Good,7
PS2,Batman: Vengeance Review,Good,7
PS2,Kinetica Review,Good,7
PS2,Time Crisis II Review,Good,7
PC,Sub Command Review,Great,8
PC,The Weakest Link Review,Poor,4
PS2,Silent Scope 2: Dark Silhouette Review,Mediocre,5
PS2,The Mummy Returns Review,Fair,6
PS2,BASS Strike Review,Mediocre,5
PS,One Piece Mansion Review,Good,7
PS2,NHL Hitz 2002 Review,Fair,6
PS2,NHL 2002 Review,Great,8
PC,Ultimate Ride Review,Good,7
PS2,Paris-Dakar Rally Review,Terrible,2
PS,Tales of Destiny II Review,Good,7
PS,Dance Dance Revolution Disney Mix Review,Fair,6
PC,Zax: The Alien Hunter Review,Good,7
PC,Jack Orlando: A Cinematic Adventure Review,Fair,6
PC,The Sims: Hot Date Review,Great,8
PS2,Stunt GP Review,Mediocre,5
PC,Project Eden Review,Good,7
PS2,Project Eden Review,Good,7
PS2,James Bond in Agent Under Fire Review,Fair,6
PS2,Supercar Street Challenge Review,Mediocre,5
PC,Supercar Street Challenge Review,Bad,3
PC,Empire Earth Review,Good,7
PC,Dark Age of Camelot Review,Superb,9
PC,Ballistics Review,Fair,6
PS2,Ace Combat 04: Shattered Skies Review,Great,8
PC,Civilization III Review,Superb,9
XBOX,Tony Hawk's Pro Skater 2x Review,Good,7
PC,4X4 EVO 2 Review,Good,7
XBOX,NFL Fever 2002 Review,Good,7
XBOX,Fuzion Frenzy Review,Fair,6
XBOX,Project Gotham Racing Review,Great,8
PC,Flight Simulator 2002 Review,Superb,9
PS2,Crash Bandicoot: The Wrath of Cortex Review,Fair,6
XBOX,NASCAR Heat 2002 Review,Good,7
PS2,Shaun Palmer's Pro Snowboarder Review,Good,7
PS,Tony Hawk's Pro Skater 3 Review,Superb,9
XBOX,Madden NFL 2002 Review,Great,8
PS2,Dark Summit Review,Good,7
XBOX,Dark Summit Review,Good,7
PS2,Splashdown Review,Good,7
PS2,Smuggler's Run 2: Hostile Territory Review,Great,8
PS,Syphon Filter 3 Review,Fair,6
PS2,MXRider Review,Good,7
XBOX,NHL Hitz 2002 Review,Good,7
PC,Silent Hunter II Review,Fair,6
PC,Mystery of the Druids Review,Poor,4
PS2,Top Gun: Combat Zones Review,Fair,6
PC,World War III: Black Gold Review,Great,8
XBOX,NASCAR Thunder 2002 Review,Great,8
PS2,NBA Live 2002 Review,Good,7
XBOX,NBA Live 2002 Review,Good,7
PC,Patrician II Review,Good,7
PS,Zoboomafoo: Leapin' Lemurs Review,Bad,3
PS2,Burnout Review,Great,8
PC,Schizm Review,Good,7
PS2,Giants: Citizen Kabuto Review,Great,8
PC,Soul Reaver 2 Review,Great,8
XBOX,Max Payne Review,Superb,9
PS2,Namco Museum Review,Fair,6
PC,IL-2 Sturmovik Review,Superb,9
PC,Screamer 4x4 Review,Good,7
PC,AquaNox Review,Fair,6
XBOX,Test Drive Off-Road Wide Open Review,Fair,6
XBOX,F1 2001 Review,Great,8
PS2,Shadow Hearts Review,Good,7
PC,Battlecruiser Millennium Review,Fair,6
XBOX,SSX Tricky Review,Great,8
PC,Star Wars Galactic Battlegrounds Review,Great,8
XBOX,Azurik: Rise of Perathia Review,Mediocre,5
XBOX,Amped: Freestyle Snowboarding Review,Fair,6
PS2,Driven Review,Terrible,2
PC,Frank Herbert's Dune Review,Bad,3
PC,EverQuest: The Shadows of Luclin Review,Great,8
XBOX,Star Wars Starfighter: Special Edition Review,Good,7
XBOX,Mad Dash Racing Review,Good,7
PC,Etherlords Review,Great,8
PS2,Frequency Review,Great,8
PS2,Jeremy McGrath Supercross World Review,Terrible,2
PS2,Dynasty Warriors 3 Review,Good,7
PS2,NFL 2K2 Review,Superb,9
PS2,Jade Cocoon 2 Review,Great,8
PC,Gorasul: Legacy of the Dragon Review,Fair,6
XBOX,NHL 2002 Review,Great,8
XBOX,The Simpsons Road Rage Review,Fair,6
XBOX,Arctic Thunder Review,Poor,4
XBOX,Transworld Surf Review,Great,8
PS2,Wave Rally Review,Fair,6
PC,Comanche 4 Review,Good,7
PS2,NFL GameDay 2002 Review,Fair,6
PS,FIFA 2002 Review,Great,8
PC,Europa Universalis II Review,Great,8
PS2,ESPN NFL Primetime 2002 Review,Mediocre,5
PC,Kohan: Ahriman's Gift Review,Good,7
PS2,Sunny Garcia Surfing Review,Mediocre,5
PC,Rally Trophy Review,Great,8
PC,Survivor Review,Terrible,2
PC,S.W.I.N.E. Review,Good,7
PC,Capitalism II Review,Great,8
PC,Secret Service: In Harm's Way Review,Fair,6
PC,Takeda Review,Mediocre,5
PC,Monster Truck Rumble Review,Bad,3
PS,Hoshigami: Ruining Blue Earth Review,Good,7
XBOX,Star Wars: Obi-Wan Review,Poor,4
PC,Disciples II: Dark Prophecy Review,Great,8
PC,Star Wars Starfighter Review,Fair,6
PC,Black & White: Creature Isle Review,Great,8
PS2,Star Trek: Voyager Elite Force Review,Fair,6
XBOX,MX 2002 Featuring Ricky Carmichael Review,Good,7
PC,Fighting Legends Review,Poor,4
PS2,Tsugunai: Atonement Review,Poor,4
XBOX,Nightcaster Review,Fair,6
PS2,Wizardry: Tale of the Forsaken Land Review,Great,8
XBOX,Wreckless: The Yakuza Missions Review,Fair,6
XBOX,Bloodwake Review,Good,7
PC,Lineage: The Blood Pledge Review,Mediocre,5
XBOX,NFL 2K2 Review,Superb,9
PS2,NBA 2K2 Review,Superb,9
PS2,AirBlade Review,Good,7
PS2,ESPN International Winter Sports 2002 Review,Mediocre,5
PS2,Rez Review,Good,7
PS2,Mobile Suit Gundam: Zeonic Front Review,Fair,6
PS2,Dragon Rage Review,Poor,4
PS2,GoDai: Elemental Force Review,Bad,3
PS2,Jonny Moseley Mad Trix Review,Terrible,2
XBOX,ESPN NFL Prime Time 2002 Review,Poor,4
PC,Master Rallye Review,Good,7
PS2,ESPN Winter X-Games Snowboarding 2002 Review,Fair,6
PC,Dig Dug: Deeper Review,Poor,4
PS,"Monsters, Inc. Scream Team Review",Mediocre,5
PC,Serious Sam: The Second Encounter Review,Superb,9
PC,Starships Unlimited: Divided Galaxies Review,Great,8
PC,La Grande Armee at Austerlitz Review,Good,7
XBOX,NBA Inside Drive 2002 Review,Fair,6
PC,Car Tycoon Review,Mediocre,5
PS,Gunfighter: The Legend of Jesse James Review,Poor,4
PC,Cabela's Off-Road Adventure 2 Review,Good,7
PS2,MotoGP 2 Review,Great,8
PC,Tropico: Paradise Island Review,Great,8
PS2,Pirates: The Legend of Black Kat Review,Good,7
XBOX,New Legends Review,Good,7
PC,Destroyer Command Review,Terrible,2
PS2,Maximo: Ghosts to Glory Review,Good,7
PS2,Gitaroo-Man Review,Great,8
XBOX,UFC: Tapout Review,Great,8
PS2,Forever Kingdom Review,Fair,6
XBOX,Circus Maximus Review,Fair,6
XBOX,Jet Set Radio Future Review,Great,8
PS2,Star Wars Racer Revenge Review,Good,7
XBOX,NBA 2K2 Review,Great,8
XBOX,ESPN International Winter Sports 2002 Review,Poor,4
PC,Salt Lake 2002 Review,Fair,6
PS2,Eve of Extinction Review,Fair,6
PS2,Fatal Frame Review,Good,7
PC,Mimesis Online Review,Bad,3
PC,Moto Racer 3 Review,Good,7
PS2,ESPN NBA 2Night 2002 Review,Mediocre,5
XBOX,ESPN Winter X-Games Snowboarding 2002 Review,Fair,6
PC,Tiger Woods PGA Tour 2002 Review,Great,8
PS2,Tiger Woods PGA Tour 2002 Review,Great,8
PS2,High Heat Baseball 2003 Review,Great,8
PS2,Pac-Man World 2 Review,Great,8
PC,Trainz Review,Great,8
PC,Druuna: Morbus Gravis Review,Terrible,2
PS2,World Tour Soccer 2002 Review,Great,8
PC,Mall Tycoon Review,Poor,4
PC,NASCAR Racing 2002 Season Review,Great,8
PS2,Knockout Kings 2002 Review,Great,8
XBOX,Knockout Kings 2002 Review,Great,8
PC,Shadow Force: Razor Unit Review,Poor,4
PC,The Sims: Vacation review,Great,8
PC,Grandia II Review,Good,7
PS2,Sled Storm Review,Good,7
PC,Ultima Online: Lord Blackthorn's Revenge Review,Fair,6
PC,Star Trek Bridge Commander Review,Great,8
XBOX,Pirates: The Legend of Black Kat Review,Good,7
XBOX,Agent Under Fire Review,Fair,6
PC,Warrior Kings Review,Good,7
PS2,Herdy Gerdy Review,Fair,6
PC,Global Operations Review,Great,8
PS2,Triple Play 2002 Review,Great,8
XBOX,Triple Play 2002 Review,Great,8
PS2,Virtua Fighter 4 Review,Superb,9
PS2,WTA Tour Tennis Review,Fair,6
PC,Heroes of Might and Magic IV Review,Great,8
PS2,Hot Shots Golf 3 Review,Good,7
XBOX,Blood Omen 2 Review (Xbox) Review,Good,7
XBOX,Crash Bandicoot: The Wrath of Cortex Review,Fair,6
PC,Tom Clancy's Ghost Recon: Desert Siege Review,Great,8
PC,Tony Hawk's Pro Skater 3 Review,Superb,9
PC,Jedi Knight II: Jedi Outcast Review,Superb,9
PS2,Savage Skies Review,Mediocre,5
PS2,Shadow Man 2econd Coming Review,Fair,6
PC,Might and Magic IX Review,Fair,6
PC,Hitchcock: The Final Cut Review,Mediocre,5
XBOX,NFL Blitz 2002 Review,Great,8
PC,Warlords Battlecry II Review,Great,8
PS2,Star Wars: Jedi Starfighter Review,Good,7
PS2,Army Men: RTS Review,Good,7
PS2,Smash Court Tennis Pro Tournament Review,Good,7
PC,Dark Planet: Battle for Natrolis Review,Mediocre,5
XBOX,All-Star Baseball 2003 Review,Great,8
PC,SuperPower Review,Poor,4
PS2,Mr. Mosquito Review,Fair,6
PS2,Mad Maestro! Review,Fair,6
PC,Real Pool 2 Review,Mediocre,5
PS2,World Rally Championship Review,Great,8
PC,Out of the Park Baseball 4 Review,Great,8
PS2,The Operative: No One Lives Forever Review,Poor,4
XBOX,Gauntlet Dark Legacy Review,Mediocre,5
PS2,King's Field: The Ancient City Review,Fair,6
PC,Factory Mogul Review,Fair,6
PS2,Tetris Worlds Review,Bad,3
PC,Die Hard: Nakatomi Plaza Review,Mediocre,5
PS2,TransWorld Surf Review,Good,7
PC,Spider-Man: The Movie PC Review,Good,7
XBOX,Burnout Review,Good,7
PS,Rayman Rush Review,Mediocre,5
PC,Season Ticket Baseball 2003 Review,Great,8
PC,Tactical Ops: Assault on Terror Review,Fair,6
XBOX,2002 FIFA World Cup Review,Great,8
PC,WWII: Desert Rats Review,Good,7
PC,Ultimate Ride Coaster Deluxe Review,Good,7
PS2,K-1 World Grand Prix 2001 Review,Great,8
PS,Dance Dance Revolution Konamix Review,Fair,6
PC,BCT Commander Review,Good,7
PC,Hired Team: Trial Gold Review,Bad,3
XBOX,MotoGP Review,Great,8
PS2,Headhunter Review,Good,7
PC,Warbirds III Review,Great,8
XBOX,Jedi Starfighter Review,Good,7
PS2,Aggressive Inline Review,Great,8
XBOX,Smashing Drive Review,Bad,3
PC,Ski Park Manager Review,Mediocre,5
PS2,Britney's Dance Beat Review,Fair,6
PC,Atari Revival review,Mediocre,5
PS,2002 FIFA World Cup Review,Fair,6
PC,Combat Medic: Special Ops Review,Poor,4
PS2,Top Angler Review,Poor,4
PC,R/C Helicopter Indoor Flight Simulation Review,Poor,4
PS2,Wipeout Fusion Review,Good,7
PS2,Legion: Legend of Excalibur Review,Bad,3
PS2,Space Race Ps2 Review,Mediocre,5
PC,The Watchmaker Review,Fair,6
PS2,Dropship: United Peace Force Review,Good,7
PC,Gore: Ultimate Soldier Review,Fair,6
PC,Le Mans 24 Hours Review,Fair,6
PS2,Sky Gunner Review,Good,7
PS2,Stitch: Experiment 626 Review,Mediocre,5
PS2,Shifters Review,Bad,3
PS2,Freekstyle Review,Great,8
PC,Pac-Man All-Stars Review,Mediocre,5
PS2,Lethal Skies Elite Pilot: Team SW Review,Great,8
XBOX,RedCard 2003 Review,Good,7
PC,Jazz and Faust Review,Poor,4
PS2,Monster Jam: Maximum Destruction Review,Poor,4
PC,Baseball Mogul 2003 Review,Fair,6
PS2,F1 2002 Review,Great,8
PC,F1 2002 Review,Great,8
PS2,Fire Blade Review,Good,7
PC,The Sum of All Fears Review,Good,7
PS,Power Play Sports Trivia PsX Review,Poor,4
PS2,MX Superfly Review,Good,7
PC,Elite Forces: Navy SEALs Review,Bad,3
PC,Extreme Paintbrawl 4 Review,Terrible,2
PC,Hyperspace Delivery Boy! Review,Good,7
PS,C-12: Final Resistance Review,Mediocre,5
PS2,Downforce Review,Good,7
XBOX,Tetris Worlds Review,Mediocre,5
XBOX,Bruce Lee: Quest of the Dragon Review,Bad,3
PS2,Tom and Jerry: War of the Whiskers Review,Fair,6
XBOX,Totaled! Review,Bad,3
PS2,Mike Tyson Heavyweight Boxing Review,Terrible,2
XBOX,David Beckham Soccer Review,Good,7
XBOX,Aggressive Inline Review,Great,8
XBOX,NFL Fever 2003 Review,Good,7
PC,PureSim Baseball Review,Good,7
PS,Lilo and Stitch Review,Bad,3
PC,Tsunami 2265 Review,Terrible,2
PC,Airborne Assault: Red Devils over Arnhem Review,Great,8
PS2,NCAA Football 2003 Review,Great,8
PC,Austerlitz: Napoleon's Greatest Victory Review,Great,8
PC,Soccer Mania Review,Poor,4
PS2,Lego Soccer Mania Review,Mediocre,5
PC,Strategic Command: European Theater Review,Good,7
PS2,Romance of the Three Kingdoms VII Review,Good,7
PC,The Elder Scrolls III: Tribunal Review,Good,7
XBOX,Buffy the Vampire Slayer Review,Great,8
PC,Medal of Honor Allied Assault: Spearhead Review,Great,8
PS2,The Thing Review,Great,8
PC,U.S. Special Forces: Team Factor Review,Poor,4
PC,Earth & Beyond Review,Fair,6
PS,Capcom Vs. SNK Pro: Millennium Fight 2000 Review,Fair,6
PC,Project: Nomads Review,Fair,6
PS,Stuart Little 2 Review,Mediocre,5
PS2,Mat Hoffman's Pro BMX 2 Review,Good,7
XBOX,Mat Hoffman's Pro BMX 2 Review,Good,7
PC,Celtic Kings: Rage of War Review,Great,8
XBOX,NFL 2K3 Review,Superb,9
XBOX,Madden NFL 2003 Review,Great,8
PC,Madden NFL 2003 Review,Superb,9
PC,Icewind Dale II Review,Great,8
PC,MoonBase Commander Review,Great,8
PC,Real War: Rogue States Review,Poor,4
PC,Empire Earth: The Art of Conquest Expansion Review,Mediocre,5
XBOX,NFL Blitz 2003 Review,Great,8
PS2,NFL Blitz 2003 Review,Great,8
PS2,NCAA GameBreaker 2003 Review,Mediocre,5
PS2,NFL GameDay 2003 Review,Fair,6
PC,US Open 2002 Review,Fair,6
PC,Michael Schumacher Racing World Kart 2002 Review,Mediocre,5
PC,Gladiators of Rome Review,Fair,6
PC,Port Royale Review,Great,8
PC,Age of Mythology: The Titans Review,Great,8
PC,Warlords IV: Heroes of Etheria Review,Great,8
PS2,Chaos Legion Review,Mediocre,5
PS2,NHL Hitz Pro Review,Great,8
PS2,Frogger's Adventures: The Rescue Review,Fair,6
PC,Rugby 2004 Review,Poor,4
XBOX,Star Trek: Shattered Universe Review,Poor,4
PC,Battle Engine Aquila Review,Fair,6
PC,FirePower for Microsoft Combat Flight Simulator 3 Review,Great,8
XBOX,Max Payne 2: The Fall of Max Payne Review,Great,8
XBOX,I-Ninja Review,Good,7
PS2,Pitfall: The Lost Expedition Review,Good,7
PS2,LifeLine Review,Fair,6
PC,Combat Mission: Afrika Korps Review,Great,8
PS2,Bionicle Review,Poor,4
XBOX,Bionicle Review,Poor,4
XBOX,Corvette Review,Poor,4
PS2,Samurai Jack: The Shadow of Aku Review,Mediocre,5
XBOX,Tenchu: Return From Darkness Review,Good,7
PC,Pax Romana Review,Poor,4
PS2,Romance of the Three Kingdoms IX Review,Good,7
PC,MVP Baseball 2004 Review,Great,8
PS2,ESPN Major League Baseball Review,Great,8
PC,A Quiet Weekend in Capri Review,Poor,4
PS2,Future Tactics: The Uprising Review,Fair,6
PC,Total Pro Basketball Review,Good,7
PC,Beyond the Law: The Third Wave Review,Bad,3
PC,Out of the Park Baseball 6 Review,Great,8
PC,Echelon: Wind Warriors Review,Mediocre,5
PC,Crusader Kings Review,Great,8
XBOX,Army Men: Sarge's War Review,Mediocre,5
XBOX,Freestyle Street Soccer Review,Bad,3
PC,The Suffering Review,Good,7
XBOX,Shadow Ops: Red Mercury Review,Fair,6
PC,Soldiers: Heroes of World War II Review,Good,7
PC,Vietnam War: Ho Chi Minh Trail Review,Mediocre,5
PS2,Transformers Review,Good,7
XBOX,Van Helsing Review,Fair,6
PS2,MLB SlugFest: Loaded Review,Good,7
XBOX,MLB SlugFest: Loaded Review,Good,7
PS2,Galactic Wrestling: Featuring Ultimate Muscle Review,Good,7
PC,Missing: Since January Review,Good,7
PC,Diamond Mind Baseball 9 Review,Good,7
PC,Baseball Mogul 2005 Review,Mediocre,5
PC,NHL Eastside Hockey Manager Review,Great,8
XBOX,Terminator 3: The Redemption Review,Good,7
XBOX,Silent Hill 4: The Room Review,Good,7
PC,Chessmaster 10th Edition Review,Good,7
PC,Anarchy Online: Alien Invasion Review,Good,7
PS2,Dance Dance Revolution Extreme Review,Good,7
PC,Pitfall: The Lost Expedition Review,Good,7
PS2,Headhunter: Redemption Review,Fair,6
PC,Full Spectrum Warrior Review,Good,7
PS2,TOCA Race Driver 2: The Ultimate Racing Simulator Review,Great,8
PS2,Ape Escape: Pumped & Primed Review,Fair,6
PC,Silent Hill 4: The Room Review,Good,7
PS2,Vietcong: Purple Haze Review,Poor,4
PS2,Conflict: Vietnam Review,Fair,6
PS2,Forgotten Realms: Demon Stone Review,Good,7
PS2,Tak 2: The Staff of Dreams Review,Fair,6
PS2,Yu Yu Hakusho: Dark Tournament Review,Fair,6
PS2,Tiger Woods PGA Tour 2005 Review,Great,8
XBOX,Tiger Woods PGA Tour 2005 Review,Great,8
XBOX,Robotech: Invasion Review,Fair,6
XBOX,Fatal Frame II: Crimson Butterfly Director's Cut Review,Great,8
PC,Blitzkrieg: Rolling Thunder Review,Good,7
XBOX,Tork: Prehistoric Punk Review,Mediocre,5
PS2,Playboy: The Mansion Review,Fair,6
XBOX,Playboy: The Mansion Review,Fair,6
PS2,Gundam Battle Assault 3 featuring Gundam Seed Review,Poor,4
PC,Worldwide Soccer Manager 2005 Review,Great,8
XBOX,Tom Clancy's Ghost Recon 2 Review,Great,8
XBOX,Spyro: A Hero's Tail Review,Mediocre,5
DS,Tiger Woods PGA Tour Review,Good,7
XBOX,NCAA March Madness 2005 Review,Good,7
PS2,ESPN College Hoops 2K5 Review,Great,8
PC,Return to Mysterious Island Review,Good,7
XBOX,World Championship Poker Review,Fair,6
PS2,World Soccer Winning Eleven 8 International Review,Superb,9
PC,Alexander Review,Mediocre,5
XBOX,Worms 3D Review,Good,7
PC,The Sims 2 University Review,Good,7
XBOX,Red Ninja: End of Honor Review,Mediocre,5
PC,Pariah Review,Fair,6
XBOX,Spikeout: Battle Street Review,Mediocre,5
PS2,Rise of the Kasai Review,Fair,6
PS2,Shining Tears Review,Fair,6
XBOX,Dragon Ball Z: Sagas Review,Bad,3
PS2,MLB 2006 Review,Great,8
PS2,Dynasty Warriors 5 Review,Fair,6
PC,Supreme Ruler 2010 Review,Good,7
PC,Stolen review,Mediocre,5
PC,Still Life Review,Fair,6
XBOX,Still Life Review,Fair,6
DS,Need for Speed Underground 2 Review,Good,7
PC,Special Forces: Nemesis Strike Review,Mediocre,5
XBOX,Special Forces: Nemesis Strike Review,Mediocre,5
PC,Boiling Point: Road to Hell Review,Good,7
PC,Area 51 Review,Fair,6
PC,Necromania: Traps of Darkness Review,Bad,3
DS,Bomberman Review,Good,7
XBOX,Sid Meier's Pirates! Review,Great,8
PS2,Flipnic: Ultimate Pinball Review,Fair,6
DS,Puyo Pop Fever Review,Good,7
PS2,EyeToy: Play 2 Review,Good,7
PC,Juiced Review,Fair,6
XBOX,The King of Fighters 02/03 Review,Good,7
XBOX,Capcom Fighting Evolution Review,Fair,6
PS2,Finny the Fish & the Seven Waters Review,Mediocre,5
PS2,Arc the Lad: End of Darkness Review,Mediocre,5
XBOX,Virtual Pool: Tournament Edition Review,Fair,6
PS2,Samurai Western Review,Mediocre,5
PS2,Medal of Honor: European Assault Review,Good,7
DS,Kirby: Canvas Curse Review,Great,8
XBOX,Madagascar Review,Good,7
PS2,Outlaw Volleyball Remixed Review,Mediocre,5
PS2,Fantastic 4 Review,Mediocre,5
PC,Fantastic 4 Review,Mediocre,5
XBOX,King of Fighters: Maximum Impact - Maniax Review,Good,7
PC,Poker Superstars Review,Poor,4
PC,Madden NFL 06 Review,Good,7
XBOX,Tom Clancy's Ghost Recon 2 Summit Strike Review,Great,8
X360,Kameo: Elements of Power Review,Great,8
PC,EverQuest II: Desert of Flames Review,Good,7
PS2,Top Spin Review,Good,7
X360,Robotron: 2084 Review,Good,7
XBOX,The Sims 2 Review,Fair,6
PS2,Gauntlet: Seven Sorrows Review,Mediocre,5
XBOX,Gauntlet: Seven Sorrows Review,Mediocre,5
XBOX,Peter Jackson's King Kong: The Official Game of the Movie Review,Great,8
PC,Peter Jackson's King Kong: The Official Game of the Movie Review,Great,8
DS,Peter Jackson's King Kong: The Official Game of the Movie Review,Terrible,2
PC,Battlefield 2: Special Forces Review,Great,8
PS2,S.L.A.I.: Steel Lancer Arena International Review,Good,7
DS,Frogger: Helmet Chaos Review,Good,7
PC,MotoGP 3: Ultimate Racing Technology Review,Good,7
PS2,Marvel Nemesis: Rise of the Imperfects Review,Fair,6
XBOX,Conflict: Global Terror Review,Fair,6
PC,Conflict: Global Terror Review,Fair,6
PC,Diplomacy Review,Mediocre,5
XBOX,The Matrix: Path of Neo Review,Good,7
PS2,Midway Arcade Treasures 3 Review,Fair,6
PC,Day of Defeat: Source Review,Great,8
DS,"The Chronicles of Narnia: The Lion, The Witch and The Wardrobe Review",Fair,6
PS2,Spartan: Total Warrior Review,Good,7
PS2,50 Cent: Bulletproof Review,Poor,4
DS,Battles of Prince of Persia Review,Good,7
PS2,Sly 3: Honor Among Thieves Review,Great,8
XBOX,Aeon Flux Review,Good,7
PS2,Aeon Flux Review,Good,7
PS2,Crash Tag Team Racing Review,Good,7
XBOX,X-Men Legends II: Rise of Apocalypse Review,Great,8
XBOX,Evil Dead: Regeneration Review,Fair,6
PS2,Urban Reign Review,Fair,6
PC,Namco Museum 50th Anniversary Review,Mediocre,5
PC,Vietcong 2 Review,Fair,6
XBOX,FIFA 06 Review,Superb,9
PC,FIFA 06 Review,Great,8
XBOX,NBA Live 06 Review,Good,7
PC,Tiger Woods PGA Tour 06 Review,Great,8
XBOX,Zathura Review,Mediocre,5
PS2,Zathura Review,Mediocre,5
PS2,Shrek SuperSlam Review,Fair,6
PS2,Dance Dance Revolution Extreme 2 Review,Good,7
DS,Mario & Luigi: Partners in Time Review,Great,8
PC,Voyage: A Journey Beyond Reality Review,Fair,6
XBOX,World Poker Tour 2K6 Review,Good,7
DS,Mega Man Battle Network 5: Double Team Review,Good,7
PS2,Gretzky NHL '06 Review,Fair,6
PS2,EyeToy: Operation Spy Review,Mediocre,5
PS2,Trapt Review,Fair,6
XBOX,Tecmo Classic Arcade Review,Fair,6
DS,Dig Dug: Digging Strike Review,Fair,6
PS2,Suikoden Tactics Review,Good,7
XBOX,Greg Hastings' Tournament Paintball Max'd Review,Good,7
X360,Ridge Racer 6 Review,Great,8
X360,Geometry Wars: Retro Evolved Review,Great,8
PS2,Legend of Kay Review,Great,8
PS2,Wild Arms 4 Review,Good,7
PC,Cuban Missile Crisis: The Aftermath Review,Fair,6
DS,Dragon Booster Review,Terrible,2
PC,WWII Tank Commander Review,Mediocre,5
PS2,Zatch Bell! Mamodo Battles Review,Mediocre,5
PS2,Tales of Legendia Review,Great,8
DS,Need for Speed Most Wanted Review,Mediocre,5
PS2,The Bible Game Review,Mediocre,5
XBOX,The Bible Game Review,Mediocre,5
DS,Teenage Mutant Ninja Turtles 3: Mutant Nightmare Review,Fair,6
DS,Tamagotchi Connection: Corner Shop Review,Fair,6
PS2,EA Sports Arena Football Review,Fair,6
DS,Greg Hastings' Tournament Paintball Max'd Review,Poor,4
PC,80 Days Review,Mediocre,5
XBOX,MVP 06 NCAA Baseball Review,Great,8
DS,Super Monkey Ball Touch & Roll Review,Fair,6
PS2,FIFA Street 2 Review,Good,7
XBOX,FIFA Street 2 Review,Good,7
PS2,Rugby 06 Review,Good,7
PC,Fritz 9: Play Chess Review,Fair,6
PS2,Metal Saga Review,Fair,6
PC,Blazing Angels: Squadrons of WWII Review,Fair,6
PC,Full Spectrum Warrior: Ten Hammers Review,Good,7
XBOX,Full Spectrum Warrior: Ten Hammers Review,Good,7
PS2,Full Spectrum Warrior: Ten Hammers Review,Good,7
DS,Guilty Gear Dust Strikers Review,Mediocre,5
XBOX,WinBack 2: Project Poseidon Review,Poor,4
DS,Pokémon Trozei Review,Good,7
PC,Take Command: 2nd Manassas Review,Great,8
PS2,Real World Golf Review,Fair,6
PS2,Tokyo Xtreme Racer DRIFT Review,Mediocre,5
PC,Call of Cthulhu: Dark Corners of the Earth Review,Good,7
X360,Final Fantasy XI Online Review,Fair,6
DS,LostMagic Review,Good,7
PC,Auto Assault Review,Good,7
PS2,OutRun 2006: Coast 2 Coast Review,Great,8
PS2,Kao the Kangaroo Round 2 Review,Fair,6
XBOX,Kao the Kangaroo Round 2 Review,Fair,6
PS2,Buzz!: The BIG Quiz Review,Fair,6
PS2,Hummer Badlands Review,Poor,4
PC,Black & White 2 - Battle of the Gods Review,Good,7
XBOX,Hummer Badlands Review,Poor,4
PS2,Ace Combat Zero: The Belkan War Review,Good,7
PS2,Bode Miller Alpine Skiing Review,Poor,4
PS2,Atelier Iris 2: The Azoth of Destiny Review,Good,7
PC,World War II Combat: Road to Berlin Review,Terrible,2
PS2,Rampage: Total Destruction Review,Mediocre,5
PS2,Monster Rancher EVO Review,Fair,6
XBOX,Classified: The Sentinel Crisis Review,Mediocre,5
PC,Keepsake Review,Mediocre,5
PC,Tycoon City New York Review,Fair,6
PC,Myst V: End of Ages Review,Good,7
XBOX,Dreamfall: The Longest Journey Review,Great,8
DS,Super Black Bass Fishing Review,Mediocre,5
PC,Dreamfall: The Longest Journey Review,Great,8
PC,Tomb Raider: Legend Review,Good,7
DS,Brain Age Review,Good,7
XBOX,Commandos Strike Force Review,Mediocre,5
PS2,Commandos Strike Force Review,Mediocre,5
PC,Commandos Strike Force Review,Mediocre,5
PC,Space Rangers 2: Rise of the Dominators Review,Great,8
PC,Crime Stories Review,Poor,4
PS2,Warship Gunner 2 Review,Fair,6
PS2,Rebel Raiders: Operation Nighthawk Review,Mediocre,5
XBOX,Monster 4x4: World Circuit Review,Poor,4
DS,Top Spin 2 Review,Terrible,2
PS2,Alfa Romeo Racing Italiano Review,Poor,4
PC,Condemned: Criminal Origins Review,Great,8
PC,UberSoldier Review,Poor,4
PC,Hearts of Iron II: Doomsday Review,Great,8
PS2,Samurai Champloo: Sidetracked Review,Good,7
PS2,River King: A Wonderful Journey Review,Mediocre,5
PS2,Tomb Raider: Legend Review,Good,7
XBOX,Tomb Raider: Legend Review,Good,7
X360,Tomb Raider: Legend Review,Good,7
XBOX,The King of Fighters NeoWave Review,Fair,6
X360,Battlefield 2: Modern Combat Review,Good,7
PC,Onimusha 3: Demon Siege Review,Good,7
PC,CSI: 3 Dimensions of Murder Review,Fair,6
PS2,Major League Baseball 2K6 Review,Good,7
XBOX,Major League Baseball 2K6 Review,Good,7
DS,Worms: Open Warfare Review,Mediocre,5
PS2,NBA Ballers: Phenom Review,Good,7
X360,Far Cry Instincts Predator Review,Good,7
XBOX,NBA Ballers: Phenom Review,Good,7
PS2,Tourist Trophy Review,Great,8
XBOX,Ice Age 2 Review,Good,7
PS2,Beatmania Review,Mediocre,5
X360,Top Spin 2 Review,Great,8
PS2,Ice Age 2 Review,Good,7
PC,True Crime: New York City Review,Mediocre,5
XBOX,Blazing Angels: Squadrons of WWII Review,Fair,6
PC,Tony Hawk's American Wasteland Review,Fair,6
PS2,Kingdom Hearts II Review,Great,8
X360,Rumble Roses XX Review,Fair,6
XBOX,Tom Clancy's Rainbow Six Critical Hour Review,Poor,4
DS,Tao's Adventure: Curse of the Demon Seal Review,Fair,6
PC,The Elder Scrolls IV: Oblivion Review,Superb,9
X360,The Elder Scrolls IV: Oblivion Review,Superb,9
PS2,Suikoden V Review,Great,8
PC,Scratches Review,Bad,3
X360,AstroPop Review,Good,7
X360,Blazing Angels: Squadrons of WWII Review,Fair,6
DS,Metroid Prime Hunters Review,Great,8
PS2,Midnight Club 3: DUB Edition Review,Great,8
XBOX,Midnight Club 3: DUB Edition Review,Great,8
PS2,CMT Presents: Karaoke Revolution Country Review,Good,7
PC,Battlefield 2: Euro Force Review,Good,7
PC,EverQuest II: Kingdom of Sky Review,Good,7
PC,The Godfather Review,Great,8
PS2,The Godfather Review,Great,8
XBOX,The Godfather Review,Great,8
DS,Tetris DS Review,Good,7
PC,Feeding Frenzy Review,Fair,6
PC,RF Online Review,Fair,6
PC,The Apprentice Review,Bad,3
PS2,Driver: Parallel Lines Review,Fair,6
XBOX,Driver: Parallel Lines Review,Fair,6
X360,The Outfit Review,Fair,6
PS2,Shadow Hearts: From the New World Review,Great,8
PC,Monopoly Tycoon Review,Great,8
DS,FIFA Street 2 Review,Bad,3
X360,Tom Clancy's Ghost Recon Advanced Warfighter Review,Superb,9
PS2,Onimusha: Dawn of Dreams Review,Great,8
PS2,MLB '06: The Show Review,Superb,9
PS2,24: The Game Review,Fair,6
PS2,Final Fight: Streetwise Review,Bad,3
PC,SWAT 4: The Stetchkov Syndicate Review,Great,8
PC,Galactic Civilizations II: Dread Lords Review,Superb,9
PC,"The Lord of the Rings, The Battle for Middle-earth II Review",Great,8
XBOX,Final Fight: Streetwise Review,Bad,3
PC,Empire Earth II: The Art of Supremacy Review,Mediocre,5
PC,Midway Arcade Treasures Deluxe Edition Review,Mediocre,5
PC,TOCA Race Driver 3 Review,Great,8
XBOX,TOCA Race Driver 3 Review,Great,8
PS2,Sonic Riders Review,Fair,6
XBOX,Sonic Riders Review,Fair,6
PS2,MS Saga: A New Dawn Review,Fair,6
PC,GT Legends Review,Great,8
DS,Super Princess Peach Review,Good,7
PS2,TOCA Race Driver 3 Review,Great,8
XBOX,Black Review,Good,7
PS2,Black Review,Good,7
X360,Fight Night Round 3 Review,Great,8
XBOX,Fight Night Round 3 Review,Great,8
PS2,Fight Night Round 3 Review,Great,8
PC,Delta Force: Xtreme Review,Good,7
DS,SBK: Snowboard Kids Review,Fair,6
PC,Star Wars: Empire at War Review,Great,8
PC,Tom Clancy's Rainbow Six: Lockdown Review,Great,8
XBOX,EA Sports Arena Football Review,Fair,6
PS2,Grandia III Review,Good,7
PC,Marc Ecko's Getting Up: Contents Under Pressure Review,Great,8
XBOX,Marc Ecko's Getting Up: Contents Under Pressure Review,Great,8
PS2,Marc Ecko's Getting Up: Contents Under Pressure Review,Great,8
PS2,Drakengard 2 Review,Good,7
XBOX,Rugby 06 Review,Good,7
PC,Command & Conquer The First Decade Review,Good,7
XBOX,Curious George Review,Fair,6
PS2,Curious George Review,Fair,6
PC,Curious George Review,Fair,6
XBOX,World Soccer Winning Eleven 9 Review,Superb,9
X360,Crystal Quest Review,Fair,6
DS,The Rub Rabbits! Review,Fair,6
X360,Madden NFL 06 Review,Good,7
XBOX,World War II Combat: Road to Berlin Review,Terrible,2
PC,Heroes of the Pacific review,Good,7
XBOX,Ford vs. Chevy Review,Mediocre,5
PS2,Ford vs. Chevy Review,Mediocre,5
PC,Agatha Christie: And Then There Were None Review,Fair,6
PC,Taito Legends Review,Good,7
X360,Marble Blast Ultra Review,Fair,6
PS2,Space Channel 5 Special Edition Review,Fair,6
XBOX,Torino 2006 Review,Bad,3
PS2,Torino 2006 Review,Bad,3
PC,Torino 2006 Review,Bad,3
PS2,NCAA College Basketball 2K3 Review,Good,7
XBOX,Samurai Shodown V Review,Fair,6
X360,Hardwood Spades Review,Fair,6
X360,Hardwood Hearts Review,Fair,6
PS2,Devil May Cry 3: Dante's Awakening - Special Edition Review,Great,8
DS,Spyro: Shadow Legacy Review,Mediocre,5
PS2,MVP 06 NCAA Baseball Review,Great,8
PS2,25 to Life Review,Mediocre,5
PC,25 to Life Review,Mediocre,5
XBOX,25 to Life Review,Mediocre,5
DS,True Swing Golf Review,Fair,6
PC,Crazy Machines: The Wacky Contraptions Game Review,Good,7
PC,Chrome SpecForce Review,Mediocre,5
DS,Sega Casino Review,Mediocre,5
DS,Bust-A-Move DS Review,Good,7
PC,Pac-Man World 3 Review,Fair,6
PS2,Ape Escape 3 Review,Great,8
PS2,Castle Shikigami 2 Review,Good,7
X360,Hardwood Backgammon Review,Fair,6
XBOX,Pac-Man World 3 Review,Fair,6
PS2,Pac-Man World 3 Review,Fair,6
DS,ATV: Quad Frenzy Review,Bad,3
PC,Universal Combat: A World Apart Review,Bad,3
DS,Ford Racing 3 Review,Poor,4
PS2,Mega Man X Collection Review,Good,7
PC,Crime Life: Gang Wars Review,Terrible,2
PC,Hammer & Sickle Review,Bad,3
DS,Real Time Conflict: Shogun Empires Review,Bad,3
DS,Electroplankton Review,Good,7
PC,Law & Order: Criminal Intent Review,Mediocre,5
PC,Legion Arena Review,Fair,6
DS,Elf Bowling 1 & 2 Review,Abysmal,1
X360,Dead or Alive 4 Review,Great,8
X360,Wik: The Fable of Souls Review,Good,7
PC,The Moment of Silence Review,Fair,6
XBOX,Combat Elite: WWII Paratroopers Review,Mediocre,5
PS2,Combat Elite: WWII Paratroopers Review,Mediocre,5
X360,Outpost Kaloki X Review,Good,7
DS,Shrek SuperSlam Review,Fair,6
XBOX,World Championship Poker 2: Featuring Howard Lederer Review,Good,7
PC,World Championship Poker 2: Featuring Howard Lederer Review,Good,7
PS2,Growlanser Generations Review,Great,8
X360,Zuma Deluxe Review,Good,7
PC,Blitzkrieg 2 Review,Good,7
XBOX,America's Army: Rise of a Soldier Review,Good,7
DS,Dragon Ball Z: Supersonic Warriors 2 Review,Fair,6
PC,Prince of Persia: The Two Thrones Review,Great,8
XBOX,"The Chronicles of Narnia: The Lion, The Witch and The Wardrobe Review",Fair,6
PS2,"The Chronicles of Narnia: The Lion, The Witch and The Wardrobe Review",Fair,6
PC,"The Chronicles of Narnia: The Lion, The Witch and The Wardrobe Review",Fair,6
XBOX,Crime Life: Gang Wars Review,Terrible,2
PC,Starship Troopers Review,Bad,3
X360,Bankshot Billiards 2 Review,Poor,4
XBOX,Operation Flashpoint: Elite Review,Mediocre,5
DS,Burnout Legends Review,Poor,4
DS,Animal Crossing: Wild World Review,Great,8
PS2,Wallace & Gromit: Curse of the Were-Rabbit Review,Fair,6
XBOX,Wallace & Gromit: Curse of the Were-Rabbit Review,Fair,6
XBOX,Shrek SuperSlam Review,Fair,6
PC,Shrek SuperSlam Review,Fair,6
PC,Stubbs the Zombie in Rebel Without a Pause Review,Good,7
XBOX,Prince of Persia: The Two Thrones Review,Great,8
PS2,Prince of Persia: The Two Thrones Review,Great,8
PS2,Wild Arms Alter Code: F Review,Good,7
PS2,NTRA Breeders' Cup World Thoroughbred Championships Review,Poor,4
PC,X3: Reunion Review,Good,7
PC,Tin Soldiers: Alexander the Great Review,Great,8
PS2,Harry Potter and the Goblet of Fire Review,Good,7
XBOX,Harry Potter and the Goblet of Fire Review,Good,7
PC,Harry Potter and the Goblet of Fire Review,Good,7
PS2,Magna Carta: Tears of Blood Review,Good,7
PS2,College Hoops 2K6 Review,Great,8
XBOX,College Hoops 2K6 Review,Great,8
X360,Bejeweled 2 Deluxe Review,Good,7
X360,Smash TV Review,Good,7
PS2,EyeToy: Kinetic Review,Good,7
XBOX,50 Cent: Bulletproof Review,Poor,4
DS,Harry Potter and the Goblet of Fire Review,Fair,6
PS2,True Crime: New York City Review,Poor,4
X360,Hexic HD Review,Good,7
XBOX,True Crime: New York City Review,Poor,4
X360,Gauntlet Review,Fair,6
X360,Joust Review,Good,7
X360,Mutant Storm Reloaded Review,Good,7
PC,Need for Speed Most Wanted Review,Great,8
X360,Tiger Woods PGA Tour 06 Review,Good,7
X360,Peter Jackson's King Kong: The Official Game of the Movie Review,Great,8
PS2,Peter Jackson's King Kong: The Official Game of the Movie Review,Great,8
X360,NBA Live 06 Review,Fair,6
X360,Perfect Dark Zero Review,Superb,9
X360,FIFA 06: Road to FIFA World Cup Review,Fair,6
X360,Quake 4 Review,Fair,6
XBOX,Dance Dance Revolution Ultramix 3 Review,Good,7
PS2,Shadow the Hedgehog Review,Poor,4
XBOX,Shadow the Hedgehog Review,Poor,4
X360,NHL 2K6 Review,Good,7
X360,Amped 3 Review,Good,7
X360,Project Gotham Racing 3 Review,Great,8
PS2,Fatal Frame III: The Tormented Review,Good,7
X360,Condemned: Criminal Origins Review,Great,8
DS,Viewtiful Joe: Double Trouble Review,Good,7
X360,Need for Speed Most Wanted Review,Great,8
PS2,Dynasty Warriors 5: Xtreme Legends Review,Fair,6
XBOX,Star Wars: Battlefront II Review,Great,8
DS,Zoo Tycoon DS Review,Mediocre,5
PS2,Ty the Tasmanian Tiger 3: Night of the Quinkan Review,Fair,6
XBOX,Ty the Tasmanian Tiger 3: Night of the Quinkan Review,Mediocre,5
PS2,Need for Speed Most Wanted Review,Great,8
XBOX,Need for Speed Most Wanted Review,Great,8
X360,Tony Hawk's American Wasteland Review,Fair,6
PS2,WWE SmackDown! vs. RAW 2006 Review,Great,8
DS,Tony Hawk's American Sk8land Review,Great,8
X360,Gun Review,Fair,6
PC,City of Villains Review,Great,8
PS2,Neopets: The Darkest Faerie Review,Fair,6
X360,Call of Duty 2 Review,Great,8
X360,NBA 2K6 Review,Great,8
PC,Sniper Elite Review,Good,7
DS,Mario Kart DS Review,Superb,9
PS2,Dragon Quest VIII: Journey of the Cursed King Review,Superb,9
DS,Sonic Rush Review,Great,8
PC,Earth 2160 Review,Good,7
XBOX,Karaoke Revolution Party Review,Good,7
PS2,Karaoke Revolution Party Review,Good,7
PC,The Matrix: Path of Neo Review,Fair,6
PS2,Gun Review,Good,7
PS2,NBA 06 Review,Fair,6
PS2,The Matrix: Path of Neo Review,Good,7
PS2,Suzuki TT Superbikes Review,Fair,6
PC,The Movies Review,Great,8
PS2,Without Warning Review,Poor,4
XBOX,Without Warning Review,Poor,4
PC,Gun Review,Good,7
XBOX,Gun Review,Good,7
XBOX,Call of Duty 2: Big Red One Review,Good,7
PS2,Call of Duty 2: Big Red One Review,Good,7
PS2,Teenage Mutant Ninja Turtles 3: Mutant Nightmare Review,Mediocre,5
PC,Jetfighter 2015 Review,Fair,6
XBOX,Cold War Review,Fair,6
PC,Cold War Review,Fair,6
XBOX,Castlevania: Curse of Darkness Review,Fair,6
PC,Star Wars: Battlefront II Review,Good,7
PS2,Star Wars: Battlefront II Review,Great,8
PS2,Brothers in Arms: Earned in Blood Review,Fair,6
XBOX,Sniper Elite Review,Good,7
PS2,Sniper Elite Review,Good,7
PS2,From Russia With Love Review,Good,7
PS2,Castlevania: Curse of Darkness Review,Fair,6
PC,Platypus Review,Great,8
PS2,Guitar Hero Review,Superb,9
XBOX,Call of Cthulhu: Dark Corners of the Earth Review,Great,8
PS2,Taito Legends Review,Good,7
PS2,One Piece: Grand Battle Review,Fair,6
PS2,Shining Force Neo Review,Good,7
XBOX,Spartan: Total Warrior Review,Good,7
XBOX,Crash Tag Team Racing Review,Good,7
PS2,The Sims 2 Review,Fair,6
XBOX,Shattered Union Review,Good,7
PC,Shattered Union Review,Good,7
PC,Meridian 59 Review,Fair,6
PS2,Battlefield 2: Modern Combat Review,Good,7
XBOX,Battlefield 2: Modern Combat Review,Good,7
PC,Civilization IV Review,Superb,9
XBOX,Splat Renegade Paintball Review,Mediocre,5
PC,Call of Duty 2 Review,Great,8
PS2,Soul Calibur III Review,Great,8
PS2,Dragon Ball Z: Budokai Tenkaichi Review,Good,7
PC,Meridian 59: Vale of Sorrow Review,Fair,6
PS2,Resident Evil 4 Review,Superb,9
DS,Metroid Prime Pinball Review,Great,8
PC,Worms 4: Mayhem Review,Fair,6
XBOX,Worms 4: Mayhem Review,Fair,6
XBOX,The Warriors Review,Great,8
PS2,Sega Sports Tennis Review,Great,8
PS2,The Warriors Review,Great,8
XBOX,Fable: The Lost Chapters Review,Great,8
XBOX,Stubbs the Zombie in Rebel Without a Pulse Review,Good,7
PS2,NCAA March Madness 06 Review,Good,7
XBOX,NCAA March Madness 06 Review,Good,7
PS2,Jak X: Combat Racing Review,Good,7
PS2,Tony Hawk's American Wasteland Review,Good,7
XBOX,Tony Hawk's American Wasteland Review,Good,7
PS2,Shin Megami Tensei: Digital Devil Saga 2 Review,Great,8
PC,Quake 4 Review,Great,8
PS2,Conflict: Global Terror Review,Fair,6
PS2,Blitz: The League Review,Great,8
XBOX,Blitz: The League Review,Great,8
PS2,Mobile Suit Gundam Seed: Never Ending Tomorrow Review,Poor,4
DS,FIFA 06 Review,Good,7
PS2,Shadow of the Colossus Review,Great,8
PC,Age of Empires III Review,Great,8
DS,Marvel Nemesis: Rise of the Imperfects Review,Bad,3
PS2,D.I.C.E. Review,Poor,4
PC,F.E.A.R. Review,Superb,9
XBOX,Frogger: Ancient Shadow Review,Mediocre,5
XBOX,Tim Burton's The Nightmare Before Christmas: Oogie's Revenge Review,Fair,6
PS2,Frogger: Ancient Shadow Review,Mediocre,5
PS2,L.A. Rush Review,Fair,6
PC,Bet on Soldier Review,Bad,3
PS2,SOCOM 3: U.S. Navy SEALs Review,Great,8
PS2,FIFA 06 Review,Superb,9
DS,Tak: The Great Juju Challenge Review,Good,7
XBOX,Serious Sam II Review,Fair,6
PC,Serious Sam II Review,Fair,6
PS2,SSX On Tour Review,Great,8
XBOX,SSX On Tour Review,Great,8
PS2,Devil Kings Review,Good,7
PS2,Romancing SaGa Review,Fair,6
DS,Phoenix Wright: Ace Attorney Review,Great,8
PC,Rome: Total War Barbarian Invasion Review,Great,8
XBOX,Heroes of the Pacific Review,Good,7
PS2,Heroes of the Pacific Review,Good,7
PC,Indigo Prophecy Review,Great,8
XBOX,Doom 3: Resurrection of Evil Review,Good,7
PC,Brothers in Arms: Earned in Blood Review,Great,8
XBOX,Brothers in Arms: Earned in Blood Review,Great,8
DS,Trauma Center: Under the Knife Review,Good,7
DS,Lost in Blue Review,Good,7
PC,Black & White 2 Review,Great,8
DS,Castlevania: Dawn of Sorrow Review,Great,8
PS2,The Suffering: Ties That Bind Review,Good,7
PC,Ultimate Spider-Man Review,Good,7
XBOX,Kingdom Under Fire: Heroes Review,Great,8
XBOX,Far Cry Instincts Review,Superb,9
XBOX,NBA 2K6 Review,Great,8
PS2,NBA 2K6 Review,Great,8
XBOX,Tak: The Great Juju Challenge Review,Fair,6
PS2,Tak: The Great Juju Challenge Review,Fair,6
DS,Lunar: Dragon Song Review,Fair,6
PS2,NBA Live 06 Review,Good,7
XBOX,The Suffering: Ties That Bind Review,Good,7
PC,The Suffering: Ties That Bind Review,Good,7
XBOX,Ultimate Spider-Man Review,Good,7
PS2,Ultimate Spider-Man Review,Good,7
XBOX,Midway Arcade Treasures 3 Review,Fair,6
XBOX,Ninja Gaiden Black Review,Superb,9
XBOX,Pump It Up: Exceed Review,Good,7
PS2,Pump It Up: Exceed Review,Good,7
PS2,Scooby-Doo! Unmasked Review,Mediocre,5
XBOX,Scooby-Doo! Unmasked Review,Mediocre,5
PC,World Series of Poker Review,Poor,4
PC,NHL 06 Review,Good,7
XBOX,NHL 06 Review,Good,7
PS2,NHL 06 Review,Good,7
XBOX,Tiger Woods PGA Tour 06 Review,Great,8
PS2,Tiger Woods PGA Tour 06 Review,Great,8
DS,Yu-Gi-Oh! Nightmare Troubadour Review,Fair,6
XBOX,Marvel Nemesis: Rise of the Imperfects Review,Fair,6
PS2,Genji: Dawn of the Samurai Review,Good,7
PS2,Inuyasha: Feudal Combat Review,Fair,6
PC,X-Men Legends II: Rise of Apocalypse Review,Great,8
PS2,X-Men Legends II: Rise of Apocalypse Review,Great,8
PS2,Indigo Prophecy Review,Great,8
XBOX,Indigo Prophecy Review,Great,8
PC,Dragonshard Review,Great,8
XBOX,Mortal Kombat: Shaolin Monks Review,Good,7
PS2,We Love Katamari Review,Great,8
PC,Nibiru: Age of Secrets Review,Good,7
PS2,Evil Dead: Regeneration Review,Fair,6
DS,Space Invaders Revolution Review,Fair,6
PC,The Sims 2 Nightlife Review,Great,8
PS2,World Series of Poker Review,Fair,6
XBOX,World Series of Poker Review,Fair,6
XBOX,NASCAR 06: Total Team Control Review,Great,8
PS2,NASCAR 06: Total Team Control Review,Great,8
XBOX,Dynasty Warriors 5 Review,Fair,6
XBOX,Burnout Revenge Review,Superb,9
PS2,Burnout Revenge Review,Superb,9
XBOX,Tom Clancy's Rainbow Six: Lockdown Review,Good,7
PS2,Tom Clancy's Rainbow Six: Lockdown Review,Good,7
PC,Sacred Underworld Review,Good,7
XBOX,NHL 2K6 Review,Great,8
PS2,NHL 2K6 Review,Great,8
PS2,Radiata Stories Review,Good,7
PC,Squad Assault: Second Wave Review,Good,7
XBOX,Big Mutha Truckers 2 Review,Poor,4
PS2,Big Mutha Truckers 2 Review,Poor,4
XBOX,MotoGP 3: Ultimate Racing Technology Review,Great,8
XBOX,187 Ride or Die Review,Fair,6
PC,BloodRayne 2 Review,Fair,6
PS2,The Incredible Hulk: Ultimate Destruction Review,Great,8
XBOX,The Incredible Hulk: Ultimate Destruction Review,Great,8
DS,Pac 'n Roll Review,Good,7
DS,Advance Wars: Dual Strike Review,Superb,9
DS,Nintendogs Review,Superb,9
DS,Madden NFL 06 Review,Good,7
XBOX,Darkwatch Review,Good,7
PS2,Darkwatch Review,Good,7
PS2,Outlaw Tennis Review,Good,7
XBOX,Outlaw Tennis Review,Good,7
XBOX,Metal Slug 4 & 5 Review,Good,7
PC,Dungeon Siege II Review,Good,7
PC,Advent Rising Review,Fair,6
PC,"Codename: Panzers, Phase Two Review",Great,8
PS2,Madden NFL 06 Review,Great,8
XBOX,Madden NFL 06 Review,Great,8
PS2,Graffiti Kingdom Review,Good,7
PS2,Delta Force: Black Hawk Down Review,Mediocre,5
XBOX,Delta Force: Black Hawk Down Review,Mediocre,5
PC,Falcon 4.0: Allied Force Review,Great,8
PC,Echo: Secrets of the Lost Cavern Review,Fair,6
PS2,Colosseum: Road to Freedom Review,Fair,6
PS2,Charlie and the Chocolate Factory Review,Poor,4
XBOX,Charlie and the Chocolate Factory Review,Poor,4
PC,Charlie and the Chocolate Factory Review,Terrible,2
PC,Will of Steel Review,Poor,4
PC,Out of the Park Baseball 6.5 Review,Good,7
XBOX,Halo 2 Multiplayer Map Pack Review,Great,8
DS,Nanostray Review,Fair,6
PC,Wrestling Spirit Review,Good,7
PS2,Makai Kingdom: Chronicles of the Sacred Tome Review,Good,7
PS2,Fullmetal Alchemist 2: Curse of the Crimson Elixir Review,Good,7
XBOX,FlatOut Review,Good,7
PS2,FlatOut Review,Good,7
PC,FlatOut Review,Good,7
XBOX,Digimon World 4 Review,Poor,4
PS2,Digimon World 4 Review,Poor,4
PC,RYL: Path of the Emperor Review,Mediocre,5
PS2,Mobile Suit Gundam: Gundam vs. Zeta Gundam Review,Fair,6
PC,The Bard's Tale Review,Fair,6
PS2,NCAA Football 06 Review,Great,8
XBOX,NCAA Football 06 Review,Great,8
PC,Battlefield 2 Review,Superb,9
PC,RollerCoaster Tycoon 3: Soaked! Review,Great,8
PS2,Atelier Iris: Eternal Mana Review,Good,7
PS2,Killer7 Review,Great,8
PC,Yu-Gi-Oh! Online Review,Mediocre,5
PC,GTR FIA Racing Review,Great,8
DS,Tom Clancy's Splinter Cell Chaos Theory Review,Mediocre,5
PS2,Ford Mustang: The Legend Lives Review,Poor,4
XBOX,Fantastic 4 Review,Mediocre,5
PS2,In the Groove Review,Good,7
PC,ER Review,Mediocre,5
DS,Meteos Review,Great,8
PS2,Destroy All Humans! Review,Good,7
XBOX,Destroy All Humans! Review,Good,7
XBOX,Conker: Live and Reloaded Review,Great,8
PC,Fate Review,Good,7
DS,GoldenEye: Rogue Agent Review,Fair,6
PC,Restricted Area Review,Fair,6
PS2,Batman Begins Review,Fair,6
XBOX,Batman Begins Review,Fair,6
PS2,Juiced Review,Fair,6
XBOX,Juiced Review,Fair,6
PC,Madagascar Review,Good,7
PC,Knights of Honor Review,Great,8
XBOX,Medal of Honor: European Assault Review,Good,7
PC,Grand Theft Auto: San Andreas Review,Superb,9
XBOX,Grand Theft Auto: San Andreas Review,Superb,9
PC,Yohoho! Puzzle Pirates Review,Great,8
PC,Imperial Glory Review,Fair,6
PC,X-Plane 8 Review,Good,7
PC,Star Wars Galaxies: Episode III Rage of the Wookiees Review,Good,7
PS2,Cold Fear Review,Fair,6
PS2,Haunting Ground Review,Good,7
PC,Dungeon Lords Review,Fair,6
PS2,Metal Slug 4 & 5 Review,Good,7
PS2,Cold Winter Review,Good,7
DS,Star Wars Episode III: Revenge of the Sith Review,Good,7
PS2,Stolen Review,Mediocre,5
XBOX,Stolen Review,Mediocre,5
XBOX,Motocross Mania 3 Review,Bad,3
PC,Dangerous Waters Review,Great,8
DS,WarioWare: Touched! Review,Good,7
PC,Chris Moneymaker's World Poker Championship Review,Bad,3
XBOX,Star Wars Episode III: Revenge of the Sith Review,Fair,6
PS2,Star Wars Episode III: Revenge of the Sith Review,Fair,6
PS2,Stella Deus: The Gate of Eternity Review,Good,7
PS2,Enthusia Professional Racing Review,Good,7
PC,TrackMania Sunrise Review,Great,8
PC,Laser Squad Nemesis Review,Good,7
PC,CSI: Crime Scene Investigation: Dark Motives Review,Fair,6
XBOX,Ford Racing 3 Review,Fair,6
PC,Guild Wars Review,Superb,9
XBOX,Pariah Review,Mediocre,5
XBOX,Forza Motorsport Review,Superb,9
PC,Gary Grigsby's World at War Review,Great,8
XBOX,Raze's Hell Review,Good,7
DS,World Championship Poker Review,Good,7
DS,Pac-Pix Review,Fair,6
XBOX,Predator: Concrete Jungle Review,Mediocre,5
PS2,Predator: Concrete Jungle Review,Mediocre,5
PC,Stronghold 2 Review,Mediocre,5
PC,Empire Earth II Review,Great,8
PC,Cossacks II: Napoleonic Wars Review,Good,7
PS2,Resident Evil Outbreak File #2 Review,Fair,6
PS2,Area 51 Review,Good,7
XBOX,Area 51 Review,Good,7
PC,Close Combat: First to Fight Review,Good,7
XBOX,Unreal Championship 2: The Liandri Conflict Review,Superb,9
PS2,Kuon Review,Fair,6
XBOX,WWE WrestleMania XXI Review,Poor,4
XBOX,Psychonauts Review,Great,8
PC,Psychonauts Review,Great,8
PC,Obscure Review,Fair,6
XBOX,Obscure Review,Fair,6
PS2,Obscure Review,Fair,6
PC,Combat: Task Force 121 Review,Mediocre,5
PC,Supremacy: Four Paths to Power Review,Fair,6
PS2,Prince of Persia: Warrior Within Review,Great,8
DS,Polarium Review,Fair,6
XBOX,Dead to Rights II Review,Fair,6
PS2,Dead to Rights II Review,Fair,6
PS2,MX World Tour Featuring Jamie Little Review,Poor,4
XBOX,MX World Tour Featuring Jamie Little Review,Poor,4
XBOX,Close Combat: First to Fight Review,Good,7
XBOX,Spy vs. Spy Review,Poor,4
PS2,Worms Forts: Under Siege! Review,Fair,6
XBOX,Worms Forts: Under Siege! Review,Fair,6
PC,Baseball Mogul 2006 Review,Great,8
XBOX,Jade Empire Review,Great,8
XBOX,Myst IV Revelation Review,Good,7
XBOX,Combat: Task Force 121 Review,Mediocre,5
PS2,Dragon Ball Z: Sagas Review,Bad,3
PS2,Shin Megami Tensei: Digital Devil Saga Review,Great,8
XBOX,Lego Star Wars Review,Good,7
XBOX,Iron Phoenix Review,Poor,4
PC,The Matrix Online Review,Good,7
PC,Project: Snowblind Review,Good,7
PC,Doom 3: Resurrection of Evil Review,Great,8
XBOX,Doom 3 Review,Great,8
PC,Elite Warriors: Vietnam Review,Mediocre,5
PS2,Sega Classics Collection Review,Bad,3
PC,SWAT 4 Review,Great,8
PS2,World Tour Soccer 2006 Review,Poor,4
PS2,NARC Review,Mediocre,5
XBOX,NARC Review,Mediocre,5
PS2,Tom Clancy's Splinter Cell Chaos Theory Review,Good,7
PC,Silent Hunter III Review,Great,8
PS2,Lego Star Wars Review,Good,7
PC,Lego Star Wars Review,Good,7
PC,Tom Clancy's Splinter Cell Chaos Theory Review,Great,8
XBOX,Tom Clancy's Splinter Cell Chaos Theory Review,Great,8
PC,Tom Clancy's Splinter Cell Review,Great,8
XBOX,Hunter: The Reckoning Review,Great,8
PS2,Red Ninja: End of Honor Review,Mediocre,5
DS,Rayman DS Review,Fair,6
PC,DRIV3R Review,Bad,3
XBOX,Cold Fear Review,Good,7
XBOX,Phantom Dust Review,Great,8
PS2,Full Spectrum Warrior Review,Good,7
XBOX,TMNT: Mutant Melee Review,Poor,4
DS,Retro Atari Classics Review,Poor,4
PC,Psychotoxic Review,Poor,4
PS2,Musashi Samurai Legend Review,Good,7
XBOX,TimeSplitters: Future Perfect Review,Great,8
PS2,Rugby 2005 Review,Good,7
XBOX,Rugby 2005 Review,Good,7
PS2,TimeSplitters: Future Perfect Review,Great,8
PS2,Brothers in Arms: Road to Hill 30 Review,Good,7
PC,Act of War: Direct Action Review,Great,8
PS2,God of War Review,Superb,9
PC,Brothers in Arms: Road to Hill 30 Review,Superb,9
PC,Judge Dredd: Dredd Versus Death Review,Mediocre,5
PS2,Judge Dredd: Dredd Versus Death Review,Mediocre,5
XBOX,Judge Dredd: Dredd Versus Death Review,Mediocre,5
XBOX,Super Monkey Ball Deluxe Review,Good,7
PS2,Super Monkey Ball Deluxe Review,Good,7
XBOX,Mega Man Anniversary Collection Review,Great,8
PS2,MVP Baseball 2005 Review,Great,8
DS,Yoshi's Touch & Go Review,Good,7
DS,Pokémon Dash Review,Mediocre,5
PC,Domination Review,Good,7
PC,Mortyr 2 Review,Fair,6
PC,Nexus: The Jupiter Incident Review,Great,8
PC,World Poker Championship Review,Terrible,2
PC,Heritage of Kings: The Settlers Review,Fair,6
XBOX,Brothers in Arms: Road to Hill 30 Review,Superb,9
XBOX,Top Gear RPM Tuning Review,Poor,4
PC,Aerial Strike: The Yager Missions Review,Fair,6
PC,Monopoly Review,Good,7
PC,Hoyle Casino Review,Great,8
PC,Hoyle Casino Review,Great,8
PC,High Heat Major League Baseball 2003 Review,Fair,6
XBOX,Major League Baseball 2K5 Review,Great,8
PS2,Major League Baseball 2K5 Review,Great,8
XBOX,Fight Night Round 2 Review,Great,8
PS2,Fight Night Round 2 Review,Great,8
PC,MVP Baseball 2005 Review,Great,8
PS2,Kessen III Review,Good,7
PS2,Devil May Cry 3: Dante's Awakening Review,Great,8
XBOX,MVP Baseball 2005 Review,Great,8
PC,Star Wars Republic Commando Review,Great,8
XBOX,Star Wars Republic Commando Review,Great,8
PC,World Soccer Winning Eleven 8 International Review,Great,8
PS2,Tekken 5 Review,Superb,9
PS2,Project: Snowblind Review,Great,8
XBOX,Project: Snowblind Review,Great,8
PS2,FIFA Street Review,Fair,6
XBOX,FIFA Street Review,Fair,6
XBOX,Constantine Review,Fair,6
PS2,Constantine Review,Fair,6
PC,Vendetta Online Review,Good,7
PS2,Ys: The Ark of Napishtim Review,Good,7
PC,Second Sight Review,Good,7
XBOX,Street Fighter Anniversary Collection Review,Great,8
PS2,Gran Turismo 4 Review,Great,8
XBOX,Dai Senryaku VII: Modern Military Tactics Review,Great,8
XBOX,Scrapland Review,Good,7
PS2,Nano Breaker Review,Mediocre,5
PC,Cops 2170: The Power of Law Review,Poor,4
PC,NASCAR SimRacing Review,Great,8
PS2,Tenchu: Fatal Shadows Review,Fair,6
PS2,Bujingai: The Forsaken City Review,Good,7
PS2,Xenosaga Episode II: Jenseits von Gut und Bose Review,Good,7
PS2,The King of Fighters 2002 & 2003 Review,Great,8
XBOX,Chicago Enforcer Review,Terrible,2
PS2,Champions: Return to Arms Review,Good,7
XBOX,NBA Street V3 Review,Superb,9
PS2,NBA Street V3 Review,Superb,9
PS2,Shadow of Rome Review,Great,8
PC,Star Wars Knights of the Old Republic II: The Sith Lords Review,Great,8
XBOX,World Soccer Winning Eleven 8 International Review,Superb,9
PS2,Death by Degrees Review,Mediocre,5
PC,Flashpoint Germany Review,Good,7
PC,Playboy: The Mansion Review,Fair,6
PC,Chaos League Review,Great,8
PS2,King of Colosseum II Review,Great,8
XBOX,Oddworld Stranger's Wrath Review,Great,8
DS,Zoo Keeper Review,Good,7
PC,Advanced Battlegrounds: The Future of Combat Review,Fair,6
PC,The Punisher Review,Fair,6
XBOX,The Punisher Review,Fair,6
PS2,The Punisher Review,Fair,6
PS2,Airborne Troops: Countdown to D-Day Review,Poor,4
PS2,Fullmetal Alchemist and the Broken Angel Review,Fair,6
PC,Hearts of Iron II Review,Great,8
PC,D-Day Review,Poor,4
PS2,Suikoden IV Review,Fair,6
XBOX,Mercenaries Review,Great,8
PS2,Mercenaries Review,Great,8
PC,Sentinel: Descendants in Time Review,Fair,6
PS2,Virtua Quest Review,Mediocre,5
PS2,The Getaway: Black Monday Review,Fair,6
PC,American Chopper Review,Mediocre,5
XBOX,Tom Clancy's Ghost Recon Review,Great,8
XBOX,MechAssault 2: Lone Wolf Review,Good,7
PC,Time of Defiance Review,Good,7
XBOX,GunGriffon: Allied Strike Review,Mediocre,5
PS2,American Chopper Review,Mediocre,5
XBOX,CSI: Crime Scene Investigation Review,Poor,4
PC,Fritz 8 Deluxe Review,Good,7
XBOX,NFL Street 2 Review,Good,7
PS2,NFL Street 2 Review,Good,7
XBOX,American Chopper Review,Mediocre,5
DS,Ping Pals Review,Bad,3
DS,Sprung Review,Fair,6
PC,Armies of Exigo Review,Fair,6
PC,Wings Over Vietnam Review,Fair,6
PC,Torrente Review,Poor,4
PC,Forgotten Realms: Demon Stone Review,Good,7
XBOX,Monster Garage Review,Mediocre,5
PS2,Tom Clancy's Ghost Recon 2 Review,Mediocre,5
PC,The Chronicles of Riddick: Escape From Butcher Bay - Developer's Cut Review,Superb,9
DS,Feel the Magic: XY/XX Review,Good,7
PS2,ChoroQ Review,Poor,4
PS2,Mega Man X8 Review,Fair,6
PC,Joint Operations: Escalation Review,Good,7
PC,Space Interceptor: Project Freedom Review,Good,7
PS2,Outlaw Golf 2 Review,Good,7
DS,Mr. Driller Drill Spirits Review,Fair,6
PC,Sid Meier's Pirates! Review,Superb,9
PC,Zoo Tycoon 2 Review,Good,7
XBOX,Greg Hastings' Tournament Paintball Review,Good,7
XBOX,Atari Anthology Review,Fair,6
XBOX,Hot Wheels Stunt Track Challenge Review,Mediocre,5
PS2,Hot Wheels Stunt Track Challenge Review,Mediocre,5
PS2,Karaoke Revolution Volume 3 Review,Good,7
PC,Wildfire Review,Mediocre,5
DS,The Urbz: Sims in the City Review,Good,7
XBOX,Crash 'N' Burn Review,Fair,6
PS2,Crash 'N' Burn Review,Fair,6
PS2,Alien Hominid Review,Great,8
PC,EverQuest II Review,Good,7
PC,Vampire: The Masquerade - Bloodlines Review,Good,7
PS2,Metal Gear Solid 3: Snake Eater Review,Great,8
XBOX,Dance Dance Revolution Ultramix 2 Review,Good,7
PC,Need for Speed Underground 2 Review,Good,7
PS2,Need for Speed Underground 2 Review,Good,7
XBOX,Need for Speed Underground 2 Review,Good,7
PS2,NCAA March Madness 2005 Review,Good,7
XBOX,ESPN College Hoops 2K5 Review,Great,8
XBOX,Blinx 2: Masters of Time & Space Review,Fair,6
PS2,Dragon Ball Z: Budokai 3 Review,Great,8
PS2,Capcom Fighting Evolution Review,Fair,6
PC,Colin McRae Rally 2005 Review,Great,8
PC,Half-Life 2 Review,Superb,9
XBOX,Forgotten Realms: Demon Stone Review,Good,7
PC,Terrorist Takedown Review,Bad,3
PS2,Rumble Roses Review,Fair,6
PC,President Forever Review,Good,7
PC,Athens 2004 Review,Bad,3
PS2,Fight Club Review,Bad,3
XBOX,Fight Club Review,Bad,3
PC,Immortal Cities: Children of the Nile Review,Good,7
PC,Scrapland Review,Good,7
XBOX,Karaoke Revolution Review,Good,7
PS2,Shaman King: Power of Spirit Review,Mediocre,5
PS2,Inuyasha: The Secret of the Cursed Mask Review,Mediocre,5
PC,Tournament Dreams College Basketball Review,Great,8
PS,NFL Gameday 2000 Review,Great,8
XBOX,The Urbz: Sims in the City Review,Good,7
PS2,The Urbz: Sims in the City Review,Good,7
XBOX,Tron 2.0: Killer App Review,Fair,6
PC,Enemy Engaged Review,Superb,9
PS2,EyeToy: AntiGrav Review,Good,7
PC,NBA Live 2005 Review,Great,8
PC,The Saga of Ryzom Review,Mediocre,5
PC,Medal of Honor Pacific Assault Review,Great,8
PS2,Jak 3 Review,Great,8
XBOX,Halo 2 Review,Superb,9
PS2,Godzilla: Save the Earth Review,Fair,6
XBOX,Godzilla: Save the Earth Review,Fair,6
PS2,Samurai Warriors: Xtreme Legends Review,Good,7
PS2,Spyro: A Hero's Tail Review,Mediocre,5
XBOX,Chessmaster Review,Great,8
PC,Nocturne Review,Good,7
PC,Manchester United Soccer 2005 Review,Mediocre,5
PS2,"The Lord of the Rings, The Third Age Review",Good,7
XBOX,"The Lord of the Rings, The Third Age Review",Good,7
PS2,Duel Masters Review,Fair,6
PS2,Ratchet & Clank: Up Your Arsenal Review,Great,8
PS2,Killzone Review,Fair,6
PS2,The Incredibles Review,Fair,6
XBOX,The Incredibles Review,Fair,6
PS2,Sonic Mega Collection Plus Review,Good,7
PS2,Sega SuperStars Review,Good,7
PC,Axis & Allies Review,Fair,6
XBOX,Sonic Mega Collection Plus Review,Good,7
PC,FIFA Soccer 2005 Review,Great,8
PC,Star Wars Galaxies: Jump to Lightspeed Review,Good,7
PC,RollerCoaster Tycoon 3 Review,Good,7
PS2,Guilty Gear Isuka Review,Fair,6
PS2,WWE SmackDown! vs. Raw Review,Great,8
PS2,ATV Offroad Fury 3 Review,Good,7
PC,Pacific Fighters Review,Good,7
PS2,Armored Core: Nexus Review,Good,7
PS2,Taiko Drum Master Review,Good,7
XBOX,Men of Valor Review,Good,7
PC,Men of Valor Review,Good,7
XBOX,Outlaw Golf 2 Review,Good,7
PC,Hidden & Dangerous 2: Sabre Squadron Review,Good,7
XBOX,OutRun2 Review,Great,8
PS2,The Nightmare of Druaga Review,Mediocre,5
PS2,Scaler Review,Fair,6
XBOX,Dead or Alive Ultimate Review,Great,8
PC,Atlantis Evolution Review,Poor,4
PS2,Ace Combat 5: The Unsung War Review,Great,8
PS2,The Bard's Tale Review,Fair,6
XBOX,The Bard's Tale Review,Fair,6
PS2,Grand Theft Auto: San Andreas Review,Superb,9
XBOX,Tak 2: The Staff of Dreams Review,Fair,6
PC,SuperPower 2 Review,Mediocre,5
PC,Law & Order: Justice Is Served Review,Good,7
PS2,Trigger Man Review,Poor,4
XBOX,Trigger Man Review,Poor,4
XBOX,Teenage Mutant Ninja Turtles 2: Battle Nexus Review,Poor,4
PS2,Teenage Mutant Ninja Turtles 2: Battle Nexus Review,Poor,4
PC,Dark Fall: Lights Out Review,Fair,6
PS2,FIFA Soccer 2005 Review,Great,8
XBOX,Kingdom Under Fire: The Crusaders Review,Great,8
PS2,Neo Contra Review,Fair,6
XBOX,Yager Review,Fair,6
XBOX,FIFA Soccer 2005 Review,Great,8
PC,Campaign Gettysburg Review,Good,7
XBOX,XIII Review,Fair,6
XBOX,Otogi 2: Immortal Warriors Review,Great,8
PS2,Time Crisis: Crisis Zone Review,Fair,6
PC,Medieval Conquest Review,Good,7
PS2,Final Fantasy XI Chains of Promathia Review,Fair,6
PC,Final Fantasy XI Chains of Promathia Review,Fair,6
PS2,King of Fighters: Maximum Impact Review,Fair,6
XBOX,Ty the Tasmanian Tiger 2: Bush Rescue Review,Good,7
PS2,Ty the Tasmanian Tiger 2: Bush Rescue Review,Good,7
PS2,Robotech: Invasion Review,Fair,6
XBOX,Shark Tale Review,Good,7
PS2,Shark Tale Review,Good,7
PC,Wanted: A Wild Western Adventure Review,Fair,6
XBOX,BloodRayne 2 Review,Good,7
PS2,BloodRayne 2 Review,Good,7
PC,Conflict: Vietnam Review,Fair,6
XBOX,Conflict: Vietnam Review,Fair,6
PS2,Midway Arcade Treasures 2 Review,Good,7
XBOX,SVC Chaos: SNK vs. Capcom Review,Fair,6
PS2,Under the Skin Review,Fair,6
XBOX,Midway Arcade Treasures 2 Review,Good,7
PS2,Get On Da Mic Review,Poor,4
PC,Tribes: Vengeance Review,Great,8
PC,Battles in Normandy Review,Great,8
PC,Secret of the Silver Earring Review,Good,7
PC,ESPN NFL PrimeTime 2002 Review,Bad,3
PS2,Asterix & Obelix: Kick Buttix Review,Mediocre,5
PS2,Shin Megami Tensei: Nocturne Review,Great,8
PC,Gish Review,Great,8
PS2,Leisure Suit Larry: Magna Cum Laude Review,Good,7
XBOX,Leisure Suit Larry: Magna Cum Laude Review,Good,7
PC,Leisure Suit Larry: Magna Cum Laude Review,Good,7
PS2,Crash Twinsanity Review,Good,7
XBOX,Crash Twinsanity Review,Good,7
XBOX,Malice Review,Mediocre,5
PC,Port Royale 2 Review,Great,8
XBOX,Tony Hawk's Underground 2 Review,Great,8
PC,Tony Hawk's Underground 2 Review,Great,8
XBOX,Mortal Kombat: Deception Review,Great,8
PS2,Mortal Kombat: Deception Review,Great,8
XBOX,Colin McRae Rally 2005 Review,Great,8
PS2,Tony Hawk's Underground 2 Review,Great,8
PS2,Rocky: Legends Review,Fair,6
XBOX,Rocky: Legends Review,Fair,6
XBOX,ESPN NBA 2K5 Review,Great,8
PS2,ESPN NBA 2K5 Review,Great,8
PS2,The Dukes of Hazzard: Return of the General Lee Review,Mediocre,5
XBOX,The Dukes of Hazzard: Return of the General Lee Review,Mediocre,5
PC,"Codename: Panzers, Phase One Review",Great,8
PC,Wings of Power: WWII Heavy Bombers and Jets Review,Great,8
PC,Tiger Woods PGA Tour 2005 Review,Great,8
PS2,Astro Boy Review,Poor,4
PC,Arena Wars Review,Good,7
XBOX,NBA Live 2005 Review,Great,8
PS2,NBA Live 2005 Review,Good,7
PC,Myst IV Revelation Review,Great,8
XBOX,Carmen Sandiego: The Secret of the Stolen Drums Review,Poor,4
PS2,Carmen Sandiego: The Secret of the Stolen Drums Review,Poor,4
XBOX,Bad Boys: Miami Takedown Review,Bad,3
PS2,Bad Boys: Miami Takedown Review,Bad,3
PC,Evil Genius Review,Good,7
PS2,Shadow Hearts: Covenant Review,Great,8
PC,Chris Sawyer's Locomotion Review,Fair,6
PS2,Katamari Damacy Review,Great,8
XBOX,Vietcong: Purple Haze Review,Mediocre,5
PS2,Monster Hunter Review,Mediocre,5
PC,Madden NFL 2005 Review,Great,8
PC,Shadow Ops: Red Mercury Review,Fair,6
PC,Army Men: Sarge's War Review,Poor,4
PC,Rome: Total War Review,Superb,9
PS2,Star Wars: Battlefront Review,Good,7
XBOX,Star Wars: Battlefront Review,Great,8
PC,Star Wars: Battlefront Review,Good,7
XBOX,Headhunter: Redemption Review,Fair,6
XBOX,Def Jam: Fight for NY Review,Great,8
XBOX,X-Men Legends Review,Great,8
PS2,X-Men Legends Review,Great,8
PC,Kohan II: Kings of War Review,Great,8
PS2,Blood Will Tell Review,Good,7
PS2,Mega Man X: Command Mission Review,Good,7
PC,"Warhammer 40,000: Dawn of War Review",Great,8
PC,Alpha Black Zero: Intrepid Protocol Review,Mediocre,5
XBOX,NHL 2005 Review,Good,7
PS2,NHL 2005 Review,Good,7
PC,NHL 2005 Review,Good,7
PS2,Second Sight Review,Good,7
XBOX,Second Sight Review,Good,7
PS2,Def Jam: Fight for NY Review,Great,8
PC,"Final Liberation: Warhammer Epic 40,000 Review",Great,8
PS2,Gungrave: Overdose Review,Good,7
PC,ShellShock: Nam '67 Review,Mediocre,5
XBOX,ShellShock: Nam '67 Review,Mediocre,5
PS2,ShellShock: Nam '67 Review,Mediocre,5
XBOX,Guilty Gear X2 #Reload Review,Great,8
PS2,Gradius V Review,Great,8
PS2,Sly 2: Band of Thieves Review,Great,8
PC,Call of Duty: United Offensive Review,Great,8
PC,The Sims 2 Review,Great,8
XBOX,Wings of War Review,Good,7
PC,Wings of War Review,Good,7
XBOX,Burnout 3: Takedown Review,Superb,9
PS2,Spy Fiction Review,Fair,6
PC,Army Men: Sarge's War Review,Good,7
PS2,NASCAR 2005: Chase for the Cup Review,Great,8
XBOX,NASCAR 2005: Chase for the Cup Review,Great,8
PS2,Silent Hill 4: The Room Review,Good,7
PS2,Terminator 3: The Redemption Review,Good,7
PC,Marine Sharpshooter II: Jungle Warfare Review,Mediocre,5
XBOX,Pro Fishing Challenge Review,Fair,6
PS2,Street Racing Syndicate Review,Fair,6
XBOX,Street Racing Syndicate Review,Fair,6
PC,Room Zoom Review,Poor,4
XBOX,ESPN NHL 2K5 Review,Superb,9
PS2,ESPN NHL 2K5 Review,Superb,9
PS2,The Guy Game Review,Good,7
XBOX,The Guy Game Review,Good,7
PC,PureSim Baseball 2004 Review,Good,7
PS2,Gallop Racer 2004 Review,Fair,6
PS2,Dynasty Warriors 4: Empires Review,Good,7
PC,Alida Review,Poor,4
PS2,Star Ocean: Till the End of Time Review,Good,7
PC,Marine Heavy Gunner Review,Mediocre,5
PS2,Street Fighter Anniversary Collection Review,Great,8
PS2,Hot Shots Golf Fore! Review,Good,7
PS2,Phantom Brave Review,Good,7
PS2,Test Drive: Eve of Destruction Review,Fair,6
XBOX,Test Drive: Eve of Destruction Review,Fair,6
PC,Starshatter Review,Fair,6
PS2,Dog's Life Review,Good,7
PS2,Viewtiful Joe Review,Great,8
PC,Title Bout Championship Boxing Review,Great,8
PC,The Political Machine Review,Good,7
PS2,Ghosthunter Review,Great,8
XBOX,Pure Pinball Review,Fair,6
PC,TrackMania Review,Great,8
PC,War Over Vietnam Review,Good,7
XBOX,Galleon: Islands of Mystery Review,Good,7
XBOX,Tom Clancy's Rainbow Six 3: Black Arrow Review,Great,8
XBOX,Madden NFL 2005 Review,Superb,9
PS2,Madden NFL 2005 Review,Superb,9
PC,Doom 3 Review,Great,8
PC,Uru: The Path of the Shell Review,Good,7
PC,Catwoman Review,Mediocre,5
XBOX,Sudeki Review,Fair,6
PS2,Athens 2004 Review,Fair,6
XBOX,NCAA Football 2005 Review,Great,8
PC,Carnival Cruise Line Tycoon 2005: Island Hopping Review,Poor,4
XBOX,Catwoman Review,Fair,6
PS2,Catwoman Review,Fair,6
XBOX,ESPN NFL 2K5 Review,Superb,9
PS2,ESPN NFL 2K5 Review,Superb,9
PC,Kuma\War Review,Poor,4
PS2,Crimson Tears Review,Fair,6
PS2,NCAA Football 2005 Review,Great,8
PC,Aura: Fate of the Ages Review,Fair,6
PS2,Karaoke Revolution Volume 2 Review,Good,7
XBOX,Samurai Warriors Review,Good,7
PS2,Corvette Review,Poor,4
XBOX,IndyCar Series 2005 Review,Fair,6
PC,Soldner: Secret Wars Review,Mediocre,5
PS2,Way of the Samurai 2 Review,Fair,6
PS2,Pool Paradise Review,Good,7
PC,Spider-Man 2 Review,Mediocre,5
XBOX,Mafia Review,Good,7
PS2,Psi-Ops: The Mindgate Conspiracy Review,Great,8
PS2,World Tour Soccer 2005 Review,Mediocre,5
PS2,Ribbit King Review,Mediocre,5
XBOX,Spider-Man 2 Review,Good,7
PS2,Spider-Man 2 Review,Good,7
PC,Perimeter Review,Great,8
PC,UEFA Euro 2004 Review,Great,8
XBOX,Powerdrome Review,Good,7
PS2,UEFA Euro 2004 Review,Great,8
XBOX,UEFA Euro 2004 Review,Great,8
PC,Alias Review,Mediocre,5
PS2,DRIV3R Review,Mediocre,5
PC,Joint Operations: Typhoon Rising Review,Great,8
PC,Ground Control II: Operation Exodus Review,Great,8
XBOX,DRIV3R Review,Mediocre,5
PS2,Mega Man Anniversary Collection Review,Great,8
PC,Harry Potter and the Prisoner of Azkaban Review,Good,7
XBOX,"Knight's Apprentice, Memorick's Adventures Review",Mediocre,5
XBOX,Soul Calibur II Review,Great,8
PS2,Soul Calibur II Review,Great,8
PS2,Tom Clancy's Splinter Cell Pandora Tomorrow Review,Great,8
PS2,McFarlane's Evil Prophecy Review,Fair,6
PC,Ice and Fire Review,Mediocre,5
XBOX,Psi-Ops: The Mindgate Conspiracy Review,Great,8
PS2,Front Mission 4 Review,Good,7
PS2,Malice Review,Mediocre,5
PC,Besieger Review,Fair,6
PS2,World Championship Pool 2004 Review,Good,7
PS2,Smash Court Tennis Pro Tournament 2 Review,Good,7
PC,Blitzkrieg: Burning Horizon Review,Good,7
PS2,Harry Potter and the Prisoner of Azkaban Review,Good,7
XBOX,Harry Potter and the Prisoner of Azkaban Review,Good,7
PC,Shrek 2 Review,Poor,4
PC,Apocalyptica Review,Bad,3
XBOX,Full Spectrum Warrior Review,Good,7
PC,Lineage II: The Chaotic Chronicle Review,Fair,6
XBOX,The Chronicles of Riddick: Escape From Butcher Bay Review,Superb,9
PC,Fair Strike Review,Poor,4
XBOX,Metal Slug 3 Review,Good,7
PS2,Strike Force Bowling Review,Mediocre,5
XBOX,Strike Force Bowling Review,Mediocre,5
XBOX,Tom Clancy's Splinter Cell Pandora Tomorrow Review,Superb,9
PC,Singles: Flirt Up Your Life Review,Fair,6
PC,Thief: Deadly Shadows Review,Great,8
XBOX,Thief: Deadly Shadows Review,Great,8
PC,True Crime: Streets of LA Review,Fair,6
PC,Warlords Battlecry III Review,Good,7
PC,World Championship Pool 2004 Review,Fair,6
PS,Mega Man 8 Anniversary Collector's Edition Review,Fair,6
PC,Colin McRae Rally 04 Review,Great,8
PS2,Van Helsing Review,Fair,6
PC,Front Page Sports: Baseball Pro '96 Season Review,Good,7
PS2,La Pucelle: Tactics Review,Good,7
PC,Total Extreme Warfare 2004 Review,Good,7
PS2,Syphon Filter: The Omega Strain Review,Fair,6
XBOX,Shrek 2 Review,Fair,6
PS2,Shrek 2 Review,Fair,6
XBOX,Rallisport Challenge 2 Review,Superb,9
XBOX,Future Tactics: The Uprising Review,Fair,6
PC,City of Heroes Review,Great,8
PC,Beyond Divinity Review,Good,7
PC,Massive Assault Network Review,Good,7
PS2,Red Dead Revolver Review,Good,7
XBOX,Red Dead Revolver Review,Good,7
PC,World Soccer Winning Eleven 7 International Review,Superb,9
PS2,EyeToy: Groove Review,Good,7
PC,TOCA Race Driver 2: The Ultimate Racing Simulator Review,Good,7
PC,Rise of Nations: Thrones & Patriots Review,Superb,9
PS2,Siren Review,Fair,6
PS2,Onimusha 3: Demon Siege Review,Great,8
PS2,UFC: Sudden Impact Review,Fair,6
PC,Crystal Key 2: The Far Realm Review,Fair,6
PS2,Hitman: Contracts Review,Good,7
PC,Hitman: Contracts Review,Good,7
XBOX,Hitman: Contracts Review,Good,7
XBOX,Manhunt Review,Great,8
PC,Manhunt Review,Great,8
PS2,All-Star Baseball 2005 Review,Good,7
XBOX,TOCA Race Driver 2: The Ultimate Racing Simulator Review,Great,8
PC,Breed Review,Poor,4
PC,Everest Review,Bad,3
XBOX,ESPN Major League Baseball Review,Great,8
PS2,Serious Sam: Next Encounter Review,Fair,6
PC,FaceOff Hockey 2004 Review,Fair,6
PC,Painkiller Review,Great,8
XBOX,Alias Review,Fair,6
PS2,Alias Review,Fair,6
PC,Northland Review,Mediocre,5
XBOX,Trivial Pursuit Unhinged Review,Poor,4
PS2,Trivial Pursuit Unhinged Review,Poor,4
PS2,Fight Night 2004 Review,Great,8
PC,War Times Review,Mediocre,5
PS2,NBA Ballers Review,Great,8
PC,Sacred Review,Good,7
PS2,Scooby-Doo! Mystery Mayhem Review,Mediocre,5
XBOX,Scooby-Doo! Mystery Mayhem Review,Mediocre,5
PS2,Destruction Derby Arenas Review,Fair,6
XBOX,Fight Night 2004 Review,Great,8
PS2,Resident Evil Outbreak Review,Good,7
XBOX,NBA Ballers Review,Great,8
PC,Midnight Nowhere Review,Fair,6
PS2,Crimson Sea 2 Review,Good,7
PC,Desert Rats vs. Afrika Korps Review,Fair,6
PS2,Final Fantasy XI Review,Great,8
PC,Mace Griffin Bounty Hunter Review,Fair,6
PC,kill.switch Review,Fair,6
PC,American Idol Review,Poor,4
PC,IL-2 Sturmovik: Forgotten Battles - Ace Expansion Pack Review,Great,8
PS,Arc the Lad Collection Review,Good,7
XBOX,Auto Modellista Review,Fair,6
PC,Lords of the Realm III Review,Great,8
PC,Dead Man's Hand Review,Fair,6
XBOX,All-Star Baseball 2005 Review,Great,8
XBOX,Dead Man's Hand Review,Fair,6
PS2,Tom Clancy's Rainbow Six 3 Review,Fair,6
PC,Saturday Night Speedway Review,Fair,6
PS2,X-Files: Resist or Serve Review,Good,7
PC,Tom Clancy's Splinter Cell Pandora Tomorrow Review,Superb,9
PS2,Tom Clancy's Ghost Recon: Jungle Storm Review,Fair,6
PC,EverQuest: Gates of Discord Review,Fair,6
PS2,Cy Girls Review,Mediocre,5
PC,Counter-Strike: Condition Zero Review,Fair,6
XBOX,Yu-Gi-Oh! The Dawn of Destiny Review,Mediocre,5
PC,Far Cry Review,Superb,9
PC,Worms 3D Review,Good,7
PS2,Onimusha Blade Warriors Review,Fair,6
PC,Jagged Alliance 2: Wildfire Review,Good,7
PC,Syberia II Review,Good,7
PC,Nemesis of the Roman Empire Review,Great,8
PS2,MLB 2005 Review,Good,7
PC,School Tycoon Review,Fair,6
PS2,Seven Samurai 20XX Review,Fair,6
XBOX,Breakdown Review,Good,7
PC,Battlefield Vietnam Review,Great,8
PC,Unreal Tournament 2004 Review,Superb,9
PC,Friday Night 3D Pool Review,Fair,6
PS2,Naval Ops: Commander Review,Fair,6
PC,Gangland Review,Fair,6
PS2,Mafia Review,Good,7
PS2,MVP Baseball 2004 Review,Superb,9
XBOX,MVP Baseball 2004 Review,Superb,9
PC,Tom Clancy's Rainbow Six 3: Athena Sword Review,Good,7
XBOX,Colin McRae Rally 04 Review,Great,8
PS2,Worms 3D Review,Good,7
PS2,Firefighter F.D. 18 Review,Good,7
PS2,The Suffering Review,Good,7
XBOX,The Suffering Review,Good,7
PC,FireStarter Review,Fair,6
PS,K-1 Grand Prix Review,Bad,3
PC,World Series of Poker Deluxe Casino Pak Review,Good,7
PS,Rage Racer Review,Good,7
PS,Eagle One: Harrier Attack Review,Poor,4
PS2,MTX Mototrax Review,Good,7
XBOX,MTX Mototrax Review,Good,7
PS,Mobil 1 Rally Championship Review,Mediocre,5
PS,F1 2000 Review,Fair,6
XBOX,Steel Battalion: Line of Contact Review,Good,7
PC,Voyeur II Review,Poor,4
PC,Syndicate Wars Review,Good,7
PC,Championship Manager: Season 03/04 Review,Great,8
XBOX,Carve Review,Fair,6
PS,NBA Live 2000 Review,Great,8
PS,Mission: Impossible Review,Poor,4
XBOX,Ninja Gaiden Review,Superb,9
PS,Street Sk8er 2 Review,Good,7
PS,Brunswick Circuit Pro Bowling 2 Review,Good,7
PS,Monster Rancher Battle Card: Episode II Review,Mediocre,5
PC,Adventure Pinball: Forgotten Island Review,Fair,6
PC,Clusterball Review,Fair,6
PC,WWII Iwo Jima Review,Poor,4
PC,F1 2001 Review,Great,8
PC,Beyond Atlantis II Review,Good,7
PC,Cabela's Dangerous Hunts Review,Fair,6
PC,WWI: The Great War Review,Poor,4
PS2,Drakengard Review,Good,7
XBOX,MX Unleashed Review,Good,7
PS2,MX Unleashed Review,Good,7
PC,Monster Garage Review,Bad,3
PC,SpellForce: The Order of Dawn Review,Good,7
PS2,World Soccer Winning Eleven 7 Review,Superb,9
PC,Fast Lanes Bowling Review,Mediocre,5
XBOX,Pitfall: The Lost Expedition Review,Good,7
PC,Coliseum Review,Bad,3
PC,Two Thrones Review,Mediocre,5
PC,Apache Longbow Assault Review,Good,7
PC,Alien Blast: The Encounter Review,Bad,3
PC,FBI Hostage Rescue Review,Abysmal,1
PS2,Lupin the Third: Treasure Of The Sorceror King Review,Fair,6
PS2,Rise to Honor Review,Fair,6
PC,Riot Police Review,Mediocre,5
PC,Universal Combat Review,Mediocre,5
XBOX,Unreal II: The Awakening Review,Fair,6
PS2,James Bond 007: Everything or Nothing Review,Great,8
PC,Wars and Warriors: Joan of Arc Review,Fair,6
XBOX,James Bond 007: Everything or Nothing Review,Great,8
PC,Total Pro Football Review,Great,8
XBOX,Silent Scope Complete Review,Mediocre,5
PS2,Nightshade Review,Good,7
XBOX,Wrath Unleashed Review,Good,7
PS2,Wrath Unleashed Review,Good,7
PC,Ford Racing 2 Review,Mediocre,5
PS2,Champions of Norrath Review,Great,8
PC,Vietcong: Fist Alpha Review,Good,7
PS2,Intellivision Lives! Review,Fair,6
PC,Vegas Tycoon Review,Good,7
XBOX,World Championship Pool 2004 Review,Good,7
PS2,AirForce Delta Strike Review,Fair,6
PC,Robin Hood: Defender of the Crown Review,Fair,6
PS2,Monster 4x4: Masters of Metal Review,Mediocre,5
XBOX,Hunter: The Reckoning Redeemer Review,Good,7
PS,Pro Pinball: Fantastic Journey Review,Fair,6
XBOX,Fatal Frame Review,Good,7
PC,Front Office Football 2004 Review,Good,7
PS2,R-Type Final Review,Great,8
PC,Jack the Ripper Review,Mediocre,5
XBOX,Sega GT Online Review,Fair,6
XBOX,AMF Bowling 2004 Review,Mediocre,5
XBOX,Starsky & Hutch Review,Fair,6
PS2,Starsky & Hutch Review,Fair,6
PC,Squad Assault: West Front Review,Good,7
XBOX,BloodRayne Review,Good,7
PS2,Ultimate Fighting Championship: Throwdown (PS2) Review,Good,7
PC,Star Wars: Galactic Battlegrounds: Clone Campaigns Expansion Pack Review,Fair,6
PC,2002 FIFA World Cup Review,Great,8
PC,Casino Mogul Review,Fair,6
PC,Silent Storm Review,Great,8
PC,Blair Witch Volume 3: The Elly Kedward Tale Review,Poor,4
PS2,FIFA Soccer 2004 Review,Great,8
PS2,Dynasty Warriors 4 Review,Good,7
XBOX,Sonic Heroes Review,Good,7
PS2,Sonic Heroes Review,Fair,6
PS2,Mobile Suit Gundam: Encounters in Space Review,Good,7
PC,Delta Force - Black Hawk Down: Team Sabre Review,Good,7
PS2,Star Trek: Shattered Universe Review,Poor,4
XBOX,IHRA Drag Racing 2 Review,Mediocre,5
PC,Inside the Park Baseball Review,Good,7
PC,Postal 2: Share the Pain Review,Fair,6
PC,Dominions II: The Ascension Wars Review,Fair,6
XBOX,Ford Racing 2 Review,Fair,6
PC,Unreal II: The Awakening Special Edition Review,Good,7
PS2,Super Trucks Racing Review,Good,7
PS2,Maximo vs. Army of Zin Review,Great,8
XBOX,Midway Arcade Treasures Review,Fair,6
PS2,Midway Arcade Treasures Review,Fair,6
PS2,Baldur's Gate: Dark Alliance II Review,Great,8
XBOX,Baldur's Gate: Dark Alliance II Review,Great,8
XBOX,Fallout: Brotherhood of Steel Review,Good,7
PC,Big Rigs: Over the Road Racing Review,Abysmal,1
PC,Blade and Sword Review,Fair,6
PS2,NFL Street Review,Good,7
PC,Delta Ops: Army Special Forces Review,Terrible,2
PC,Chaos Legion Review,Poor,4
PC,Airport Tycoon 3 Review,Mediocre,5
XBOX,NFL Street Review,Good,7
PS2,.hack Part 4: Quarantine Review,Fair,6
PS2,Fallout: Brotherhood of Steel Review,Good,7
PC,Ultimate Demolition Derby Review,Terrible,2
XBOX,BlowOut Review,Mediocre,5
PC,Shadowbane: The Rise of Chaos Review,Poor,4
PC,Atari: 80 Classic Games in One Review,Fair,6
PC,Conflict: Desert Storm II - Back to Baghdad Review,Fair,6
PC,Ring II: Twilight of Gods Review,Terrible,2
PC,Sinbad: Legend of the Seven Seas Review,Mediocre,5
PC,Journey to the Center of the Earth Review,Fair,6
PC,Horizons: Empire of Istaria Review,Fair,6
PC,Trainz Railroad Simulator 2004 Review,Good,7
PC,Dark Age of Camelot: Trials of Atlantis Review,Good,7
PC,Patrician III Review,Good,7
PC,One Must Fall: Battlegrounds Review,Good,7
PC,You Don't Know Jack 6: The Lost Gold Review,Good,7
PC,X2: The Threat Review,Good,7
PS2,Harry Potter and the Sorcerer's Stone Review,Fair,6
XBOX,Harry Potter and the Sorcerer's Stone Review,Fair,6
PC,Western Outlaw: Wanted Dead or Alive Review,Bad,3
PC,Gladiator: Sword of Vengeance Review,Good,7
XBOX,Curse: The Eye of Isis Review,Fair,6
PC,Star Chamber Review,Great,8
PC,RC Cars Review,Fair,6
PC,Legacy of Kain: Defiance Review,Fair,6
XBOX,"Crouching Tiger, Hidden Dragon Review",Mediocre,5
PS2,EverQuest Online Adventures: Frontiers Review,Fair,6
PC,Airborne Assault: Highway to the Reich Review,Great,8
PC,Mysterious Journey II: Chameleon Review,Mediocre,5
XBOX,Group S Challenge Review,Fair,6
PS2,The Sims Bustin' Out Review,Great,8
PC,Rebel Trucker: Cajun Blood Money Review,Abysmal,1
PC,Bionicle Review,Poor,4
XBOX,The Sims Bustin' Out Review,Great,8
PS2,Culdcept Review,Good,7
PC,Yu-Gi-Oh! Power of Chaos - Yugi the Destiny Review,Poor,4
PS2,Tokyo Xtreme Racer 3 Review,Fair,6
PS2,The King of Fighters 2000/2001 Review,Great,8
XBOX,Broken Sword: The Sleeping Dragon Review,Good,7
PC,Lock On: Modern Air Combat Review,Good,7
PC,Terminator 3: War of the Machines Review,Terrible,2
PS2,American Idol Review,Mediocre,5
PC,Korea: Forgotten Conflict Review,Fair,6
PS2,Fatal Frame Review,Great,8
PC,Teenage Mutant Ninja Turtles Review,Fair,6
PC,Prince of Persia: The Sands of Time Review,Great,8
PS2,Goblin Commander: Unleash the Horde Review,Fair,6
XBOX,Goblin Commander: Unleash the Horde Review,Fair,6
PC,Desert Thunder Review,Mediocre,5
PS2,Mission: Impossible: Operation Surma Review,Good,7
XBOX,Mission: Impossible: Operation Surma Review,Good,7
PC,Magic: The Gathering - Battlegrounds Review,Fair,6
PS2,R: Racing Evolution Review,Fair,6
XBOX,R: Racing Evolution Review,Fair,6
PC,Silent Hill 3 Review,Good,7
PS2,Prince of Persia: The Sands of Time Review,Superb,9
XBOX,Prince of Persia: The Sands of Time Review,Superb,9
PS2,Kya: Dark Lineage Review,Great,8
PC,Wildlife Park Review,Mediocre,5
PC,Neverwinter Nights: Hordes of the Underdark Review,Great,8
PC,Armed and Dangerous Review,Good,7
PS2,Lowrider Review,Fair,6
PC,Dead to Rights Review,Good,7
PC,Lords of EverQuest Review,Mediocre,5
PC,Victoria: An Empire Under the Sun Review,Fair,6
PS2,Max Payne 2: The Fall of Max Payne Review,Fair,6
PS2,Hot Wheels World Race Review,Fair,6
PS2,NCAA Final Four 2004 Review,Bad,3
PS2,Dragon Ball Z: Budokai 2 Review,Fair,6
XBOX,Battlestar Galactica Review,Good,7
PS2,Battlestar Galactica Review,Good,7
PC,Disciples II: Rise of the Elves Review,Good,7
XBOX,Armed and Dangerous Review,Good,7
PS2,Monster Rancher 4 Review,Good,7
XBOX,Deus Ex: Invisible War Review,Great,8
PS2,I-Ninja Review,Good,7
PC,Deus Ex: Invisible War Review,Great,8
XBOX,Magic: The Gathering - Battlegrounds Review,Good,7
PS2,"Warhammer 40,000: Fire Warrior Review",Mediocre,5
PC,Riven: The Sequel to Myst Review,Good,7
PS2,Bloody Roar 4 Review,Fair,6
XBOX,Whiplash Review,Fair,6
PS2,Whiplash Review,Fair,6
XBOX,Drake of the 99 Dragons Review,Abysmal,1
PC,FIFA Soccer 2004 Review,Good,7
XBOX,Spy Hunter 2 Review,Fair,6
PC,"Warhammer 40,000: Fire Warrior Review",Poor,4
PS2,Spy Hunter 2 Review,Mediocre,5
XBOX,Spawn: Armageddon Review,Mediocre,5
PS2,Spawn: Armageddon Review,Mediocre,5
PC,Kelly Slater's Pro Surfer Review,Good,7
PC,Broken Sword: The Sleeping Dragon Review,Great,8
XBOX,Robin Hood: Defender of the Crown Review,Fair,6
PS2,NCAA March Madness 2004 Review,Good,7
XBOX,NCAA March Madness 2004 Review,Good,7
PC,Beyond Good & Evil Review,Great,8
PS2,Dynasty Warriors 4: Xtreme Legends Review,Good,7
XBOX,Maximum Chase Review,Fair,6
PS2,ESPN College Hoops Review,Great,8
PS2,Secret Weapons Over Normandy Review,Fair,6
XBOX,Secret Weapons Over Normandy Review,Fair,6
PC,Myth: The Fallen Lords Review,Great,8
PC,Secret Weapons Over Normandy Review,Fair,6
XBOX,Dance Dance Revolution Ultramix Review,Great,8
PC,Star Wars: Knights of the Old Republic Review,Great,8
XBOX,NBA Inside Drive 2004 Review,Fair,6
PC,Uru: Ages Beyond Myst Review,Good,7
XBOX,Metal Arms: Glitch in the System Review,Great,8
XBOX,FIFA Soccer 2004 Review,Great,8
PS2,BlowOut Review,Mediocre,5
PS2,Fugitive Hunter: War on Terror Review,Bad,3
PS2,Need for Speed Underground Review,Great,8
PC,Need for Speed Underground Review,Great,8
PS2,XIII Review,Fair,6
XBOX,NHL Rivals 2004 Review,Fair,6
PS2,Metal Arms: Glitch in the System Review,Great,8
PC,XIII Review,Fair,6
XBOX,Links 2004 Review,Good,7
PC,The Hobbit Review,Fair,6
XBOX,Jedi Knight: Jedi Academy Review,Great,8
PC,Jedi Knight: Jedi Academy Review,Great,8
XBOX,Project Gotham Racing 2 Review,Great,8
PS2,PaRappa the Rapper 2 Review,Fair,6
PS2,Manhunt Review,Great,8
PS,RC de GO! Review,Good,7
XBOX,ESPN College Hoops Review,Great,8
XBOX,Sphinx and the Cursed Mummy Review,Great,8
PS2,Sphinx and the Cursed Mummy Review,Great,8
XBOX,The Hobbit Review,Fair,6
PS2,The Hobbit Review,Fair,6
XBOX,Terminator 3 Review,Bad,3
PS2,Terminator 3 Review,Bad,3
PC,Civilization III: Conquests Review,Great,8
PS2,Final Fantasy X-2 Review,Great,8
PC,NBA Live 2004 Review,Good,7
PC,The History Channel's Crusades: Quest for Power Review,Terrible,2
XBOX,Counter-Strike Review,Good,7
XBOX,The Haunted Mansion Review,Good,7
XBOX,Need for Speed Underground Review,Good,7
PS2,The Haunted Mansion Review,Good,7
PC,Redline: Xtreme Air Racing 2 Review,Fair,6
XBOX,Arx Fatalis Review,Great,8
PC,Gothic II Review,Great,8
PC,Contract J.A.C.K. Review,Mediocre,5
PC,Final Fantasy XI Review,Great,8
PC,Savage: The Battle for Newerth Review,Good,7
PC,Nosferatu: The Wrath of Malachi Review,Good,7
PS2,Beyond Good & Evil Review,Great,8
XBOX,Beyond Good & Evil Review,Great,8
PC,Dungeon Siege: Legends of Aranna Review,Mediocre,5
PC,The Simpsons: Hit & Run Review,Great,8
PC,PlanetSide: Core Combat Review,Fair,6
PC,Traitors Gate 2 Review,Poor,4
PC,No Man's Land Review,Mediocre,5
XBOX,Legacy of Kain: Defiance Review,Fair,6
PS2,Legacy of Kain: Defiance Review,Fair,6
PC,F1 Challenge '99-'02 Review,Great,8
PC,Curse: The Eye of Isis Review,Fair,6
PS2,Medal of Honor Rising Sun Review,Fair,6
XBOX,Medal of Honor Rising Sun Review,Fair,6
XBOX,Harry Potter: Quidditch World Cup Review,Fair,6
PC,Harry Potter: Quidditch World Cup Review,Fair,6
PS2,Harry Potter: Quidditch World Cup Review,Fair,6
PS2,Ratchet & Clank: Going Commando Review,Great,8
XBOX,NFL Blitz Pro Review,Fair,6
PS2,Crash Nitro Kart Review,Good,7
XBOX,Crash Nitro Kart Review,Good,7
PS2,Karaoke Revolution Review,Good,7
PC,Pirate Hunter Review,Good,7
XBOX,Morrowind Game of the Year Edition Review,Good,7
PC,The Black Mirror Review,Mediocre,5
PC,The Lord of the Rings: War of the Ring Review,Fair,6
PC,The History Channel Battle of Britain: World War II 1940 Review,Good,7
XBOX,SWAT: Global Strike Team Review,Great,8
PS2,SWAT: Global Strike Team Review,Great,8
PC,IndyCar Series Review,Good,7
PC,RollerCoaster Tycoon 2: Time Twister Review,Poor,4
XBOX,Grand Theft Auto Double Pack Review,Superb,9
XBOX,True Crime: Streets of LA Review,Good,7
PS2,True Crime: Streets of LA Review,Good,7
PS2,EyeToy: Play Review,Good,7
PC,The Lord of the Rings: The Return of the King Review,Great,8
PS2,The Lord of the Rings: The Return of the King Review,Great,8
XBOX,The Lord of the Rings: The Return of the King Review,Great,8
PS2,SOCOM II: U.S. Navy SEALs Review,Great,8
PS2,NBA ShootOut 2004 Review,Poor,4
XBOX,Gladiator: Sword of Vengeance Review,Good,7
PS2,Gladiator: Sword of Vengeance Review,Good,7
XBOX,Amped 2 Review,Good,7
PC,Chrome Review,Good,7
PC,Railroad Tycoon 3 Review,Great,8
XBOX,Top Spin Review,Superb,9
PS2,kill.switch Review,Fair,6
PS2,NFL Blitz Pro Review,Fair,6
PC,Massive Assault Review,Good,7
XBOX,Rainbow Six 3 Review,Great,8
PS2,Rogue Ops Review,Fair,6
XBOX,Rogue Ops Review,Fair,6
PC,Tom Clancy's Rogue Spear: Black Thorn Review,Fair,6
PC,Legend of the North: Konung Review,Bad,3
PC,Merchant Prince II Review,Mediocre,5
PC,Ripley's Believe It or Not! Review,Good,7
PC,Williams Pinball Classics Review,Good,7
PC,The Nations Review,Fair,6
PC,Fortress Europe Review,Terrible,2
PC,Wizardry Gold Review,Mediocre,5
PC,In Cold Blood Review,Good,7
PC,NHRA Drag Racing Main Event Review,Good,7
PC,Call of Duty Review,Superb,9
PS2,Tak and the Power of Juju Review,Fair,6
PC,Hidden & Dangerous 2 Review,Good,7
PS2,Tony Hawk's Underground Review,Great,8
XBOX,Tony Hawk's Underground Review,Great,8
XBOX,kill.switch Review,Fair,6
PC,The Sims: Makin' Magic Review,Great,8
PS2,Batman: Rise of Sin Tzu Review,Good,7
XBOX,Batman: Rise of Sin Tzu Review,Good,7
PC,Empires: Dawn of the Modern World Review,Great,8
XBOX,Gladius Review,Great,8
PS2,Gladius Review,Great,8
PC,Celebrity Deathmatch Review,Terrible,2
XBOX,Celebrity Deathmatch Review,Terrible,2
PS2,Celebrity Deathmatch Review,Terrible,2
XBOX,ESPN NBA Basketball Review,Great,8
XBOX,Grabbed by the Ghoulies Review,Fair,6
PS2,WWE SmackDown! Here Comes the Pain Review,Superb,9
PC,Paradise Cracked Review,Poor,4
PS2,Time Crisis 3 Review,Good,7
PS2,ESPN NBA Basketball Review,Great,8
PS2,Virtual On Marz Review,Fair,6
XBOX,Teenage Mutant Ninja Turtles Review,Fair,6
PS2,Teenage Mutant Ninja Turtles Review,Fair,6
XBOX,Wallace & Gromit in Project Zoo Review,Fair,6
PS2,SSX 3 Review,Superb,9
PS2,Castlevania: Lament of Innocence Review,Good,7
PS2,Wallace & Gromit in Project Zoo Review,Fair,6
XBOX,SSX 3 Review,Superb,9
PC,Commandos 3: Destination Berlin Review,Good,7
PS2,"Crouching Tiger, Hidden Dragon Review",Mediocre,5
PC,UFO: Aftermath Review,Fair,6
PS2,NBA Live 2004 Review,Great,8
PC,Max Payne 2: The Fall of Max Payne Review,Superb,9
PC,Space Colony Review,Fair,6
XBOX,Backyard Wrestling Review,Poor,4
PC,EverQuest: Lost Dungeons of Norrath Review,Good,7
PS2,Jak II Review,Superb,9
PC,Law & Order II: Double or Nothing	Review,Good,7
PC,Tiger Woods PGA Tour 2004 Review,Superb,9
XBOX,NBA Live 2004 Review,Great,8
PS2,Mega Man X7 Review,Fair,6
XBOX,RoadKill Review,Good,7
PS2,RoadKill Review,Good,7
PC,American Conquest: Fight Back Review,Good,7
PS2,Backyard Wrestling: Don't Try This at Home Review,Poor,4
XBOX,Conflict: Desert Storm II Review,Fair,6
PS2,Conflict: Desert Storm II Review,Fair,6
XBOX,Grooverider: Slot Car Thunder Review,Poor,4
PC,Once Upon a Knight Review,Mediocre,5
PC,NHL 2004 Review,Great,8
PC,BloodRayne Review,Mediocre,5
PC,Anarchy Online: The Shadowlands Review,Great,8
PC,Etherlords II Review,Great,8
PS2,Robin Hood: Defender of the Crown Review,Fair,6
PC,SimCity 4: Rush Hour Review,Great,8
PC,Halo: Combat Evolved Review,Superb,9
PC,Warrior Kings: Battles Review,Fair,6
XBOX,NBA Jam Review,Good,7
PS2,NBA Jam Review,Good,7
PC,Shrak for Quake Review,Good,7
PC,Command & Conquer Generals Zero Hour Review,Great,8
PS2,Tiger Woods PGA Tour 2004 Review,Superb,9
XBOX,NHL Hitz Pro Review,Great,8
PS2,NHL 2004 Review,Great,8
XBOX,Tiger Woods PGA Tour 2004 Review,Great,8
PS2,Dynasty Tactics 2 Review,Great,8
XBOX,NASCAR Thunder 2004 Review,Great,8
PS2,NASCAR Thunder 2004 Review,Great,8
PC,NASCAR Thunder 2004 Review,Good,7
PS2,DDRMAX2 Dance Dance Revolution Review,Good,7
PC,Neighbors From Hell Review,Fair,6
XBOX,WWE Raw 2 Review,Fair,6
XBOX,NHL 2004 Review,Great,8
PS2,Rugby 2004 Review,Mediocre,5
PC,Medal of Honor Allied Assault Breakthrough Review,Fair,6
XBOX,Voodoo Vince Review,Good,7
PC,The Temple of Elemental Evil Review,Good,7
XBOX,Freedom Fighters Review,Superb,9
PS2,Freedom Fighters Review,Superb,9
PC,Freedom Fighters Review,Superb,9
PC,Starsky & Hutch Review,Fair,6
XBOX,Dino Crisis 3 Review,Mediocre,5
XBOX,Dungeons & Dragons Heroes Review,Fair,6
PC,Homeworld 2 Review,Great,8
XBOX,The Simpsons: Hit & Run Review,Great,8
PS2,The Simpsons: Hit & Run Review,Great,8
PS,Ore no Ryori Import Review,Good,7
PS2,Hunter: The Reckoning Wayward Review,Good,7
PS2,XGRA Review,Good,7
XBOX,XGRA Review,Good,7
PS2,ESPN NHL Hockey Review,Superb,9
XBOX,ESPN NHL Hockey Review,Superb,9
PC,Hoyle Majestic Chess Review,Good,7
PS2,Lethal Skies II Review,Good,7
PS2,NCAA GameBreaker Football 2004 Review,Mediocre,5
PC,Heaven & Hell Review,Poor,4
PS2,.hack Part 3: Outbreak Review,Fair,6
PC,Battlefield 1942: Secret Weapons of WWII Review,Great,8
PC,Rebels: Prison Escape Review,Bad,3
PS2,Agassi Tennis Generation Review,Mediocre,5
XBOX,Scooby-Doo! Night of 100 Frights Review,Fair,6
PS2,ESPN NFL Football Review,Superb,9
XBOX,ESPN NFL Football Review,Superb,9
XBOX,Dynasty Warriors 4 Review,Good,7
XBOX,Disney's Extreme Skate Adventure Review,Good,7
PS2,Disney's Extreme Skate Adventure Review,Good,7
PC,Spy Hunter Review,Mediocre,5
XBOX,NFL Fever 2004 Review,Good,7
PC,Republic: The Revolution Review,Fair,6
PC,Enigma: Rising Tide Review,Good,7
PC,Cold Zero: No Mercy Review,Good,7
PS2,Romance of the Three Kingdoms VIII Review,Good,7
PC,Tron 2.0 Review,Good,7
PC,AquaNox 2: Revelation Review,Mediocre,5
PS2,NFL GameDay 2004 Review,Fair,6
PS2,Futurama Review,Poor,4
XBOX,Futurama Review,Poor,4
XBOX,Buffy the Vampire Slayer: Chaos Bleeds Review,Great,8
PS2,Buffy the Vampire Slayer: Chaos Bleeds Review,Great,8
PS2,Mojo! Review,Mediocre,5
PC,Ghost Master Review,Great,8
PC,Chaser Review,Great,8
XBOX,Soul Calibur II Review,Great,8
PS2,Soul Calibur II Review,Great,8
PS2,Bombastic Review,Good,7
XBOX,Otogi: Myth of Demons Review,Great,8
PC,Tony Hawk's Pro Skater 4 Review,Great,8
XBOX,Pro Cast Sports Fishing Review,Good,7
PS2,Disgaea: Hour of Darkness Review,Great,8
PC,1nsane Review,Good,7
PC,Europa Universalis: Crown of the North Review,Fair,6
PS2,Smash Cars Review,Good,7
PC,Korsun Pocket Review,Great,8
XBOX,Tennis Masters Series 2003 Review,Fair,6
PS2,MetropolisMania Review,Good,7
PC,Runaway: A Road Adventure Review,Good,7
PS2,Silent Line: Armored Core Review,Fair,6
XBOX,Alter Echo Review,Good,7
PS2,Alter Echo Review,Good,7
PC,Lionheart: Legacy of the Crusader Review,Fair,6
PC,Madden NFL 2004 Review,Great,8
PC,State of Emergency Review,Good,7
PC,American Conquest Review,Great,8
PS2,Madden NFL 2004 Review,Superb,9
PC,Valhalla Chronicles Review,Bad,3
PC,Age of Wonders: Shadow Magic Review,Great,8
PC,Mistmare Review,Abysmal,1
PS2,Virtua Fighter 4: Evolution Review,Superb,9
XBOX,Madden NFL 2004 Review,Superb,9
XBOX,Tom Clancy's Ghost Recon: Island Thunder Review,Good,7
XBOX,Dinotopia: The Sunstone Odyssey Review,Poor,4
PC,NAVY SEALs: Weapons of Mass Destruction Review,Abysmal,1
PS2,Splashdown: Rides Gone Wild Review,Great,8
XBOX,Robocop Review,Terrible,2
XBOX,Aquaman: Battle for Atlantis Review,Terrible,2
PC,Emergency Fire Response Review,Good,7
PC,Dark Fall - The Journal Review,Fair,6
PS2,Silent Hill 3 Review,Great,8
XBOX,Freaky Flyers Review,Fair,6
PS2,Freaky Flyers Review,Fair,6
XBOX,Syberia Review,Great,8
PS2,Aliens Versus Predator: Extinction Review,Good,7
XBOX,Aliens Versus Predator: Extinction Review,Good,7
XBOX,Dakar 2 Review,Good,7
PC,The Great Escape Review,Fair,6
XBOX,The Great Escape Review,Fair,6
PS2,The Great Escape Review,Fair,6
PC,Microsoft Flight Simulator 2004: A Century of Flight Review,Great,8
PC,Nexagon: Deathmatch Review,Fair,6
PS2,Magic Pengel: The Quest for Color Review,Good,7
PS2,Downhill Domination Review,Good,7
PC,Midnight Club II Review,Good,7
PS2,Colin McRae Rally 3 Review,Great,8
PC,Disciples II: Servants of the Dark Review,Good,7
PC,Disciples II: Guardians of the Light Review,Good,7
PS2,NCAA Football 2004 Review,Great,8
XBOX,Outlaw Volleyball Review,Good,7
XBOX,NCAA Football 2004 Review,Great,8
XBOX,Star Wars: Knights of the Old Republic Review,Superb,9
XBOX,Pirates of the Caribbean Review,Good,7
PC,Pirates of the Caribbean Review,Good,7
PS2,K-1 World Grand Prix Review,Fair,6
PC,Legacy Online Review,Fair,6
PC,Star Wars Galaxies: An Empire Divided Review,Good,7
PC,Warcraft III: The Frozen Throne Review,Superb,9
PC,Tennis Masters Series 2003 Review,Good,7
PC,Tomb Raider: The Angel of Darkness Review,Fair,6
PS2,Summer Heat Beach Volleyball Review,Good,7
PS2,Naval Ops: Warship Gunner Review,Fair,6
PS2,F1 Career Challenge Review,Good,7
PS2,Ape Escape 2 Review,Great,8
PS2,The Italian Job Review,Poor,4
XBOX,SX Superstar Review,Fair,6
XBOX,The Italian Job Review,Poor,4
PS2,Freestyle MetalX Review,Fair,6
PC,Star Trek Elite Force II Review,Good,7
PC,Chariots of War Review,Fair,6
XBOX,Tetris Worlds (Online Edition) Review,Fair,6
PC,Indiana Jones and the Emperor's Tomb Review,Good,7
PC,The Italian Job Review,Good,7
PS,The Italian Job Review,Good,7
PS2,Mace Griffin Bounty Hunter Review,Good,7
PS2,Tomb Raider: The Angel of Darkness Review,Fair,6
XBOX,Mace Griffin Bounty Hunter Review,Good,7
PS2,Indiana Jones and the Emperor's Tomb Review,Poor,4
XBOX,X-Men: Next Dimension Review,Fair,6
XBOX,Soldier of Fortune II: Double Helix Review,Mediocre,5
PS2,Arc the Lad: Twilight of the Spirits Review,Great,8
PC,World War II: Frontline Command Review,Fair,6
PS2,Evil Dead: A Fistful of Boomstick Review,Mediocre,5
XBOX,Evil Dead: A Fistful of Boomstick Review,Mediocre,5
PS2,Fire ProWrestling Z Review,Great,8
PC,PlanetSide Review,Good,7
PC,Will Rock Review,Fair,6
PC,Line of Sight: Vietnam Review,Good,7
XBOX,Midtown Madness 3 Review,Great,8
PS2,RTX Red Rock Review,Poor,4
PS2,Unlimited SaGa Review,Poor,4
PC,Neverwinter Nights: Shadows of Undrentide Review,Good,7
PS2,Resident Evil: Dead Aim Review,Fair,6
XBOX,IndyCar Series Review,Fair,6
PC,Big Mutha Truckers Review,Fair,6
PC,Elder Scrolls III: Morrowind: Bloodmoon Review,Great,8
XBOX,Big Mutha Truckers Review,Fair,6
PS2,Big Mutha Truckers Review,Fair,6
PC,Quake II Mission Pack: The Reckoning Review,Good,7
PS2,IndyCar Series Review,Fair,6
PS2,G1 Jockey 3 Review,Fair,6
XBOX,Inside Pitch 2003 Review,Mediocre,5
PC,MotoGP 2 Review,Good,7
XBOX,Midnight Club II Review,Good,7
PS2,Chessmaster Review,Good,7
PC,Curse of Atlantis: Thorgal's Quest Review,Mediocre,5
PS2,Return to Castle Wolfenstein: Operation Resurrection Review,Poor,4
XBOX,Wakeboarding Unleashed Featuring Shaun Murray Review,Good,7
PS2,Wakeboarding Unleashed Featuring Shaun Murray Review,Good,7
XBOX,MotoGP 2 Review,Great,8
PS2,Finding Nemo Review,Fair,6
XBOX,Finding Nemo Review,Fair,6
PC,Interstellar Trader 2 Review,Bad,3
PC,The Hulk Review,Good,7
PC,Majesty: The Northern Expansion Review,Good,7
PC,Strange Adventures in Infinite Space Review,Good,7
PC,Star Trek: Armada II Review,Good,7
PS2,The Hulk Review,Good,7
XBOX,The Hulk Review,Good,7
PC,A Tale in the Desert Review,Great,8
PC,RollerCoaster Tycoon 2: Wacky Worlds Review,Poor,4
XBOX,Speed Kings Review,Good,7
PS2,Speed Kings Review,Good,7
XBOX,Bloody Roar Extreme Review,Fair,6
PC,Blitzkrieg Review,Good,7
PC,The Sims: Superstar Review,Great,8
XBOX,Stake: Fortune Fighters Review,Bad,3
PC,Grand Theft Auto: Vice City Review,Superb,9
PC,Day of Defeat Review,Great,8
PC,Rise of Nations Review,Superb,9
PC,Enter the Matrix Review,Fair,6
PC,Empire of Magic Review,Mediocre,5
XBOX,Enter the Matrix Review,Fair,6
PS2,Enter the Matrix Review,Fair,6
PS2,NFL Blitz 2002 Review,Great,8
PC,Enclave Review,Fair,6
XBOX,Return to Castle Wolfenstein: Tides of War Review,Great,8
PC,Quake III: Team Arena Review,Good,7
PS,Gran Turismo Review,Great,8
XBOX,Tom Clancy's Splinter Cell Review,Great,8
PC,Medieval: Viking Invasion Review,Great,8
PS,MLB 2004 Review,Good,7
PS2,Jungle Book Rhythm N'Groove Review,Bad,3
PS2,.hack Part 2: Mutation Review,Fair,6
PS2,Piglet's Big Game Review,Good,7
PS2,Mobile Light Force 2 Review,Fair,6
PS,Alone in the Dark: The New Nightmare Review,Fair,6
PC,Cabela's 4X4 Off-Road Adventure 3 Review,Mediocre,5
XBOX,SeaBlade Review,Poor,4
PC,Devastation Review,Fair,6
PC,Trade Empires Review,Fair,6
XBOX,V-Rally 3 Review,Great,8
PS,Gran Turismo 2 Review,Great,8
PC,Humvee Assault Review,Bad,3
PC,Monkey Brains Review,Mediocre,5
XBOX,Burnout 2: Point of Impact Review,Great,8
PC,Knight Rider Review,Mediocre,5
PC,Odyssey: The Search for Ulysses Review,Good,7
PS2,NBA Street Vol. 2 Review,Great,8
XBOX,NBA Street Vol. 2 Review,Great,8
PC,Emergency 2: The Ultimate Fight for Life Review,Mediocre,5
XBOX,Star Wars: The Clone Wars Review,Good,7
PC,X2: Wolverine's Revenge Review,Mediocre,5
PS2,Micro Machines Review,Mediocre,5
XBOX,X2: Wolverine's Revenge Review,Mediocre,5
PC,Red Faction II Review,Good,7
PC,High Impact Paintball Review,Bad,3
PS2,Seek and Destroy Review,Mediocre,5
PS2,X2: Wolverine's Revenge Review,Mediocre,5
XBOX,Pro Race Driver Review,Good,7
PC,Tropico 2: Pirate Cove Review,Good,7
XBOX,Phantasy Star Online Episode I & II Review,Good,7
PC,Purge Review,Mediocre,5
XBOX,Godzilla: Destroy All Monsters Melee Review,Fair,6
PC,Postal 2 Review,Poor,4
PC,CSI: Crime Scene Investigation Review,Mediocre,5
XBOX,Furious Karting Review,Mediocre,5
PC,Bandits: Phoenix Rising Review,Good,7
PC,Restaurant Empire Review,Good,7
PC,Shadowbane Review,Good,7
PS2,Midnight Club II Review,Good,7
PC,Metal Gear Solid 2: Substance Review,Good,7
PC,Casino Inc. Review,Mediocre,5
PC,Vietcong Review,Good,7
PS2,Gallop Racer 2003: A New Breed Review,Mediocre,5
PS2,4x4 Evolution Review,Good,7
PC,1602 A.D. Review,Good,7
PC,1503 A.D. Review,Good,7
XBOX,Red Faction II Review,Good,7
XBOX,World Racing Review,Poor,4
PS,Final Fantasy Origins Review,Good,7
PC,Pro Race Driver Review,Good,7
PS2,Tom Clancy's Splinter Cell Review,Great,8
XBOX,Marvel vs. Capcom 2 Review,Fair,6
PS2,Rayman 3: Hoodlum Havoc Review,Good,7
PC,Rayman 3: Hoodlum Havoc Review,Great,8
PC,New World Order Review,Terrible,2
XBOX,Black Stone: Magic and Steel Review,Terrible,2
PS2,Clock Tower 3 Review,Good,7
XBOX,RLH Review,Poor,4
XBOX,Tao Feng: Fist of the Lotus Review,Fair,6
XBOX,Batman: Dark Tomorrow Review,Terrible,2
PS2,Def Jam Vendetta Review,Great,8
PC,The Omega Stone: Riddle of the Sphinx II Review,Great,8
PS2,Auto Modellista Review,Fair,6
XBOX,State of Emergency Review,Good,7
XBOX,Murakumo: Renegade Mech Pursuit Review,Bad,3
PS2,Grand Prix Challenge Review,Good,7
PC,MVP Baseball 2003 Review,Great,8
PS2,Amplitude Review,Great,8
XBOX,UFC: Tapout 2 Review,Fair,6
PC,Galactic Civilizations Review,Great,8
PS,Dragon Ball Z Ultimate Battle 22 Review,Abysmal,1
XBOX,World Series Baseball 2K3 Review,Superb,9
PS2,World Series Baseball 2K3 Review,Great,8
PC,Delta Force: Black Hawk Down Review,Mediocre,5
PC,Tom Clancy's Rainbow Six 3: Raven Shield Review,Great,8
PS2,Primal Review,Good,7
XBOX,High Heat Major League Baseball 2004 Review,Great,8
XBOX,The Sims Review,Good,7
PC,Grom: Terror in Tibet Review,Bad,3
XBOX,Jurassic Park: Operation Genesis Review,Good,7
PS2,Jurassic Park: Operation Genesis Review,Good,7
PS2,Aero Elite: Combat Academy Review,Fair,6
PC,Jurassic Park: Operation Genesis Review,Good,7
PS2,MVP Baseball 2003 Review,Great,8
XBOX,MVP Baseball 2003 Review,Good,7
PS2,MotoGP3 Review,Great,8
PS2,WWE Crush Hour Review,Mediocre,5
XBOX,Tony Hawk's Pro Skater 4 Review,Superb,9
PC,High Heat Major League Baseball 2004 Review,Fair,6
XBOX,MLB Slugfest 2004 Review,Great,8
PS2,MLB Slugfest 2004 Review,Great,8
PS2,MLB 2004 Review,Good,7
XBOX,Rayman 3: Hoodlum Havoc Review,Great,8
PS2,The King of Route 66 Review,Fair,6
PC,Gods and Generals Review,Abysmal,1
PC,Baseball Mogul 2004 Review,Fair,6
PC,Heroes of Might and Magic IV: Winds of War Review,Fair,6
XBOX,Colin McRae Rally 3 Review,Great,8
PC,Praetorians Review,Great,8
PS2,High Heat Major League Baseball 2004 Review,Great,8
XBOX,All-Star Baseball 2004 Review,Great,8
PS2,All-Star Baseball 2004 Review,Great,8
PC,IL-2 Sturmovik: Forgotten Battles Review,Great,8
PC,Green Berets Review,Fair,6
PC,Waterloo: Napoleon's Last Battle Review,Good,7
PC,The Messenger Review,Mediocre,5
PC,Timescape: Journey to Pompeii Review,Fair,6
PC,Out of the Park Baseball 5 Review,Great,8
PS2,Sky Odyssey Review,Great,8
PS2,Winning Eleven 6 International Review,Superb,9
PC,IGI 2: Covert Strike Review,Mediocre,5
PS2,My Street Review,Poor,4
PS2,Zone of the Enders: The 2nd Runner Review,Great,8
PC,Half-Life: Blue Shift Review,Good,7
XBOX,Shenmue II Review,Good,7
PS,Army Men: World War Review,Mediocre,5
PC,World Of Outlaws: Sprint Cars Review,Good,7
PC,Master of Orion III Review,Fair,6
PC,The Gladiators: Galactic Circus Games Review,Fair,6
PS2,Everblue 2 Review,Fair,6
PS2,Metal Gear Solid 2: Substance Review,Good,7
PS2,Tenchu: Wrath of Heaven Review,Great,8
XBOX,The Terminator: Dawn of Fate Review,Fair,6
PC,Freelancer Review,Great,8
XBOX,Indiana Jones and the Emperor's Tomb Review,Fair,6
XBOX,Kung Fu Chaos Review,Fair,6
PC,Post Mortem Review,Fair,6
PC,Harbinger Review,Poor,4
XBOX,Apex Review,Good,7
PS2,Disaster Report Review,Fair,6
PS2,Breath of Fire: Dragon Quarter Review,Great,8
PC,I Was An Atomic Mutant Review,Fair,6
PS2,Yu-Gi-Oh! The Duelists of the Roses Review,Mediocre,5
PS2,Xenosaga Episode I: Der Wille zur Macht Review,Great,8
PS2,World Tour Soccer 2003 Review,Good,7
PS2,Fisherman's Challenge Review,Good,7
PS2,Taiko no Tatsujin Import Review,Good,7
PS2,P.T.O. IV Review,Fair,6
XBOX,Metal Dungeon Review,Bad,3
PS2,EverQuest Online Adventures Review,Good,7
PS2,Dark Cloud 2 Review,Superb,9
PS2,Fighter Maker 2 Review,Poor,4
PS2,HyperSonic.Xtreme Review,Bad,3
XBOX,Vexx Review,Fair,6
XBOX,Capcom vs. SNK 2 EO Review,Great,8
PS2,Dynasty Warriors 3: Xtreme Legends Review,Good,7
PC,Command & Conquer: Generals Review,Great,8
PS2,Vexx Review,Fair,6
PS2,Galerians: Ash Review,Mediocre,5
PS2,.hack infection part 1 Review,Good,7
PS2,Pride FC Review,Great,8
PC,Battlefield 1942: The Road to Rome Review,Great,8
PC,NASCAR Racing 2003 Season Review,Great,8
PS2,Black & Bruised Review,Fair,6
PS2,Guilty Gear X2 Review,Great,8
PC,The Mystery of the Mummy Review,Mediocre,5
PC,Unreal II: The Awakening Review,Good,7
PS2,Devil May Cry 2 Review,Fair,6
PC,KAO the Kangaroo Review,Good,7
XBOX,Battle Engine Aquila Review,Fair,6
PC,Highland Warriors Review,Mediocre,5
PS2,Battle Engine Aquila Review,Fair,6
PS2,Cabela's Big Game Hunter Review,Mediocre,5
XBOX,Dead or Alive Xtreme Beach Volleyball Review,Fair,6
PS2,Drome Racers Review,Mediocre,5
PS2,The Getaway Review,Fair,6
PC,Drome Racers Review,Mediocre,5
PC,Test Drive Review,Fair,6
PC,K-Hawk: Survival Instinct Review,Mediocre,5
PS2,Disney's PK: Out of the Shadows Review,Bad,3
PS2,War of the Monsters Review,Good,7
PS2,Tom Clancy's Ghost Recon Review,Mediocre,5
XBOX,BMX XXX Review,Mediocre,5
XBOX,ATV Quad Power Racing 2 Review,Fair,6
PS2,ATV Quad Power Racing 2 Review,Fair,6
PS2,The Sims Review,Good,7
XBOX,Panzer Dragoon Orta Review,Superb,9
PS2,Hot Wheels Velocity X Maximum Justice Review,Good,7
PS2,Pro Race Driver Review,Good,7
XBOX,Nightcaster II: Equinox Review,Abysmal,1
PC,Shadowflare: Episode One Review,Poor,4
XBOX,Pulse Racer Review,Bad,3
PC,Impossible Creatures Review,Good,7
PC,Zanzarah: The Hidden Portal Review,Good,7
XBOX,"The Lord of the Rings, The Two Towers Review",Great,8
PS2,NCAA Final Four 2003 Review,Mediocre,5
XBOX,Total Immersion Racing Review,Good,7
PS2,Total Immersion Racing Review,Good,7
PC,The Sims Online review,Fair,6
XBOX,Harry Potter and the Chamber of Secrets Review,Good,7
XBOX,Crimson Sea Review,Good,7
XBOX,Dark Angel Review,Bad,3
PS2,Dark Angel Review,Bad,3
PC,Europa 1400: The Guild Review,Great,8
PC,Dark Age of Camelot: Shrouded Isles Review,Great,8
PS2,NCAA March Madness 2003 Review,Good,7
PS2,Treasure Planet Review,Fair,6
PS2,Whiteout Review,Poor,4
PS2,Evolution Snowboarding Review,Fair,6
PC,Anarchy Online: The Notum Wars Review,Fair,6
XBOX,NCAA College Basketball 2K3 Review,Good,7
PC,Neocron Review,Fair,6
PS2,Street Hoops Review,Poor,4
PC,Worms Blast Review,Good,7
PC,Street Legal Review,Poor,4
PS2,Haven: Call of the King Review,Good,7
PS2,Harry Potter and the Chamber of Secrets Review,Good,7
XBOX,Egg Mania: Eggstreme Madness Review,Fair,6
XBOX,Minority Report: Everybody Runs Review,Poor,4
PS2,Minority Report: Everybody Runs Review,Poor,4
PC,Treasure Planet: Battle at Procyon Review,Good,7
PS2,Star Wars: The Clone Wars Review,Good,7
XBOX,Legends of Wrestling II Review,Fair,6
PS2,Legends of Wrestling II Review,Fair,6
XBOX,Rally Fusion Review,Fair,6
PS2,Rally Fusion Review,Fair,6
PC,James Bond 007: NightFire Review,Fair,6
PC,Hegemonia: Legions of Iron Review,Good,7
PC,Total Immersion Racing Review,Good,7
PC,Cossacks: Back to War Review,Fair,6
PC,Asheron's Call 2: Fallen Kings Review,Great,8
PS2,Dragon Ball Z Budokai Review,Fair,6
PC,Silent Hill 2 Review,Fair,6
XBOX,MX Superfly Review,Good,7
PC,Platoon: 1st Airborne Cavalry Division Review,Fair,6
PS2,Mystic Heroes Review,Good,7
PS2,Ninja Assault Review,Mediocre,5
PS2,Star Wars Bounty Hunter Review,Mediocre,5
XBOX,Dragon's Lair 3D: Return to the Lair Review,Mediocre,5
PC,Dragon's Lair 3D: Return to the Lair Review,Mediocre,5
PC,NBA Live 2003 Review,Great,8
PC,Hearts of Iron Review,Good,7
PC,World War II: Panzer Claws Review,Fair,6
XBOX,Superman: The Man of Steel Review,Fair,6
PS2,The Simpsons Skateboarding Review,Bad,3
PS2,Marvel vs. Capcom 2 Review,Good,7
PS2,Rygar: The Legendary Adventure Review,Good,7
PC,Starfleet Command III Review,Great,8
XBOX,James Bond 007: NightFire Review,Good,7
PS2,James Bond 007: NightFire Review,Good,7
PC,Arx Fatalis Review,Great,8
XBOX,Steel Battalion Review,Good,7
PS2,Dr. Muto Review,Fair,6
XBOX,Dr. Muto Review,Fair,6
PC,Revolution Review,Terrible,2
PS2,Shox Review,Good,7
PS2,ATV Offroad Fury 2 Review,Good,7
PC,Battle Realms: Winter of the Wolf Review,Good,7
PC,The Cameron Files: Pharaoh's Curse Review,Mediocre,5
PC,WWE Raw Review,Mediocre,5
PS2,Dead to Rights Review,Good,7
PS2,Mortal Kombat: Deadly Alliance Review,Great,8
XBOX,Mortal Kombat: Deadly Alliance Review,Great,8
PS2,Whirl Tour Review,Fair,6
XBOX,Rocky Review,Mediocre,5
XBOX,Jedi Knight II: Jedi Outcast Review,Great,8
XBOX,NHL 2K3 Review,Great,8
PS2,Rocky Review,Mediocre,5
PS2,Robot Alchemic Drive Review,Good,7
PS2,NHL 2K3 Review,Great,8
XBOX,Unreal Championship Review,Great,8
PS2,Activision Anthology Review,Good,7
PS2,Spyro: Enter the Dragonfly Review,Terrible,2
XBOX,FIFA 2003 Review,Great,8
PC,MechWarrior 4: Mercenaries Review,Good,7
PS2,FIFA 2003 Review,Great,8
XBOX,Phantom Crash Review,Good,7
PC,Tiger Woods PGA Tour 2003 Review,Superb,9
XBOX,Medal of Honor Frontline Review,Great,8
XBOX,Serious Sam Review,Great,8
PC,Deadly Dozen: Pacific Theater Review,Great,8
PS2,NASCAR: Dirt to Daytona Review,Great,8
PC,G.I. Combat: Episode 1: Battle of Normandy Review,Bad,3
PS2,Twisted Metal: Black Online Review,Great,8
PS2,Jet X2O Review,Good,7
PS2,Wreckless Review,Mediocre,5
PC,Robin Hood: The Legend of Sherwood Review,Great,8
PC,O.R.B. Review,Good,7
PC,DarkSpace Review,Good,7
PS2,BMX XXX Review,Mediocre,5
XBOX,Zapper Review,Fair,6
PS2,Zapper Review,Fair,6
XBOX,Kakuto Chojin Review,Mediocre,5
PC,Dogs Playing Poker Review,Fair,6
PC,Civilization III: Play the World Review,Mediocre,5
PC,Soldiers of Anarchy Review,Great,8
XBOX,Metal Gear Solid 2: Substance Review,Great,8
PS2,NBA Starting Five Review,Poor,4
PC,EverQuest: The Planes of Power Review,Good,7
XBOX,MechAssault Review,Superb,9
PC,Rallisport Challenge Review,Great,8
PS2,WWE SmackDown! Shut Your Mouth Review,Great,8
PS2,Shinobi Review,Good,7
XBOX,Toxic Grind Review,Bad,3
PC,FIFA 2003 Review,Superb,9
XBOX,Dynasty Warriors 3 Review,Good,7
XBOX,NHL 2003 Review,Great,8
PS2,V-Rally 3 Review,Good,7
XBOX,NBA Inside Drive 2003 Review,Good,7
PS2,Disney Golf Review,Good,7
PC,Beam Breakers Review,Mediocre,5
PC,Football Mogul 2003 Review,Poor,4
XBOX,Sneakers Review,Bad,3
PC,Strike Fighters: Project 1 Review,Fair,6
PC,Age of Mythology Review,Superb,9
PS2,Ratchet & Clank Review,Superb,9
XBOX,TransWorld Snowboarding Review,Good,7
PS2,NHL FaceOff 2003 Review,Poor,4
XBOX,Pac-Man World 2 Review,Good,7
PS2,The Lord of the Rings: The Fellowship of the Ring Review,Mediocre,5
PS2,Defender Review,Fair,6
PS2,Suikoden III Review,Superb,9
XBOX,Defender Review,Fair,6
PC,Scrabble Complete Review,Good,7
PC,Zoo Tycoon: Marine Mania Review,Fair,6
PC,Wheel of Fortune 2003 Review,Fair,6
PS2,Silent Scope 3 Review,Mediocre,5
PS2,Tiger Woods PGA Tour 2003 Review,Great,8
XBOX,Tiger Woods PGA Tour 2003 Review,Great,8
PS2,NBA ShootOut 2003 (PS2) Review,Mediocre,5
PC,Iron Storm Review,Good,7
PC,Combat Mission: Barbarossa to Berlin Review,Superb,9
PS2,DDRMAX Review,Good,7
PS2,Grand Theft Auto: Vice City Review,Superb,9
XBOX,Deathrow Review,Great,8
PS2,BloodRayne Review,Good,7
PC,NASCAR Thunder 2003 Review,Mediocre,5
PC,Jeopardy! 2003 Review,Good,7
XBOX,Baldur's Gate: Dark Alliance Review,Great,8
PS2,X-Men: Next Dimension Review,Fair,6
PS2,Taz Wanted Review,Mediocre,5
XBOX,Taz Wanted Review,Mediocre,5
PC,Combat Flight Simulator 3: Battle for Europe Review,Good,7
PC,Conflict: Desert Storm Review,Poor,4
PC,Hoyle Puzzle Games Review,Good,7
PC,The Lord of the Rings: The Fellowship of the Ring Review,Mediocre,5
PS2,Contra: Shattered Soldier Review,Good,7
XBOX,The Lord of the Rings: The Fellowship of the Ring Review,Mediocre,5
PS2,Tony Hawk's Pro Skater 4 Review,Superb,9
PS2,Reign of Fire Review,Poor,4
XBOX,Reign of Fire Review,Poor,4
PC,America's Army: Operations Review,Great,8
XBOX,The House of the Dead III Review,Fair,6
PS2,Wild Arms 3 Review,Good,7
XBOX,WTA Tour Tennis Review,Fair,6
PC,Hoyle Board Games Review,Good,7
PC,Hoyle Card Games review,Fair,6
XBOX,ToeJam & Earl III: Mission to Earth Review,Mediocre,5
XBOX,Ty the Tasmanian Tiger Review,Good,7
PS2,Ty the Tasmanian Tiger Review,Good,7
PC,Taz Wanted Review,Mediocre,5
PS2,"The Lord of the Rings, The Two Towers Review",Great,8
PC,Need for Speed: Hot Pursuit 2 Review,Good,7
PS2,Sub Rebellion Review,Fair,6
XBOX,Whacked! Review,Mediocre,5
XBOX,Chase: Hollywood Stunt Driver Review,Fair,6
PS2,Legaia 2: Duel Saga Review,Good,7
PS2,Grandia Xtreme Review,Fair,6
XBOX,Loons: The Fight for Fame Review,Poor,4
PS2,Evolution Skateboarding Review,Poor,4
PS2,NHL 2003 Review,Great,8
PS2,Red Faction II Review,Great,8
PC,RollerCoaster Tycoon 2 Review,Good,7
PC,Crazy Taxi Review,Mediocre,5
PS2,Egg Mania: Eggstreme Madness Review,Fair,6
PC,Law & Order: Dead on the Money Review,Fair,6
XBOX,NBA Live 2003 Review,Great,8
XBOX,Gravity Games Bike: Street Vert Dirt Review,Abysmal,1
XBOX,Namco Museum Review,Fair,6
PC,Season Ticket Basketball 2003 Review,Great,8
PC,Batman: Vengeance Review,Poor,4
PC,Industry Giant II Review,Mediocre,5
PC,NHL 2003 Review,Great,8
PS2,Rayman Arena Review,Mediocre,5
XBOX,Rayman Arena Review,Fair,6
PS2,NBA Live 2003 Review,Great,8
XBOX,NBA 2K3 Review,Great,8
PC,Rayman Arena Review,Mediocre,5
PS2,NASCAR Thunder 2003 Review,Good,7
XBOX,NASCAR Thunder 2003 Review,Great,8
PS2,RLH Review,Poor,4
PS2,NBA 2K3 Review,Great,8
PS2,Super Bust-A-Move 2 Review,Poor,4
XBOX,Hitman 2: Silent Assassin Review,Great,8
PS2,TimeSplitters 2 Review,Great,8
XBOX,TimeSplitters 2 Review,Great,8
PS2,Hitman 2: Silent Assassin Review,Great,8
PC,Hitman 2: Silent Assassin Review,Great,8
PC,Heroes of Might and Magic IV: The Gathering Storm Review,Good,7
XBOX,Myst III: Exile Review,Fair,6
PS2,Myst III: Exile Review,Fair,6
XBOX,Conflict: Desert Storm Review,Poor,4
XBOX,Need for Speed: Hot Pursuit 2 Review,Good,7
PS2,Need for Speed: Hot Pursuit 2 Review,Great,8
PS2,Conflict: Desert Storm Review,Poor,4
PC,Sniper: Path of Vengeance Review,Terrible,2
PC,Prisoner of War Review,Good,7
PC,Casino Empire Review,Mediocre,5
PS2,Riding Spirits Review,Mediocre,5
PC,Unreal Tournament 2003 Review,Great,8
XBOX,Blinx: The Time Sweeper Review,Fair,6
PS2,Dual Hearts Review,Good,7
PS,Digimon World 3 Review,Poor,4
PS2,Superman: Shadow of Apokolips Review,Fair,6
PC,Virtual Resort: Spring Break Review,Fair,6
PC,Stronghold: Crusader Review,Great,8
PC,Incoming Forces Review,Fair,6
PS2,Ferrari F355 Challenge Review,Good,7
PC,Tom Clancy's Ghost Recon: Island Thunder Review,Great,8
PS2,Tribes Aerial Assault Review,Good,7
PS2,Burnout 2: Point of Impact Review,Great,8
PC,The Sims: Unleashed Review,Great,8
PC,Divine Divinity Review,Great,8
PC,No One Lives Forever 2: A Spy In H.A.R.M.'s Way Review,Superb,9
PC,Links 2003 Review,Great,8
PS2,Sega Bass Fishing Duel Review,Good,7
PS2,NHL Hitz 2003 Review,Good,7
XBOX,NHL Hitz 2003 Review,Good,7
PS2,Dino Stalker Review,Poor,4
PS2,Robotech: Battlecry Review,Fair,6
XBOX,Robotech: Battlecry Review,Fair,6
XBOX,Kelly Slater's Pro Surfer Review,Great,8
PS2,Kelly Slater's Pro Surfer Review,Great,8
PC,Demolition Derby and Figure 8 Race Review,Poor,4
XBOX,Blade II Review,Poor,4
PS2,Blade II Review,Poor,4
PS2,Gungrave Review,Mediocre,5
PC,Arthur's Quest: Battle for the Kingdom Review,Abysmal,1
PC,Battlefield 1942 Review,Great,8
PS2,Sega Soccer Slam Review,Great,8
PC,Earth 2150: Lost Souls Review,Good,7
PC,Chessmaster 9000 Review,Good,7
PC,Geoff Crammond's Grand Prix 4 Review,Great,8
PS2,Armored Core 3 Review,Good,7
XBOX,The Thing Review,Great,8
PC,Hard Truck: 18 Wheels of Steel Review,Good,7
XBOX,Quantum Redshift Review,Good,7
PC,The Partners Review,Mediocre,5
PC,Emperor: Rise of the Middle Kingdom Review,Good,7
PC,Farscape: The Game Review,Bad,3
PS2,Mobile Suit Gundam: Federation vs. Zeon Review,Good,7
PS2,Kingdom Hearts Review,Great,8
XBOX,Turok: Evolution Review,Good,7
PS2,Turok: Evolution Review,Good,7
PS,Super Shot Soccer Review,Fair,6
PC,Medieval: Total War Review,Great,8
PC,Golf Resort Tycoon II Review,Fair,6
PC,Cossacks: The Art of War Review,Good,7
PC,Syberia Review,Superb,9
PC,Cultures Review,Mediocre,5
PC,The Outforce Review,Good,7
PS,MLB 2003 Review,Good,7
PS2,Pac-Man Fever Review,Mediocre,5
XBOX,Sega Soccer Slam Review,Great,8
PC,Mafia Review,Superb,9
PC,Space HoRSE Review,Fair,6
PC,Cultures 2: Gates of Asgard Review,Good,7
XBOX,Sega GT 2002 Review,Great,8
PC,Mobile Forces Review,Good,7
PS2,Commandos 2: Men of Courage Review,Good,7
XBOX,Prisoner of War Review,Fair,6
XBOX,Gun Metal Review,Fair,6
PC,Prince of Qin Review,Fair,6
PC,Big Scale Racing Review,Fair,6
PS2,SOCOM: U.S. Navy SEALs Review,Great,8
XBOX,MLB Slugfest 2003 Review,Great,8
PC,Season Ticket Football 2003 Review,Abysmal,1
PC,The Thing Review,Good,7
PS2,Onimusha 2: Samurai's Destiny Review,Good,7
XBOX,Dead to Rights Review,Good,7
PC,Age of Sail II: Privateer's Bounty Review,Good,7
PC,Aliens vs. Predator 2 - Primal Hunt Review,Mediocre,5
PS2,NFL 2K3 Review,Superb,9
XBOX,Street Hoops Review,Poor,4
PS2,Madden NFL 2003 Review,Superb,9
PC,Suzuki Alstare Extreme Racing Review,Mediocre,5
PC,NASCAR Racing 4 Review,Superb,9
PC,FIFA 2001 Major League Soccer Review,Superb,9
XBOX,Mike Tyson Heavyweight Boxing Review,Terrible,2
PC,Ultima Online - The Second Age Review,Fair,6
PC,Shadow of Destiny Review,Good,7
PC,Rock Manager Review,Good,7
PC,Intellivision Lives! Review,Great,8
XBOX,Crazy Taxi 3 Review,Fair,6
PC,Age of Wonders II: The Wizard's Throne Review,Great,8
XBOX,Enclave Review,Fair,6
XBOX,NCAA Football 2003 Review,Great,8
PS2,The Mark of Kri Review,Good,7
PC,Operation Flashpoint: Resistance Review,Great,8
PC,Delta Force: Task Force Dagger Review,Poor,4
PC,Hero X Review,Bad,3
PS2,Gravity Games: Street Vert Dirt Review,Abysmal,1
PS2,Barbarian Review,Mediocre,5
PC,Warcraft III: Reign of Chaos Review,Superb,9
PC,Magic The Gathering Online Review,Good,7
PS2,Men in Black II: Alien Escape Review,Good,7
PS2,RedCard Soccer 2003 Review,Good,7
PS2,Global Touring Challenge: Africa Review,Mediocre,5
PS2,Stuntman Review,Great,8
PC,Neverwinter Nights Review,Superb,9
PC,The Worst Case Scenario Survival Trivia Challenge Review,Mediocre,5
PS2,MLB Slugfest 2003 Review,Great,8
PS2,Scooby-Doo: Night of 100 Frights Review,Good,7
PC,Operation Blockade Review,Bad,3
PS2,Endgame Review,Mediocre,5
PC,Uncommon Valor: Campaign for the South Pacific Review,Good,7
PS2,Way of the Samurai Review,Good,7
PC,Legion Review,Mediocre,5
XBOX,World Series Baseball Review,Good,7
PC,Zoo Tycoon: Dinosaur Digs Expansion Pack Review,Fair,6
XBOX,Legends of Wrestling Review,Mediocre,5
PS2,Medal of Honor Frontline Review,Superb,9
PC,Duke Nukem: Manhattan Project Review,Good,7
PC,Soldier of Fortune II: Double Helix Review,Great,8
PC,Grand Theft Auto III Review,Superb,9
PC,Crisis Team: Ambulance Driver Review,Abysmal,1
PC,The Elder Scrolls III: Morrowind Review,Great,8
PC,Dragon Throne: Battle of Red Cliffs review,Fair,6
PC,Flanker 2.5 Review,Great,8
PS2,World of Outlaws: Sprint Cars 2002 Review,Fair,6
PS2,2002 FIFA World Cup Review,Good,7
XBOX,ESPN MLS ExtraTime 2002 Review,Fair,6
XBOX,Spider-Man: The Movie Review,Good,7
PS2,Spider-Man: The Movie Review,Good,7
PC,Army Men: RTS Review,Good,7
PC,Dungeon Siege Review,Great,8
PS,Yu-Gi-Oh! Forbidden Memories Review,Mediocre,5
PC,Carnivores: Cityscape Review,Mediocre,5
PS,Hooters: Road Trip Review,Terrible,2
PS2,Deus Ex: The Conspiracy Review,Great,8
PC,Blood Omen 2 Review,Good,7
PC,Freedom Force Review,Superb,9
PS2,Blood Omen 2 Review (PlayStation 2) Review,Good,7
PS2,"Monsters, Inc. Review",Mediocre,5
PC,Diggles Review,Fair,6
XBOX,Gunvalkyrie Review,Fair,6
PS2,All-Star Baseball 2003 Review,Great,8
XBOX,Spy Hunter Review,Fair,6
XBOX,Tony Hawk's Pro Skater 3 Review,Superb,9
XBOX,Rallisport Challenge Review,Superb,9
PS2,Ecco the Dolphin: Defender of the Future Review,Good,7
PC,Command & Conquer Renegade Review,Good,7
PC,Hundred Swords Review,Good,7
PS2,State of Emergency Review,Great,8
PC,Beach Head 2002 Review,Poor,4
XBOX,WWF Raw Review,Fair,6
PS2,Grandia II Review,Good,7
PC,Betty Bad Review,Poor,4
PC,SimGolf Review,Great,8
PS2,Drakan: The Ancients' Gates Review,Good,7
PC,Demonworld: Dark Armies Review,Abysmal,1
XBOX,Genma Onimusha Review,Great,8
PS,Martian Gothic: Unification Review,Mediocre,5
PC,Darkened Skye Review,Good,7
PS,NASCAR Thunder 2002 Review,Mediocre,5
PC,Medal of Honor: Allied Assault Review,Superb,9
PC,Original War Review,Mediocre,5
PC,Alcatraz: Prison Escape Review,Abysmal,1
PS,Mega Man X6 Review,Good,7
PS2,NCAA March Madness 2002 Review,Good,7
XBOX,Batman: Vengeance Review,Good,7
PC,Deer Hunter 5: Tracking Trophies Review,Fair,6
PC,Combat Review,Fair,6
PC,Uplink Review,Good,7
PS2,Legend of Alon D'ar Review,Bad,3
PC,Gothic Review,Good,7
PC,Tetris Worlds Review,Bad,3
PC,Jumpgate Review,Great,8
PC,Larry Ragland 4x4 Challenge Review,Poor,4
PS2,Final Fantasy X Review,Superb,9
PS,Harry Potter and the Sorcerer's Stone Review,Poor,4
PS2,Harvest Moon: Save the Homeland Review,Great,8
PS2,Legends of Wrestling Review,Mediocre,5
PS2,Max Payne Review,Great,8
PS,Twisted Metal Small Brawl Review,Fair,6
PS2,Disney's Tarzan Untamed Review,Mediocre,5
PS2,Victorious Boxers Review,Great,8
PC,Harry Potter and the Sorcerer's Stone Review,Mediocre,5
PC,From Dusk Till Dawn Review,Mediocre,5
XBOX,Silent Hill 2: Restless Dreams Review,Good,7
PS2,Jak and Daxter: The Precursor Legacy Review,Great,8
PS2,The Simpsons Road Rage Review,Fair,6
PC,Wizardry 8 Review,Superb,9
PC,Codename: Outbreak Review,Mediocre,5
PS2,FIFA 2002 Review,Great,8
XBOX,Kabuki Warriors Review,Abysmal,1
PC,Return to Castle Wolfenstein Review,Superb,9
PS2,Baldur's Gate: Dark Alliance Review,Great,8
XBOX,Dave Mirra Freestyle BMX 2 Review,Good,7
PC,Tennis Masters Series Review,Mediocre,5
PC,Deadly Dozen Review,Good,7
PC,Motor City Online Review,Good,7
PS,Dragon Warrior VII Review,Good,7
PC,FIFA 2002 Review,Superb,9
XBOX,Cel Damage Review,Mediocre,5
PC,Asheron's Call: Dark Majesty Review,Great,8
PC,Conflict Zone Review,Poor,4
PS2,18 Wheeler: American Pro Trucker Review,Fair,6
PS2,Capcom vs. SNK 2: Mark of the Millennium Review,Great,8
XBOX,Shrek Review,Mediocre,5
PS2,WWF SmackDown! Just Bring It Review,Great,8
XBOX,AirForce Delta Storm Review,Fair,6
PS2,Soldier of Fortune Gold Review,Good,7
XBOX,4x4 EVO 2 Review,Poor,4
PS2,Half-Life Review,Great,8
PC,Tom Clancy's Ghost Recon Review,Good,7
PS2,Metal Gear Solid 2: Sons of Liberty Review,Superb,9
PC,Battle Realms Review,Great,8
XBOX,Oddworld: Munch's Oddysee Review,Good,7
XBOX,Dead or Alive 3 Review,Good,7
PC,Aliens Versus Predator 2 Review,Great,8
XBOX,Halo Review,Superb,9
PS2,Vampire Night Review,Great,8
PC,Ms. Pac-Man: Quest for the Golden Maze Review,Bad,3
PS2,SSX Tricky Review,Superb,9
PC,MechWarrior 4: Black Knight Review,Good,7
PC,Stronghold Review,Good,7
PS2,Soul Reaver 2 Review,Great,8
PS2,Tony Hawk's Pro Skater 3 Review,Essential,1
PC,Mat Hoffman's Pro BMX Review,Good,7
PC,Magic & Mayhem: The Art of Magic Review,Fair,6
PS2,Thunderstrike: Operation Phoenix Review,Good,7
PS,Castlevania Chronicles Review,Fair,6
PS2,Devil May Cry Review,Superb,9
PS,Spider-Man 2 Enter: Electro Review,Good,7
PS2,NASCAR Thunder 2002 Review,Great,8
PS2,Guilty Gear X Review,Good,7
PS,X-Men: Mutant Academy 2 Review,Great,8
PS,NBA ShootOut 2002 Review,Fair,6
PC,Command & Conquer Yuri's Revenge Review,Great,8
PC,Planet of the Apes Review,Bad,3
PS2,Arctic Thunder Review,Bad,3
PC,The Typing of the Dead Review,Good,7
PS2,Formula One 2001 Review,Good,7
PC,The Incredible Machine: Even More Contraptions Review,Good,7
PS,Sheep Raider Review,Mediocre,5
PS2,Okage: Shadow King Review,Good,7
PC,Commandos 2: Men of Courage Review,Great,8
PC,F/A-18 Precision Strike Fighter Review,Poor,4
PS2,Ico Review,Great,8
PS2,Silent Hill 2 Review,Good,7
PC,Spider-Man Review,Fair,6
PC,NHL 2002 Review,Superb,9
PC,Red Faction Review,Good,7
PC,WWF With Authority! Review,Good,7
PS2,Portal Runner Review,Fair,6
PS2,Stretch Panic Review,Good,7
PC,Sudden Strike Forever Review,Mediocre,5
PC,Operation Flashpoint: Cold War Crisis Review,Great,8
PC,Independence War 2: The Edge of Chaos Review,Great,8
PC,Madden NFL 2002 Review,Fair,6
PC,Arcanum: Of Steamworks and Magick Obscura Review,Good,7
PS2,Resident Evil Code: Veronica X Review,Superb,9
PC,The Settlers: Fourth Edition Review,Fair,6
PC,Majestic Review,Fair,6
PS2,ESPN X Games Skateboarding Review,Poor,4
PC,Divided Ground: Middle East Conflict Review,Fair,6
PC,Vietnam 2: Special Assignment Review,Bad,3
PC,Mega Man Legends Review,Bad,3
PS2,Mobile Suit Gundam: Journey to Jaburo Review,Fair,6
PS2,Klonoa 2: Lunatea's Veil Review,Great,8
PC,Max Payne Review,Superb,9
PS2,Extermination Review,Good,7
PC,The Sting! Review,Good,7
PC,Desperados: Wanted Dead or Alive Review,Fair,6
PS2,Le Mans 24 Hours Review,Great,8
PC,MechCommander 2 Review,Good,7
PS,Billiards Review,Bad,3
PS2,City Crisis Review,Fair,6
PC,Anachronox Review,Good,7
PS,Motocross Mania Review,Terrible,2
PC,Atari Anniversary Edition Review,Fair,6
PS2,Gran Turismo 3: A-Spec Review,Superb,9
PC,911 Fire Rescue Review,Mediocre,5
PS,Final Fantasy Chronicles Review,Great,8
PC,Starfleet Command: Orion Pirates Review,Good,7
PC,Zeus Official Expansion: Poseidon Review,Great,8
PS,Battle Hunter Review,Mediocre,5
PC,Diablo II: Lord of Destruction Review,Great,8
PC,Star Trek: Deep Space Nine: Dominion Wars Review,Fair,6
PC,Hot Wired Review,Poor,4
PC,Star Trek: Armada Review,Good,7
PS2,Bloody Roar 3 Review,Mediocre,5
PC,Resident Evil 3 Nemesis Review,Fair,6
PC,"Who Wants to Be a Millionaire, 3rd Edition Review",Poor,4
PC,Worms World Party Review,Good,7
PS2,NBA Street Review,Superb,9
PC,You Don't Know Jack: The Ride Review,Great,8
PC,Startopia Review,Great,8
PS2,Twisted Metal: Black Review,Superb,9
PC,Golf Resort Tycoon Review,Fair,6
PC,Train Simulator Review,Great,8
PC,Gangsters 2: Vendetta Review,Mediocre,5
PC,Leadfoot Review,Good,7
PC,Atlantis: The Lost Empire Review,Poor,4
PC,B-17 Gunner: Air War Over Germany Review,Bad,3
PS,World's Scariest Police Chases Review,Bad,3
PS,Dave Mirra Freestyle BMX: Maximum Remix Review,Mediocre,5
PC,Power Spike Pro Beach Volleyball Review,Fair,6
PC,Off-Road Redneck Racing Review,Good,7
PC,Pearl Harbor: Defend the Fleet Review,Bad,3
PS2,Red Faction Review,Great,8
PC,Gunlok Review,Fair,6
PS,Mat Hoffman's Pro BMX Review,Good,7
PC,Star Trek: Voyager Elite Force Expansion Pack Review,Fair,6
PC,Robot Arena Review,Bad,3
PC,Myst III: Exile Review,Great,8
PC,Rune: Halls of Valhalla Review,Mediocre,5
PS,Point Blank 3 Review,Great,8
PC,Kawasaki Fantasy Motocross Review,Terrible,2
PS2,Heroes of Might and Magic: Quest for the Dragon Bone Staff Review,Mediocre,5
PC,Tropico Review,Great,8
PS2,Super Bombad Racing Review,Fair,6
PC,WWII: Normandy Review,Poor,4
PS,High Heat Baseball 2002 Review,Mediocre,5
PS2,ESPN National Hockey Night Review,Bad,3
PC,"The $100,000 Pyramid Review",Fair,6
PC,Outlive Review,Mediocre,5
PC,Summoner Review,Good,7
PS,Disney's Aladdin in Nasira's Revenge Review,Fair,6
PS2,WinBack: Covert Operations Review,Good,7
PS2,Army Men: Air Attack 2 Review,Fair,6
PS2,Army Men: Green Rogue Review,Bad,3
PC,Ultima Online: Third Dawn Review,Fair,6
PC,Black & White Review,Superb,9
PS2,Zone of the Enders Review,Good,7
PC,Front Office Football 2001 Review,Good,7
PC,Serious Sam: The First Encounter Review,Great,8
PC,Star Fighter Review,Poor,4
PS2,Warriors of Might and Magic Review,Bad,3
PS,Crusaders of Might and Magic Review,Fair,6
PC,Fallout Tactics: Brotherhood of Steel Review,Great,8
PS2,Ring of Red Review,Good,7
PC,Dracula: The Last Sanctuary Review,Mediocre,5
PS2,The Bouncer Review,Fair,6
PC,Blade of Darkness Review,Good,7
PC,Mission: Humanity Review,Terrible,2
PC,Ducati World Racing Challenge Review,Mediocre,5
PS,Fear Effect 2: Retro Helix Review,Great,8
PC,Icewind Dale: Heart of Winter Review,Mediocre,5
PC,realMYST Review,Fair,6
PC,Clive Barker's Undying Review,Superb,9
PC,America Review,Poor,4
PS2,Star Wars Starfighter Review,Good,7
PC,MAD - Global Thermonuclear Warfare Review,Mediocre,5
PC,The Ward Review,Fair,6
PS,Darkstone Review,Fair,6
PC,Woody Woodpecker Racing Review,Bad,3
PS2,Rayman 2 Revolution Review,Superb,9
PC,Stupid Invaders Review,Fair,6
PC,SimCoaster Review,Fair,6
PS2,Oni Review,Good,7
PC,Carnivores: Ice Age Review,Mediocre,5
PS2,Driving Emotion Type-S Review,Good,7
PC,Dave Mirra Freestyle BMX Review,Fair,6
PC,Oni Review,Fair,6
PC,Seven Games of the Soul Review,Poor,4
PC,Fly! Review,Good,7
PS2,WDL: Thunder Tanks Review,Good,7
PS2,Kengo: Master of Bushido Review,Mediocre,5
PS,NASCAR 2001 Review,Good,7
PC,Microsoft Classic Board Games Review,Fair,6
PS,Lunar 2: Eternal Blue Review,Good,7
PC,Sudden Strike Review,Mediocre,5
PC,Project IGI: I'm Going In Review,Good,7
PC,Freedom: First Resistance Review,Bad,3
PS,The Grinch Review,Poor,4
PS,Colin McRae Rally 2.0 Review,Fair,6
PS2,Top Gear Dare Devil Review,Poor,4
PS,Harvest Moon: Back to Nature Review,Great,8
PS,EA Sports Supercross Review,Great,8
PS,Jungle Book Rhythm N'Groove Review,Poor,4
PC,Carmageddon 3: TDR 2000 Review,Mediocre,5
PS,NCAA March Madness 2001 Review,Great,8
PC,Jagged Alliance 2: Unfinished Business Review,Good,7
PC,Hoyle Board Games Review,Good,7
PC,X-Plane Review,Good,7
PC,EverQuest: The Scars of Velious Review,Great,8
PS,Evil Dead: Hail to the King Review,Poor,4
PC,American McGee's Alice Review,Good,7
PC,Chessmaster 8000 Review,Good,7
PC,Sheep Review,Fair,6
PS2,FIFA 2001 Review,Superb,9
PS,The Mummy Review,Mediocre,5
PC,You Don't Know Jack: 5th Dementia Review,Good,7
PS2,Super Bust-A-Move Review,Mediocre,5
PC,Hitman: Codename 47 Review,Mediocre,5
PS,The Emperor's New Groove Review,Good,7
PC,Space Empires: IV Review,Great,8
PC,Half-Life: Counter-Strike Review,Great,8
PC,Star Trek: Deep Space Nine: The Fallen Review,Good,7
PS,007 Racing Review,Mediocre,5
PS,Tomb Raider: The Last Revelation Review,Fair,6
PS,WWF SmackDown! 2: Know Your Role Review,Great,8
PC,JetFighter IV: Fortress America Review,Good,7
PS,The World Is Not Enough Review,Fair,6
PC,The Operative: No One Lives Forever Review,Superb,9
PC,Deer Hunter 3 Gold Review,Good,7
PC,Deer Hunter II Review,Mediocre,5
PC,Rainbow Six: Covert Ops Essentials Review,Mediocre,5
PC,Tom Clancy's Rainbow Six Review,Great,8
PC,Tom Clancy's Rainbow Six Mission Pack: Eagle Watch Review,Good,7
PC,Tom Clancy's Rainbow Six: Rogue Spear Review,Great,8
PC,Battlezone II: Combat Commander Review,Fair,6
PC,Command & Conquer: Covert Operations Review,Mediocre,5
PC,Command & Conquer Red Alert: Counterstrike Review,Fair,6
PC,Command & Conquer Gold Edition Review,Great,8
PC,Command & Conquer: Tiberian Sun: Firestorm Review,Good,7
PC,Command & Conquer Red Alert: The Aftermath Review,Great,8
PC,Command & Conquer: Sole Survivor Review,Fair,6
PC,Total Annihilation: Kingdoms - The Iron Plague Review,Good,7
PC,Total Annihilation: The Core Contingency Review,Great,8
PC,Total Annihilation: Battle Tactics Review,Fair,6
PC,Age of Empires: The Rise of Rome Review,Good,7
PC,Baldur's Gate: Tales of the Sword Coast Review,Great,8
PC,Unreal Tournament Review,Superb,9
PC,Unreal Mission Pack: Return to Na Pali Review,Mediocre,5
PC,Unreal Review,Great,8
PC,Starsiege: Tribes Review,Great,8
PC,Starsiege Review,Good,7
PC,Soldier of Fortune Review,Good,7
PC,Shogo: Mobile Armor Division Review,Great,8
PC,Quake II Mission Pack: Ground Zero Review,Good,7
PC,Quake Mission Pack: Dissolution of Eternity Review,Good,7
PC,Quake Mission Pack: Scourge of Armagon Review,Great,8
PC,Heretic: Shadow of the Serpent Riders Review,Good,7
PC,Heretic II Review,Great,8
PC,Duke It Out in D.C. Review,Good,7
PC,Duke Nukem 3D: Atomic Edition Review,Great,8
PC,Duke Nukem 3D Review,Great,8
PC,Drakan: Order of the Flame Review,Good,7
PC,Descent 3 Mercenary Review,Fair,6
PC,Descent II Review,Superb,9
PS2,Kessen Review,Good,7
PC,Sacrifice Review,Great,8
PS2,Gungriffon Blaze Review,Good,7
PS2,Surfing H3O Review,Poor,4
PS2,Summoner Review,Good,7
PS,Medal of Honor: Underground Review,Good,7
PS2,NHL 2001 Review,Great,8
PS2,Orphen Review,Fair,6
PC,Squad Leader Review,Bad,3
PS2,Dead or Alive 2: Hardcore Review,Great,8
PS2,MotoGP Review,Great,8
PS2,Fantavision Review,Fair,6
PS2,Dynasty Warriors 2 Review,Good,7
PC,Command & Conquer Red Alert 2 Review,Great,8
PS2,Q-Ball Billiards Master Review,Fair,6
PS2,Street Fighter EX3 Review,Good,7
PS2,Ridge Racer V Review,Good,7
PS2,Swing Away Golf Review,Great,8
PC,Battleship: Surface Thunder Review,Mediocre,5
PS2,Evergrace Review,Mediocre,5
PS2,TimeSplitters Review,Great,8
PS2,Unreal Tournament Review,Great,8
PS,Spyro: Year of the Dragon Review,Great,8
PS2,Armored Core 2 Review,Good,7
PS,Incredible Crisis Review,Good,7
PC,Frogger 2: Swampy's Revenge Review,Good,7
PS,Buzz Lightyear of Star Command Review,Poor,4
PS2,Midnight Club: Street Racing Review,Great,8
PC,Superbike 2001 Review,Superb,9
PC,Combat Flight Simulator 2: WWII Pacific Theater Review,Great,8
PS,Jarrett and Labonte Stock Car Racing Review,Great,8
PC,RollerCoaster Tycoon: Loopy Landscapes Review,Great,8
PS,Duke Nukem: Land of the Babes Review,Fair,6
PS2,Silpheed: The Lost Planet (Import) Review,Fair,6
PS2,The Mechsmith: Run=Dim (Import) Review,Poor,4
PS2,SSX Review,Superb,9
PS,Alien Resurrection Review,Poor,4
PC,Steel Beasts Review,Great,8
PC,NHL 2001 Review,Great,8
PC,Metal Gear Solid Review,Great,8
PS,NHL FaceOff 2001 Review,Mediocre,5
PC,Baldur's Gate II: Shadows of Amn Review,Superb,9
PS,Vampire Hunter D Review,Mediocre,5
PS,Dino Crisis 2 Review,Superb,9
PC,Crimson Skies Review,Good,7
PC,Sanity: Aiken's Artifact Review,Fair,6
PS2,Gekikuukan Pro Baseball: The End of the Century 1999 Review,Bad,3
PS,Tony Hawk's Pro Skater 2 Review,Superb,9
PC,The New Adventures of the Time Machine Review,Bad,3
PS2,TVDJ (Import) Review,Terrible,2
PS,Dragon Valor Review,Mediocre,5
PS,Team Buddies Review,Poor,4
PS,Danger Girl Review,Bad,3
PS2,0Story (Import) Review,Mediocre,5
PS,Persona 2: Eternal Punishment Review,Great,8
PS,Hogs of War Review,Mediocre,5
PC,Start-Up 2000 Review,Bad,3
PS,Rayman 2 Review,Great,8
PS,Valkyrie Profile (Import) Review,Good,7
PS,Bust A Groove 2 Review,Good,7
PS,Spider-Man Review,Good,7
PC,Age of Empires II: The Conquerors Review,Great,8
PS,Lego Rock Raiders Review,Bad,3
PS,RC Revenge Review,Good,7
PS2,Ephemeral Fantasia Review,Mediocre,5
PC,Incredible Machine: Contraptions Review,Great,8
PC,Submarine Titans Review,Mediocre,5
PS,Tenchu 2: Birth of the Stealth Assassins Review,Great,8
PC,Betrayal in Antara Review,Fair,6
PS,Action Bass Review,Mediocre,5
PC,Soulbringer Review,Fair,6
PC,Cleopatra Review,Good,7
PS,Strider 2 Review,Great,8
PC,KISS: Psycho Circus Review,Fair,6
PC,Bang! Gunship Elite Review,Fair,6
PC,BeachHead 2000 Review,Bad,3
PC,Angel Devoid Review,Fair,6
PC,Star Trek ConQuest Online Review,Good,7
PS,Final Fantasy IX Review,Great,8
PC,Terminus Review,Fair,6
PS,Armorines Review,Terrible,2
PC,Beyond Atlantis Review,Mediocre,5
PS2,Hresvelgr Import Review,Bad,3
PC,F1 World Grand Prix Review,Fair,6
PC,Caesars Palace 2000 Review,Poor,4
PS,X-Men: Mutant Academy Review,Fair,6
PC,Earthworm Jim 3D Review,Bad,3
PC,Diablo II Review,Great,8
PC,Icewind Dale Review,Great,8
PS,Rampage Through Time Review,Poor,4
PC,Combat Mission: Beyond Overlord Review,Superb,9
PS,Digimon World Review,Mediocre,5
PC,Deus Ex Review,Great,8
PC,The Longest Journey Review,Superb,9
PC,Bust-A-Move 4 Review,Fair,6
PS,Iron Soldier 3 Review,Poor,4
PS,Breath of Fire IV Review,Good,7
PC,Earth 2150 Review,Great,8
PC,Shogun: Total War Review,Great,8
PC,Trophy Bass 4 Review,Great,8
PC,Ground Control Review,Great,8
PS,Persona 2: Innocent Sin Import Review,Superb,9
PC,Age of Wonders Review,Great,8
PS,Covert Ops: Nuclear Dawn Review,Mediocre,5
PC,MDK2 Review,Good,7
PC,Vampire: The Masquerade - Redemption Review,Fair,6
PC,Evolva Review,Good,7
PS,Legend of Mana Review,Good,7
PC,PGA Championship Golf 2000 Review,Great,8
PS,Kurt Warner's Arena Football Unleashed - Review,Mediocre,5
PS,Samurai Shodown: Warrior's Rage Review,Bad,3
PC,Traitors Gate Review,Good,7
PC,Daikatana Review,Poor,4
PS,Gekido Review,Good,7
PC,Imperium Galactica II Review,Great,8
PS,Nightmare Creatures 2 Review,Mediocre,5
PS,Street Fighter EX2 Plus Review,Good,7
PS,MediEvil II Review,Good,7
PC,Who Wants To Be A Millionaire Review,Fair,6
PC,SimTheme Park Review,Great,8
PC,Rising Sun Review,Great,8
PC,Normality Review,Good,7
PC,NHL Championship 2000 Review,Great,8
PC,NHL 2000 Review,Superb,9
PC,NASCAR Revolution Review,Poor,4
PC,Mortyr 2093 - 1944 Review,Bad,3
PC,Messiah Review,Fair,6
PC,Majesty: The Fantasy Kingdom Sim Review,Great,8
PC,Asheron's Call Review,Great,8
PC,The 11th Hour Review,Mediocre,5
PC,Settlers III Review,Fair,6
PC,Septerra Core: Legacy of the Creator Review,Fair,6
PC,Revenant Review,Good,7
PS,Front Mission 3 Review,Great,8
PS,Armored Core Review,Great,8
PC,Spaceward Ho! IV Review,Fair,6
PC,Sea Legends Review,Great,8
PC,Ripper Review,Bad,3
PC,The Riddle of Master Lu Review,Mediocre,5
PC,ATF NATO Fighters Review,Good,7
PC,Assassin 2015 Review,Mediocre,5
PS,Test Drive Le Mans Review,Fair,6
PS,Guitar Freaks Append 2nd Mix (Import) Review,Superb,9
PS,Wild Arms 2 Review,Mediocre,5
PS,"Misadventures of Tron Bonne, The Review",Good,7
PC,Rogue Spear Mission Pack: Urban Operations Review,Good,7
PC,Tachyon: The Fringe Review,Good,7
PC,StarLancer Review,Good,7
PC,Allegiance Review,Great,8
PC,EverQuest: The Ruins of Kunark Review,Great,8
PC,Heroes of Might and Magic III: The Shadow of Death Review,Good,7
PC,Championship Bass Review,Fair,6
PS,Street Fighter Alpha 3 Review,Great,8
PS,Rally Cross 2 Review,Good,7
PS,Ehrgeiz Review,Mediocre,5
PS,Silent Bomber Review,Great,8
PS,WCW Mayhem Review,Good,7
PS,Guitar Freaks (Import) Review,Great,8
PS,Broken Sword II Review,Fair,6
PS,Brave Fencer Musashi Review,Good,7
PC,Settlers II Review,Good,7
PC,Sentinel Returns Review,Great,8
PC,Sentient Review,Mediocre,5
PC,Semper Fi Review,Fair,6
PC,Sega Touring Car Championship Review,Poor,4
PC,Sega Rally Championship Review,Mediocre,5
PC,Fighter Squadron: The Screamin' Demons over Europe Review,Good,7
PC,Scud: Industrial Evolution Review,Poor,4
PC,Screamer Review,Good,7
PC,Scorched Planet Review,Great,8
PC,Scorcher Review,Good,7
PC,S.C.A.R.S. Review,Good,7
PC,Scarab Review,Good,7
PC,Savage Review,Poor,4
PC,Sanitarium Review,Great,8
PC,Sanctum Review,Good,7
PC,Sabre Ace: Conflict Over Korea Review,Poor,4
PC,Roberta Williams Anthology Review,Fair,6
PC,Tom Clancy's ruthless.com Review,Fair,6
PC,Railroad Tycoon II - The Second Century Review,Great,8
PC,Rollcage Review,Good,7
PC,Star Wars: Rogue Squadron 3D Review,Great,8
PC,Rocket Jockey Review,Good,7
PC,Robert E. Lee: Civil War General Review,Great,8
PC,Road Rash Win 95 Review,Fair,6
PC,Road Warrior Review,Fair,6
PC,"Warhammer 40,000: Rites of War Review",Mediocre,5
PC,Risk Review,Great,8
PC,The Rise and Rule of Ancient Empires Review,Fair,6
PC,Rex Blade: The Battle Begins Review,Poor,4
PC,Revenge of Arcade Review,Mediocre,5
PC,Return to Krondor Review,Good,7
PC,Return Fire Review,Poor,4
PC,Microsoft Return of Arcade Review,Fair,6
PC,Return Fire 2 Review,Great,8
PC,Resident Evil 2 Review,Good,7
PC,Requiem: Avenging Angel Review,Good,7
PC,Third Reich Review,Terrible,2
PC,Redline Racer Review,Fair,6
PC,Redjack: Revenge of the Brethren Review,Fair,6
PC,The Elder Scrolls Adventures: Redguard Review,Great,8
PC,Red Baron 3D Review,Superb,9
PC,Red Baron II Review,Good,7
PC,Redneck Rampage Rides Again Review,Good,7
PC,Recoil Review,Fair,6
PC,Rebel Assault II Review,Good,7
PC,Realms of the Haunting Review,Great,8
PC,Reah Review,Poor,4
PC,Rayman Forever Review,Fair,6
PC,Rayman 2: The Great Escape Review,Superb,9
PC,Ravage D.C.X. Review,Mediocre,5
PC,F-22 Raptor  Review,Fair,6
PC,Rama Review,Fair,6
PC,Pray for Death Review,Mediocre,5
PC,Powerslide Review,Good,7
PC,Powerslave Review,Mediocre,5
PC,Power F1 Review,Fair,6
PC,Need for Speed: Porsche Unleashed Review,Great,8
PC,Virtual Pool Hall Review,Great,8
PC,Tom Clancy's Politika Review,Poor,4
PC,Plane Crazy Review,Mediocre,5
PC,Pinball Builder: A Construction Kit for Windows Review,Fair,6
PC,VR Sports Powerboat Racing Review,Poor,4
PC,PBA Bowling Review,Fair,6
PC,Pax Imperia: Eminent Domain Review,Fair,6
PC,Panzer Commander Review,Fair,6
PC,Panzer General II Review,Great,8
PC,Panzer Elite Review,Great,8
PC,The Pandora Directive Review,Good,7
PC,Pandora's Box Review,Good,7
PC,Pacific General Review,Good,7
PC,Over the Reich Review,Fair,6
PC,Tex Murphy: Overseer Review,Fair,6
PC,Outwars Review,Good,7
PC,Outpost 2: Divided Destiny Review,Mediocre,5
PC,Outburst Review,Mediocre,5
PC,NHL Open Ice 2 on 2 Challenge Review,Good,7
PC,"The Operational Art of War, Vol. 1 Review",Superb,9
PC,The Operational Art of War II: Modern Battles 1956 - 2000 Review,Great,8
PC,Of Light and Darkness Review,Fair,6
PC,Official Formula 1 Racing Review,Fair,6
PC,Offensive Review,Bad,3
PC,O.D.T. Review,Poor,4
PC,Odium Review,Mediocre,5
PC,Oddworld: Abe's Oddysee Review,Great,8
PC,Obsidian Review,Great,8
PS,Zill O'll (Import) Review,Poor,4
PS,Zero Divide 2 (Import) Review,Mediocre,5
PS,X Games Pro Boarder Review,Great,8
PS,Xevious 3D/G+ Review,Fair,6
PS,WWF In Your House Review,Mediocre,5
PS,Worms Armageddon Review,Good,7
PS,Monaco Grand Prix Review,Good,7
PS,World Cup 98 Review,Great,8
PS,Wing Commander IV Review,Great,8
PS,WCW vs. The World Review,Fair,6
PS,WCW Nitro Review,Fair,6
PS,Warpath: Jurassic Park Review,Poor,4
PS,Warhammer: Shadow of the Horned Rat  Review,Bad,3
PS,WarGames: Defcon 1 Review,Good,7
PS,WarCraft II: The Dark Saga Review,Good,7
PS,VR Soccer '96 Review,Mediocre,5
PS,VR Golf '97 Review,Mediocre,5
PS,VR Baseball 99 Review,Mediocre,5
PS,VR Baseball 97 Review,Bad,3
PS,V-Rally 2: Presented by Need For Speed Review,Good,7
PS,Virtual Pool Review,Good,7
PS,Vigilante 8 Review,Great,8
PS,vib-ribbon (Import) Review,Good,7
PS,Uprising X Review,Fair,6
PS,"Unholy War, The Review",Good,7
PS,Umihara Kawase: Shun - Second Edition (Import) Review,Good,7
PS,Ultraman Fighting Evolution (Import) Review,Mediocre,5
PS,Turbo Prop Racing Review,Poor,4
PS,Tunnel B1 Review,Poor,4
PS,Triple Play 2001 Review,Great,8
PS,Triple Play 97 Review,Great,8
PS,Triple Play 99 Review,Good,7
PS,Triple Play 98 Review,Good,7
PS,International Track and Field 2000 Review,Fair,6
PS,Toukon Retsuden 3 (Import) Review,Fair,6
PS,Toukon Retsuden 2 (Import) Review,Good,7
PS,Toshinden Subaru (Import) Review,Bad,3
PS,Toshinden Kids (Nitoshinden) (Import) Review,Terrible,2
PS,Battle Arena Toshinden 3 Review,Good,7
PS,Tokyo Highway Battle Review,Bad,3
PS,Tobal No. 1 Review,Good,7
PS,TNN Motor Sports Hardcore 4x4 Review,Fair,6
PS,TimeShock! Pro-Pinball Review,Fair,6
PS,Tigershark Review,Mediocre,5
PS,CyberTiger Review,Mediocre,5
PS,Thunder Force V Review,Great,8
PS,Thrasher: Skate and Destroy Review,Great,8
PS,Thunder Truck Rally Review,Mediocre,5
PS,Theme Hospital Review,Good,7
PS,"Final Round, The Review",Mediocre,5
PS,Test Drive 5 Review,Fair,6
PS,Test Drive 4 Review,Mediocre,5
PS,Test Drive Off-Road Review,Fair,6
PS,Ten Pin Alley Review,Good,7
PS,Tennis Arena Review,Mediocre,5
PS,Tenchu: Shinobi Hyakusen (Import) Review,Mediocre,5
PS,Tekken 2 Review,Superb,9
PS,Team Losi RC Racer Review,Poor,4
PS,Tail of the Sun Review,Poor,4
PS,Tail Concerto Review,Fair,6
PS,Tactics Ogre Review,Good,7
PS,Syphon Filter 2 Review,Fair,6
PS,Syndicate Wars Review,Mediocre,5
PS,Supercross 2000 Review,Poor,4
PS,Superbike 2000 Review,Bad,3
PS,Street Fighter Alpha 2 Review,Good,7
PS,Street Sk8er Review,Poor,4
PS,Street Racer Review,Mediocre,5
PS,Steel Harbinger Review,Good,7
PS,Starwinder Review,Poor,4
PS,Star Gladiator Review,Good,7
PS,South Park Rally Review,Bad,3
PS,Sports Car GT Review,Bad,3
PS,Speed Power Gunbike (Import) Review,Fair,6
PS,Speed Racer Review,Poor,4
PS,Space Invaders Review,Bad,3
PS,Soviet Strike Review,Mediocre,5
PS,South Park Review,Abysmal,1
PS,Soul Blade Review,Great,8
PS,Soukaigi (Import) Review,Mediocre,5
PS,Sammy Sosa's Softball Slam  Review,Bad,3
PS,Smash Court 2 (Import) Review,Great,8
PS,Small Soldiers Review,Poor,4
PS,Sled Storm Review,Great,8
PS,Silhouette Mirage Review,Poor,4
PS,Shipwreckers! Review,Fair,6
PS,Shadow Madness Review,Poor,4
PS,Shanghai: True Valor Review,Mediocre,5
PS,Shadow Tower Review,Bad,3
PS,Shadow Man Review,Poor,4
PS,Shadow Master Review,Good,7
PS,Street Fighter Collection 2 Review,Good,7
PS,Sentinel Returns Review,Good,7
PS,Sentient Review,Good,7
PS,Scrabble Review,Mediocre,5
PS,San Francisco Rush Review,Bad,3
PS,Samurai Shodown III Review,Fair,6
PS,Rush Hour Review,Fair,6
PS,Rushdown Review,Terrible,2
PS,Running Wild Review,Fair,6
PS,Rugrats: Search for Reptar Review,Fair,6
PS,R-Type Delta Review,Great,8
PS,Romance of the Three Kingdoms VI: Awakening of the Dragon Review,Fair,6
PS,Rollaway Review,Good,7
PS,NHL Rock the Rink Review,Great,8
PS,Robotron X Review,Good,7
PS,Road Rash 3D Review,Good,7
PS,Shiritsu Justice Gakuen Nekketsu Seisyun Nikki 2 (Import) Review,Good,7
PS,Rival Schools: United By Fate Review,Good,7
PS,Rising Zan: The Samurai Gunman Review,Fair,6
PS,Resident Evil: Director's Cut Review,Fair,6
PS,Reloaded Review,Bad,3
PS,Red Asphalt Review,Fair,6
PS,Rebel Assault II Review,Poor,4
PS,Ridge Racer Revolution Review,Mediocre,5
PS,RC Stunt Copter Review,Good,7
PS,Ray Tracers Review,Mediocre,5
PS,Rally Cross Review,Good,7
PS,Rakugaki Showtime (Import) Review,Good,7
PS,Rainbow Six Review,Bad,3
PS,Railroad Tycoon II Review,Good,7
PS,Super Puzzle Fighter II Turbo Review,Good,7
PS,Psychic Force 2 (Import) Review,Fair,6
PS,Psybadek Review,Mediocre,5
PS,Project: Horned Owl Review,Mediocre,5
PS,Project Overkill Review,Poor,4
PS,Pro 18: World Tour Golf Review,Poor,4
PS,Power Rangers Zeo Full Tilt Battle Pinball Review,Mediocre,5
PS,Powermove Pro Wrestling Review,Fair,6
PS,Porsche Challenge Review,Mediocre,5
PS,Populous: The Beginning Review,Poor,4
PS,Ultimate 8 Ball Review,Fair,6
PS,Pool Hustler Review,Fair,6
PS,Point Blank Review,Good,7
PS,Pitfall 3D: Beyond the Jungle Review,Good,7
PS,Pitball Review,Good,7
PS,Star Wars: Episode I The Phantom Menace Review,Poor,4
PS,Peak Performance Review,Fair,6
PS,VR Sports Powerboat Racing Review,Terrible,2
PS,Pandemonium Review,Mediocre,5
PS,Pandemonium 2 Review,Good,7
PS,Pac-Man World Review,Good,7
PS,Ogre Battle: Limited Edition Review,Good,7
PS,Nuclear Strike Review,Mediocre,5
PS,NHL Powerplay '96 Review,Mediocre,5
PS,NHL Powerplay '98 Review,Mediocre,5
PS,NHL Open Ice Review,Good,7
PS,NHL FaceOff '97 Review,Good,7
PS,NHL FaceOff 99 Review,Mediocre,5
PS,NHL FaceOff 98 Review,Mediocre,5
PS,NHL Championship 2000 Review,Good,7
PS,NHL Breakaway 98 Review,Good,7
PS,NHL 2000 Review,Superb,9
PS,Nightmare Creatures Review,Mediocre,5
PS,NFL Quarterback Club 97 Review,Mediocre,5
PS,NFL Gameday '97 Review,Great,8
PS,NFL Blitz Review,Great,8
PS,"Next Tetris, The Review",Good,7
PS,Newman/Haas Racing Review,Good,7
PS,Nectaris: Military Madness Review,Good,7
PS,NCAA March Madness 2000 Review,Great,8
PS,NCAA GameBreaker 2000 Review,Great,8
PS,NCAA Gamebreaker 99 Review,Great,8
PS,NCAA Gamebreaker Review,Mediocre,5
PS,NCAA Basketball Final Four 97 Review,Fair,6
PS,NCAA Football 99 Review,Good,7
PS,NCAA Football 98 Review,Good,7
PS,NCAA Final Four 2000 Review,Good,7
PS,NBA In The Zone '99 Review,Poor,4
PS,NBA In The Zone 2 Review,Good,7
PS,NBA Shootout 2000 Review,Great,8
PS,NBA ShootOut 98 Review,Poor,4
PS,NBA Shootout '97 Review,Good,7
PS,NBA Live 98 Review,Good,7
PS,NBA Live 97 Review,Great,8
PS,NBA Jam Extreme Review,Fair,6
PS,NBA In The Zone '98 Review,Mediocre,5
PS,NBA Hangtime Review,Mediocre,5
PS,NBA Fastbreak '98 Review,Good,7
PS,NASCAR Rumble Review,Fair,6
PS,NASCAR Racing Review,Great,8
PS,NASCAR 99 Review,Fair,6
PS,NASCAR 98 Review,Good,7
PS,NASCAR 2000 Review,Good,7
PS,Namco Museum Volume 4 Review,Poor,4
PS,Namco Museum Volume 3 Review,Mediocre,5
PS,Namco Museum Volume 2 Review,Good,7
PS,Namco Museum Volume 1 Review,Fair,6
PS,Nagano Winter Olympics '98 Review,Bad,3
PS,MTV Music Generator Review,Good,7
PS,MTV Sports: Snowboarding Review,Great,8
PS,Mobile Suit Z-Gundam (Import) Review,Poor,4
PS,No One Can Stop Mr. Domino! Review,Fair,6
PS,WCW/NWO Thunder Review,Mediocre,5
PS,Motor Toon Grand Prix Review,Good,7
PS,Moto Racer Review,Good,7
PS,Monster Rancher Review,Great,8
PS,Monopoly Review,Poor,4
PS,Monkey Hero Review,Bad,3
PS,MLB Pennant Race Review,Good,7
PS,MLB 2000 Review,Great,8
PS,Mortal Kombat Trilogy Review,Great,8
PS,Mortal Kombat Mythologies: Sub-Zero Review,Good,7
PS,Missile Command Review,Poor,4
PS,Midnight Run (Import) Review,Terrible,2
PS,Micro Machines V3 Review,Mediocre,5
PS,Mega Man Legends Review,Good,7
PS,Rockman Battle & Chase (Import) Review,Good,7
PS,MediEvil Review,Great,8
PS,MechWarrior 2 Review,Fair,6
PS,Jeremy McGrath Supercross '98 Review,Mediocre,5
PS,Master of Monsters Review,Poor,4
PS,Maximum Force Review,Poor,4
PS,Mass Destruction Review,Good,7
PS,Marvel Super Heroes Review,Mediocre,5
PS,NCAA March Madness '98 Review,Fair,6
PS,NCAA March Madness 99 Review,Fair,6
PS,Magical Drop F (Import) Review,Good,7
PS,Madden NFL 97 Review,Good,7
PS,Madden NFL 99 Review,Great,8
PS,Madden NFL 98 Review,Great,8
PS,Madden NFL 2000 Review,Superb,9
PS,Macross Digital Mission VF-X (Import) Review,Poor,4
PS,Machine Head Review,Poor,4
PS,Machine Hunter Review,Poor,4
PS,Lunar: Silver Star Story Complete Review,Good,7
PS,Libero Grande (Import) Review,Great,8
PS,Blood Omen: Legacy of Kain Review,Good,7
PS,Professional Underground League of Pain Review,Poor,4
PS,Future Cop: L.A.P.D. Review,Good,7
PS,Konami Arcade Classics Review,Good,7
PS,KO the Live Boxing (Import) Review,Terrible,2
PS,Knockout Kings Review,Good,7
PS,Knockout Kings 2000 Review,Good,7
PS,King's Field Review,Fair,6
PS,King Of Fighters 95 Review,Mediocre,5
PS,K-1 Revenge Review,Mediocre,5
PS,Jumping Flash! 2 Review,Good,7
PS,Robbit Mon Dieu (Import) Review,Mediocre,5
PS,Judge Dredd Review,Terrible,2
PS,Jet Moto 3 Review,Good,7
PS,Jet Moto 2 Review,Great,8
PS,Jersey Devil Review,Mediocre,5
PS,Irritating Stick Review,Bad,3
PS,Iron Man / X-O Manowar in Heavy Metal Review,Mediocre,5
PS,Invasion From Beyond Review,Good,7
PS,Intellivision Game Classics Review,Poor,4
PS,Impact Racing Review,Good,7
PS,Incredible Hulk: The Pantheon Saga Review,Terrible,2
PS,Hot Shots Golf 2 Review,Great,8
PS,Hot Shots Golf Review,Great,8
PS,You Don't Know Jack Review,Good,7
PS,Xena: Warrior Princess Review,Poor,4
PS,WWF War Zone Review,Great,8
PS,Warzone 2100 Review,Fair,6
PS,Vandal Hearts II Review,Good,7
PS,Vigilante 8: Second Offense Review,Good,7
PS,Trick'N Snowboarder Review,Fair,6
PS,Trap Gunner Review,Good,7
PS,T.R.A.G. Review,Mediocre,5
PS,Triple Play 2000 Review,Good,7
PS,Tomba! Review,Great,8
PS,Tomba! 2 Review,Great,8
PS,TOCA Touring Car Championship Review,Good,7
PS,TOCA 2 Touring Car Challenge Review,Mediocre,5
PS,Tiger Woods 99 PGA Tour Golf Review,Good,7
PS,Test Drive: Off-Road 3 Review,Poor,4
PS,Test Drive: Off-Road 2 Review,Fair,6
PS,Test Drive 6 Review,Mediocre,5
PS,Tarzan Review,Good,7
PS,T'ai Fu: Wrath of the Tiger Review,Fair,6
PS,Streak Review,Mediocre,5
PS,NHL Blades of Steel 2000 Review,Bad,3
PS,Steel Reign Review,Good,7
PS,Spawn the Eternal Review,Abysmal,1
PS,Spider: The Video Game Review,Good,7
PS,Soul of the Samurai Review,Mediocre,5
PS,S.C.A.R.S. Review,Good,7
PS,Army Men: Sarge's Heroes Review,Bad,3
PS,SaGa Frontier II Review,Fair,6
PS,Rampage 2: Universal Tour Review,Poor,4
PS,Ready 2 Rumble Boxing Review,Good,7
PS,Road Rash: Jailbreak Review,Good,7
PS,Rosco McQueen: Firefighter Extreme Review,Mediocre,5
PS,Riven: The Sequel to Myst Review,Mediocre,5
PS,Risk Review,Good,7
PS,Ridge Racer Type 4 Review,Great,8
PS,Re-Volt Review,Poor,4
PS,ReBoot Review,Poor,4
PS,Rat Attack Review,Terrible,2
PS,Rascal Review,Poor,4
PS,Quake II Review,Good,7
PS,Q*Bert Review,Bad,3
PS,Poy Poy Review,Mediocre,5
PS,Pong Review,Poor,4
PS,PGA Tour 97 Review,Mediocre,5
PS,One Review,Good,7
PS,Or Die Trying (O.D.T.) Review,Mediocre,5
PS,No Fear Downhill Mountain Biking Review,Mediocre,5
PS,NHL 99 Review,Great,8
PS,Ninja: Shadow  of Darkness Review,Mediocre,5
PS,NHL 98 Review,Good,7
PS,NHL 97 Review,Good,7
PS,Need For Speed: High Stakes Review,Great,8
PS,Need for Speed: Porsche Unleashed Review,Mediocre,5
PS,Need For Speed II Review,Good,7
PS,NFL Xtreme 2 Review,Bad,3
PS,Need for Speed III: Hot Pursuit Review,Great,8
PS,N2O: Nitrous Oxide Review,Poor,4
PS,Myst Review,Fair,6
PS,Marvel Super Heroes vs. Street Fighter Review,Mediocre,5
PS,Monster Rancher 2 Review,Great,8
PS,MLB 99 Review,Fair,6
PS,MLB '98 Review,Fair,6
PS,Killer Loop Review,Fair,6
PS,South Park: Chef's Luv Shack Review,Bad,3
PS,Bugs Bunny: Lost in Time Review,Good,7
PS,Adventures of Lomax Review,Good,7
PS,Alexi Lalas International Soccer Review,Bad,3
PS,Planet Laika (Import) Review,Fair,6
PS,Kensei: Sacred Fist Review,Poor,4
PS,K1 The Arena Fighters Review,Mediocre,5
PS,Juggernaut Review,Poor,4
PS,Jojo's Bizarre Adventure Review,Great,8
PS,Jade Cocoon: Story of Tamamayu Review,Good,7
PS,Intelligent Qube Review,Fair,6
PS,Independence Day Review,Mediocre,5
PS,Hydro Thunder Review,Fair,6
PC,ZPC Review,Bad,3
PC,Zork Nemesis Review,Good,7
PC,Zork Grand Inquisitor Review,Great,8
PC,Zoop Review,Good,7
PC,Zone Raiders Review,Fair,6
PC,You Don't Know Jack Review,Superb,9
PC,Yoot Tower Review,Poor,4
PC,Yoda Stories Review,Poor,4
PC,You Don't Know Jack Volume 3 Review,Great,8
PC,You Don't Know Jack Volume 2 Review,Superb,9
PC,Y2K: The Game Review,Fair,6
PC,Extreme Winter Sports Review,Terrible,2
PC,X-Wing Collector Series Review,Great,8
PC,X-Wing vs. TIE Fighter Review,Good,7
PC,X-Wing vs. TIE Fighter: Balance of Power Review,Great,8
PC,XS Review,Poor,4
PC,X-Men: The Ravages of Apocalypse Review,Poor,4
PC,The X-Files Game Review,Mediocre,5
PC,X-COM: UFO Defense Review,Superb,9
PC,X-COM: Terror From the Deep Review,Good,7
PC,X-COM: Interceptor Review,Good,7
PC,XCar: Experimental Racing Review,Fair,6
PC,Extreme Boards & Blades Review,Mediocre,5
PC,WWF In Your House Review,Mediocre,5
PC,WWII Fighters Review,Superb,9
PC,Nations: WWII Fighter Command Review,Mediocre,5
PC,Wall Street Trader 2000 Review,Good,7
PC,World Cup 98 Review,Great,8
PC,Worms 2 Review,Great,8
PC,Smart Games Word Puzzles Review,Fair,6
PC,Hoyle Word Games Review,Good,7
PC,Wooden Ships & Iron Men Review,Fair,6
PC,Wipeout XL Review,Good,7
PC,Witchaven Review,Mediocre,5
PC,Wing Commander IV: The Price of Freedom Review,Great,8
PC,Wild Wild West: The Steel Assassin Review,Mediocre,5
PC,Wheel of Fortune Review,Mediocre,5
PC,Wetrix Review,Fair,6
PC,West Front Review,Great,8
PC,Warcraft II: Beyond the Dark Portal Review,Superb,9
PC,Waterworld Review,Poor,4
PC,War Wind II: Human Onslaught Review,Great,8
PC,War Wind Review,Great,8
PC,Warlords III: Reign of Heroes Review,Great,8
PC,Warlords III: Darklords Rising Review,Great,8
PC,War Inc. Review,Mediocre,5
PC,WarGods Review,Mediocre,5
PC,Wargasm Review,Good,7
PC,WarGames Review,Good,7
PC,Warcraft II: Tides of Darkness Review,Superb,9
PC,The War College Review,Poor,4
PC,WarBreeds Review,Fair,6
PC,WarBirds Review,Great,8
PC,Wages of War: The Business of Battle Review,Great,8
PC,Warcraft II: Battle.net Edition Review,Great,8
PC,Virtual Snooker Review,Good,7
PC,VR Soccer Review,Fair,6
PC,VR Baseball - Hardware Accelerated Review,Fair,6
PC,VR Baseball 2000 Review,Good,7
PC,Virus: The Game Review,Terrible,2
PC,Virtua Squad Review,Good,7
PC,Virtua Squad 2 Review,Good,7
PC,Virtual Pool Review,Good,7
PC,Virtual On Cybertroopers Review,Mediocre,5
PC,Virtual Jigsaw: MasterPieces Edition Review,Fair,6
PC,Virtual Pool 2 Review,Good,7
PC,Vigilance Review,Mediocre,5
PC,Versailles 1685 Review,Fair,6
PC,Vangers: One for the Road Review,Poor,4
PC,U.S. Navy Fighters '97 Review,Good,7
PC,USCF Chess Review,Mediocre,5
PC,Urban Assault Review,Fair,6
PC,Uprising Review,Good,7
PC,Uprising 2: Lead and Destroy Review,Good,7
PC,USAF Review,Great,8
PC,Unnecessary Roughness '96 Review,Good,7
PC,Ungaria Review,Mediocre,5
PC,Descent to Undermountain Review,Bad,3
PC,UltraCorps Review,Great,8
PC,Ultim@te Race Pro Review,Good,7
PC,The Ultimate RPG Archives Review,Good,7
PC,Ultima Collection Review,Good,7
PC,Tzar: The Burden of the Crown Review,Fair,6
PC,Twisted Metal 2 Review,Fair,6
PC,Twinsen's Odyssey Review,Great,8
PC,Turok: Dinosaur Hunter Review,Good,7
PC,Front Page Sports: Trophy Rivers Review,Fair,6
PC,Triple Play 99 Review,Great,8
PC,Triple Play 98 Review,Great,8
PC,Triple Play 97 Review,Superb,9
PC,Tribal Rage Review,Bad,3
PC,TrickStyle Review,Fair,6
PC,Treasure Quest Review,Bad,3
PC,Tracer Review,Fair,6
PC,Triple Play 2001 Review,Poor,4
PC,Triple Play 2000 Review,Good,7
PC,Total Pinball 3D Review,Mediocre,5
PC,Total Mayhem Review,Good,7
PC,Total Distortion Review,Fair,6
PC,Total Control Football Review,Mediocre,5
PC,Torin's Passage Review,Good,7
PC,Top Gun: Hornet's Nest Review,Bad,3
PC,Top Gun: Fire at Will Review,Bad,3
PC,Tony La Russa Baseball 3: 1996 Edition Review,Great,8
PC,Toy Story Review,Fair,6
PC,The Tone Rebellion Review,Great,8
PC,Tomb Raider Review,Great,8
PC,Tomb Raider III Review,Fair,6
PC,Touring Car Challenge Review,Great,8
PC,Star Trek: The Next Generation - Birth of the Federation Review,Good,7
PC,Total Knockout Review,Poor,4
PC,Titanic: Adventure out of Time Review,Fair,6
PC,Pro Pinball: Timeshock! Review,Great,8
PC,Timelapse Review,Good,7
PC,Tiger Woods 99 Review,Good,7
PC,Tiger Woods PGA Tour 2000 Review,Good,7
PC,TIE Fighter: Collector's CD-ROM Review,Great,8
PC,Thunderscape Review,Good,7
PC,Test Drive 5 Review,Fair,6
PC,The Dame Was Loaded Review,Fair,6
PC,Test Drive: Off-Road Review,Fair,6
PC,Test Drive 6 Review,Poor,4
PC,Terra Nova Review,Superb,9
PC,Terracide Review,Fair,6
PC,Terminal Velocity Review,Fair,6
PC,Temujin: The Capricorn Collection Review,Mediocre,5
PC,Team Apache Review,Good,7
PC,Test Drive: Off-Road 3 Review,Fair,6
PC,Test Drive: Off-Road 2 Review,Poor,4
PC,Thunder Brigade Review,Mediocre,5
PC,Tanarus Review,Great,8
PC,Tanktics Review,Mediocre,5
PC,Take No Prisoners Review,Good,7
PC,Syn-Factor Review,Poor,4
PC,SWIV 3D Review,Great,8
PC,SWAT 3: Close Quarters Battle Review,Great,8
PC,Police Quest: SWAT 2 Review,Mediocre,5
PC,Surface Tension Review,Fair,6
PC,Superbike World Championship Review,Great,8
PC,F/A-18E Super Hornet Review,Fair,6
PC,Superbike 2000 Review,Great,8
PC,Superbike World Champions Review,Great,8
PC,SubSpace Review,Good,7
PC,Sub Culture Review,Good,7
PC,Z Review,Good,7
PC,Su-27 Flanker Review,Good,7
PC,Toonstruck Review,Great,8
PC,Striker 96 Review,Good,7
PC,Streets of SimCity Review,Poor,4
PC,Stratosphere Review,Fair,6
PC,Stratego Review,Good,7
PC,Nuclear Strike Review,Good,7
PC,North vs. South Review,Mediocre,5
PC,Norse by Norsewest Review,Great,8
PC,Noir Review,Poor,4
PC,NIRA Intense Import Drag Racing Review,Fair,6
PC,Nine Review,Good,7
PC,Nihilist Review,Fair,6
PC,Nightmare Creatures Review,Mediocre,5
PC,Ring: The Legend of the Nibelungen Review,Bad,3
PC,NHRA Drag Racing Review,Mediocre,5
PC,NHL Powerplay '98 Review,Good,7
PC,NHL Powerplay '96 Review,Great,8
PC,NHL 99 Review,Great,8
PC,NHL 98 Review,Superb,9
PC,NHL 97 Review,Great,8
PC,Stonekeep Review,Fair,6
PC,Space Bunnies Must Die! Review,Mediocre,5
PC,Space Bar Review,Good,7
PC,South Park Review,Poor,4
PC,SoulTrap Review,Mediocre,5
PC,Sorry! CD-ROM Review,Good,7
PC,Sonic CD Review,Mediocre,5
PC,Sonic 3D Blast Review,Mediocre,5
PC,Solid Ice Review,Poor,4
PC,Soldiers at War Review,Great,8
PC,Soldier Boyz Review,Bad,3
PC,BattleTech: Solaris Review,Great,8
PC,SODA Off-Road Racing Review,Good,7
PC,Worldwide Soccer Review,Fair,6
PC,Sid Meier's Gettysburg! Review,Superb,9
PC,Smart Games Challenge 3 Review,Good,7
PC,Slave Zero Review,Fair,6
PC,They Call Me... The Skul and The Suit Review,Terrible,2
PC,SkullCracker Review,Abysmal,1
PC,Sin Mission Pack: Wages of Sin Review,Good,7
PC,Sinistar: Unleashed Review,Fair,6
PC,SimPark Review,Fair,6
PC,SimIsle: Missions in the Rainforest Review,Good,7
PC,SimCopter Review,Good,7
PC,SimCity 2000 CD-ROM Review,Good,7
PC,SimCity 2000: Network Edition Review,Good,7
PC,Silent Thunder: A-10 Tank Killer II Review,Great,8
PC,Silent Hunter Review,Great,8
PC,Shivers Review,Fair,6
PC,Shivers II: Harvest of Souls Review,Great,8
PC,Shipwreckers! Review,Fair,6
PC,Battleground 4: Shiloh Review,Great,8
PC,Lost Files of Sherlock Holmes: Case of the Rose Tattoo Review,Fair,6
PC,Shellshock Review,Poor,4
PC,Shattered Light Review,Bad,3
PC,Shanghai: Second Dynasty Review,Good,7
PC,Shanghai: Dynasty Review,Great,8
PC,Shadows over Riva Review,Good,7
PC,Shadow Master Review,Poor,4
PC,Shadow Company: Left for Dead Review,Fair,6
PC,Shadow Watch Review,Good,7
PC,Shadoan Review,Good,7
PC,Shadows of the Empire Review,Mediocre,5
PC,Sci-Fi Channel Trivia Game Review,Mediocre,5
PC,Seven Kingdoms Review,Superb,9
PC,Seven Kingdoms II Review,Superb,9
PC,Need for Speed: High Stakes Review,Great,8
PC,NFL Quarterback Club '97 Review,Mediocre,5
PC,NFL GameDay 99 Review,Good,7
PC,NHL '96 Review,Good,7
PC,NFL Blitz Review,Superb,9
PC,NFL Fever 2000 Review,Good,7
PC,Newman/Haas Racing Review,Mediocre,5
PC,Need for Speed III Review,Great,8
PC,NET:Zone Review,Bad,3
PC,netWAR Review,Good,7
PC,Nerf ArenaBlast Review,Good,7
PC,Nemesis: The Wizardry Adventure Review,Good,7
PC,The Need for Speed Review,Great,8
PC,Necrodome Review,Mediocre,5
PC,NCAA Final Four 97 Review,Fair,6
PC,NCAA Football 99 Review,Fair,6
PC,NCAA Football 98 Review,Fair,6
PC,NBA Live 99 Review,Great,8
PC,NBA Live 98 Review,Great,8
PC,NBA Live 2000 Review,Great,8
PC,NBA Jam Extreme Review,Poor,4
PC,NBA Inside Drive 2000 Review,Good,7
PC,NBA Hangtime Review,Good,7
PC,NBA Full Court Press Review,Mediocre,5
PC,NBA Basketball 2000 Review,Mediocre,5
PC,NBA Action 98 Review,Good,7
PC,NBA Live 97 Review,Great,8
PC,NASCAR Legends Review,Superb,9
PC,NASCAR 2000 Review,Good,7
PC,NASCAR Racing 2 Review,Superb,9
PC,Battleground 6: Napoleon in Russia Review,Good,7
PC,Napoleon 1813 Review,Fair,6
PC,NAM Review,Poor,4
PC,Myth II: Soulblighter Review,Superb,9
PC,Muzzle Velocity Review,Mediocre,5
PC,Mutant Penguins Review,Mediocre,5
PC,Magic: The Gathering - Duels of the Planeswalkers Review,Fair,6
PC,Microsoft Soccer Review,Poor,4
PC,Microsoft Golf 1999 Edition Review,Good,7
PC,Microsoft Golf 1998 Edition Review,Great,8
PC,Microsoft Flight Simulator 98 Review,Good,7
PC,Microsoft Flight Simulator 2000 Review,Great,8
PC,Microsoft Flight Simulator for Windows 95 Review,Good,7
PC,Microsoft Baseball 2001 Review,Fair,6
PC,Microsoft Baseball 2000 Review,Fair,6
PC,Microsoft Baseball 3D Review,Good,7
PC,Motorhead Review,Good,7
PC,Moto Racer Review,Good,7
PC,Moto Racer 2 Review,Great,8
PC,Motocross Madness Review,Great,8
PC,Montezuma's Return Review,Good,7
PC,Monster Truck Madness Review,Good,7
PC,Monopoly Review,Good,7
PC,Mummy: Tomb of the Pharaoh Review,Poor,4
PC,Monopoly Casino Review,Good,7
PC,The Curse of Monkey Island Review,Superb,9
PC,ABC Monday Night Football Review,Good,7
PC,War Along the Mohawk Review,Fair,6
PC,Mobil 1 Rally Championship Review,Great,8
PC,Mission Critical Review,Great,8
PC,3D Ultra Mini Golf Review,Poor,4
PC,Monster Truck Madness 2 Review,Good,7
PC,MindRover: The Europa Project Review,Great,8
PC,Mind Grind Review,Mediocre,5
PC,Might and Magic VII: For Blood and Honor Review,Great,8
PC,Mode Review,Terrible,2
PC,MiG Alley Review,Superb,9
PC,Midtown Madness Review,Good,7
PC,Men In Black: The Game Review,Bad,3
PC,Sid Meier's Antietam! Review,Great,8
PC,MegaRace 2 Review,Fair,6
PC,MechWarrior 3 Review,Great,8
PC,MechWarrior 3: Pirate's Moon Expansion Pack Review,Good,7
PC,MechWarrior 2: Mercenaries Review,Great,8
PC,MechCommander Gold Review,Good,7
PC,MechWarrior 2: Ghost Bear's Legacy Review,Great,8
PC,MechCommander Review,Good,7
PC,Meat Puppet Review,Poor,4
PC,M.A.X. Review,Great,8
PC,Mastermind CD-ROM Review,Poor,4
PC,Mass Destruction Review,Good,7
PC,Marble Drop Review,Mediocre,5
PC,Marathon 2 Review,Great,8
PC,Man of War II: Chains of Command Review,Fair,6
PC,Manic Karts Review,Bad,3
PC,Machine Hunter Review,Bad,3
PC,Magic: The Gathering - Spells of the Ancients Review,Great,8
PC,Magic: The Gathering Review,Good,7
PC,Magic Carpet II: The Netherworlds Review,Superb,9
PC,Magic: The Gathering - BattleMage Review,Bad,3
PC,MageSlayer Review,Good,7
PC,Madden NFL 99 Review,Great,8
PC,Madden NFL 98 Review,Great,8
PC,Madden NFL 2000 Review,Good,7
PC,Madden NFL 97 Review,Fair,6
PC,Machines Review,Fair,6
PC,M1 Tank Platoon II Review,Great,8
PC,iM1A2 Abrams Review,Good,7
PC,South Park: Chef's Luv Shack Review,Poor,4
PC,Luftwaffe Commander Review,Mediocre,5
PC,Lose Your Marbles Review,Good,7
PC,Lands of Lore III Review,Poor,4
PC,Lands of Lore: Guardians of Destiny Review,Good,7
PC,Lords of Magic Review,Fair,6
PC,AH-64D Longbow Review,Great,8
PC,Lords of Magic: Special Edition Review,Good,7
PC,Lode Runner 2 Review,Great,8
PC,Links LS Review,Great,8
PC,Links Extreme Review,Mediocre,5
PC,Links LS 1999 Edition Review,Superb,9
PC,Links LS 1998 Edition Review,Superb,9
PC,Links 386 CD Review,Good,7
PC,Links LS 2000 Review,Good,7
PC,Lighthouse Review,Fair,6
PC,Lemmings Paintball Review,Mediocre,5
PC,Test Drive Le Mans Review,Fair,6
PC,Leisure Suit Larry's Casino Review,Fair,6
PC,Leisure Suit Larry 7: Love for Sail! Review,Fair,6
PC,LEGO Racers Review,Good,7
PC,Legends Football '98 Review,Poor,4
PC,The Last Express Review,Good,7
PC,Longbow 2 Review,Superb,9
PC,Last Call Review,Fair,6
PC,Tony La Russa Baseball 4 Review,Mediocre,5
PC,Lander Review,Mediocre,5
PC,Krazy Ivan Review,Mediocre,5
PC,Knight's Chase Review,Fair,6
PC,Klingon Honor Guard Review,Fair,6
PC,KKND Xtreme Review,Mediocre,5
PC,KKND 2: Krossfire Review,Mediocre,5
PC,King's Quest: The Mask of Eternity Review,Good,7
PC,Koala Lumpur: Journey to the Edge Review,Good,7
PC,Kingdom O' Magic Review,Fair,6
PC,Wing Commander: The Kilrathi Saga Review,Good,7
PC,Killing Time Review,Good,7
PC,KickOff 97 Review,Fair,6
PC,Juggernaut Corps: First Assault Review,Mediocre,5
PC,Joint Strike Fighter Review,Good,7
PC,Jeff Gordon XS Racing Review,Fair,6
PC,JetFighter: Full Burn Review,Fair,6
PC,Jet Moto Review,Good,7
PC,JetFighter III Review,Fair,6
PC,JetFighter III Enhanced Campaign CD Review,Good,7
PC,Jeopardy! Review,Good,7
PC,Jedi Knight: Dark Forces II Review,Great,8
PC,Jazz Jackrabbit 2 Review,Great,8
PC,Jagged Alliance 2 Review,Great,8
PC,You Don't Know Jack Sports Review,Superb,9
PC,Jack Nicklaus Online Golf Tour Review,Superb,9
PC,Jack Nicklaus 5 Review,Great,8
PC,Jack Nicklaus 4 Review,Great,8
PC,KKND Review,Fair,6
PC,You Don't Know Jack Movies Review,Great,8
PC,Independence War Deluxe Edition Review,Good,7
PC,iPanzer '44 Review,Bad,3
PC,Invictus: In the Shadow of Olympus Review,Poor,4
PC,Into the Void Review,Bad,3
PC,In the First Degree Review,Good,7
PC,Interpose Review,Poor,4
PC,Interstate '82 Review,Fair,6
PC,Interstate '76 Arsenal Review,Good,7
PC,Infocom Classic Text Adventure Masterpieces Review,Good,7
PC,Ka-52 Team Alligator Review,Mediocre,5
PC,IndyCar Racing II Review,Good,7
PC,Indiana Jones and his Desktop Adventures Review,Mediocre,5
PC,Indiana Jones and the Infernal Machine Review,Fair,6
PC,Independence Day Review,Mediocre,5
PC,Incubation: The Wilderness Missions Review,Great,8
PC,Incubation Review,Fair,6
PC,Incoming Review,Good,7
PC,Independence War Review,Superb,9
PC,Imperialism Review,Great,8
PC,Imperialism II: Age of Exploration Review,Great,8
PC,"I Have No Mouth, and I Must Scream Review",Poor,4
PC,iF/A-18E Carrier Strike Fighter Review,Fair,6
PC,iF-22 Persian Gulf v5.0 Review,Fair,6
PC,Icebreaker Review,Good,7
PC,iF-22 Review,Mediocre,5
PC,Icarus: Sanctuary of the Gods Review,Fair,6
PC,Hype - The Time Quest Review,Great,8
PC,HyperBlade Review,Good,7
PC,Hunter Hunted Review,Good,7
PC,Humans III: Evolution Lost in Time Review,Terrible,2
PC,Hoyle Solitaire Review,Good,7
PC,Hoyle Poker Review,Great,8
PC,Hoyle Classic Card Games Review,Good,7
PC,Hoyle Classic Board Games Review,Good,7
PC,iF-16 Review,Good,7
PC,Heroes of Might and Magic II: The Price of Loyalty Review,Fair,6
PC,History of the World Review,Terrible,2
PC,Hind Review,Great,8
PC,High Heat Baseball 1999 Review,Good,7
PC,Star Trek: Hidden Evil Review,Poor,4
PC,Hidden & Dangerous Review,Good,7
PC,Sammy Sosa High Heat Baseball 2001 Review,Great,8
PC,High Heat Baseball 2000 Review,Great,8
PC,Hexplore Review,Fair,6
PC,Hexen Review,Fair,6
PC,Hexen II Mission Pack: Portal of Praevus Review,Great,8
PC,Heroes of Might and Magic: A Strategic Quest Review,Good,7
PC,Heroes of Might and Magic II: The Succession Wars Review,Great,8
PC,Hellfire Review,Good,7
PC,Hellbender Review,Fair,6
PC,HeliCOPS Review,Good,7
PC,H.E.D.Z. Review,Mediocre,5
PC,Heavy Gear Review,Good,7
PC,Heavy Gear II Review,Superb,9
PC,"Games People Play: Hearts, Spades, Euchre Review",Good,7
PC,Heart of Darkness Review,Good,7
PC,Harvester Review,Fair,6
PC,Harley-Davidson: Race Across America Review,Mediocre,5
PC,Hardline Review,Poor,4
PC,Havoc Review,Good,7
PC,Hardball 5 Review,Great,8
PC,Hardball 6 Review,Good,7
PC,Star Trek Deep Space Nine: Harbinger Review,Poor,4
PC,Hangsim Review,Mediocre,5
PC,Heroes of Might and Magic III: Armageddon's Blade Review,Great,8
PC,Gunship! Review,Fair,6
PC,Gunmetal Review,Fair,6
PC,Gubble Review,Good,7
PC,"Grand Theft Auto: London, 1969 Review",Mediocre,5
PC,Gruntz Review,Good,7
PC,Grid Runner Review,Fair,6
PC,Greg Norman Ultimate Challenge Golf Review,Good,7
PC,Great Battles of Caesar Review,Good,7
PC,Grand Theft Auto Review,Fair,6
PC,Grand Slam Review,Mediocre,5
PC,Grand Prix Manager Review,Fair,6
PC,Grand Prix II Review,Superb,9
PC,Grand Prix Legends Review,Great,8
PC,The Golf Pro Review,Good,7
PC,Peter Jacobsen's Golden Tee Golf Review,Mediocre,5
PC,Golden Gate Review,Good,7
PC,Golden Nugget Review,Good,7
PC,G-NOME Review,Fair,6
PC,Global Domination Review,Bad,3
PC,"Gabriel Knight 3: Blood of the Sacred, Blood of the Damned Review",Fair,6
PC,Get Medieval Review,Good,7
PC,Gene Wars Review,Mediocre,5
PC,Gender Wars Review,Fair,6
PC,Gazillionaire Deluxe Review,Fair,6
PC,Gangsters Review,Mediocre,5
PC,The Game of Life Review,Fair,6
PC,"Game, Net & Match! Review",Great,8
PC,Galapagos: Mendel's Escape Review,Fair,6
PC,FX Fighter Review,Good,7
PC,Full Tilt! Pinball Review,Fair,6
PC,Full Tilt! 2 Pinball Review,Good,7
PC,Full Strength Strongman Competition Review,Terrible,2
PC,Fox Sports Soccer '99 Review,Poor,4
PC,Frogger Review,Mediocre,5
PC,Fox Sports Golf '99 Review,Great,8
PC,Free Enterprise Review,Bad,3
PC,Front Page Sports: Ski Racing Review,Great,8
PC,Front Page Sports: Golf Review,Great,8
PC,Front Page Sports: Football Pro '98 Review,Fair,6
PC,Front Page Sports: Baseball Pro '98 Review,Great,8
PC,Fox Hunt Review,Fair,6
PC,Forsaken Review,Great,8
PC,Forced Alliance Review,Good,7
PC,Formula 1 Review,Fair,6
PC,Star Wars: Force Commander Review,Fair,6
PC,Force 21 Review,Fair,6
PC,Front Page Sports: Football Pro '97 Review,Fair,6
PC,Fury 3 Review,Good,7
PC,Football Pro '96 Review,Great,8
PC,Flying Corps Review,Great,8
PC,Microsoft Flight Simulator 5.1 Review,Fair,6
PC,Flight Unlimited III Review,Superb,9
PC,Flight Unlimited II Review,Great,8
PC,Flesh Feast Review,Poor,4
PC,Flash Point Korea: AH-64D Longbow Review,Superb,9
PC,Flanker 2.0 Review,Great,8
PC,FireTeam Review,Great,8
PC,Fire Fight Review,Fair,6
PC,Fighting Steel Review,Mediocre,5
PC,Fighter Pilot Review,Poor,4
PC,Fighter Ace Review,Fair,6
PC,FIFA 99 Review,Superb,9
PC,FIFA Soccer 97 Review,Great,8
PC,FIFA 2000 Review,Superb,9
PC,Fatal Abyss Review,Mediocre,5
PC,Fantasy General Review,Poor,4
PC,Falcon 4.0 Review,Good,7
PC,Fade to Black Review,Good,7
PC,F/A-18 Korea Review,Great,8
PC,F-22 Lightning 3 Review,Great,8
PC,F-22 Lightning II Review,Good,7
PC,F1 Racing Simulation Review,Superb,9
PC,F-16 Aggressor Review,Fair,6
PC,F/A-18 Hornet 3.0 Review,Fair,6
PC,F-15 Review,Superb,9
PC,Stephen King's F13 Review,Terrible,2
PC,F1 2000 Review,Great,8
PC,ESPN Extreme Games Review,Fair,6
PC,Extreme Assault Review,Great,8
PC,Extreme Tennis Review,Poor,4
PC,Expert Pool Review,Good,7
PC,X-COM: First Alien Invasion Review,Fair,6
PC,Excalibur 2555 AD Review,Bad,3
PC,Earthworm Jim 1&2: The Whole Can 'O Worms Review,Good,7
PC,Evolution Review,Fair,6
PC,EverQuest Review,Great,8
PC,Eve Review,Mediocre,5
PC,European Air War Review,Great,8
PC,Eradicator Review,Good,7
PC,Entrepreneur Review,Fair,6
PC,Entombed Enhanced Review,Poor,4
PC,Enemy Infestation Review,Good,7
PC,Emperor of Fading Suns Review,Fair,6
PC,Emergency: Fighters for Life Review,Poor,4
PC,The Elk Moon Murder Review,Poor,4
PC,EF2000 Review,Great,8
PC,EF2000 v2.0 Review,Superb,9
PC,Ecstatica II Review,Good,7
PC,East Front II: The Russian Front Review,Great,8
PC,East Front Review,Fair,6
PC,Earthworm Jim Review,Good,7
PC,Earthsiege 2 Review,Fair,6
PC,Earth 2140 Review,Fair,6
PC,Dust: A Tale of the Wired West Review,Good,7
PC,Magic & Mayhem Review,Fair,6
PC,Druid: Daemons of the Mind Review,Good,7
PC,Drowned God Review,Fair,6
PC,Driver Review,Great,8
PC,Dragoon: The Battles of Frederick the Great Review,Good,7
PC,Dragon Lore II Review,Bad,3
PC,DragonHeart: Fire and Steel Review,Bad,3
PC,Dragon Dice Review,Mediocre,5
PC,Dominion: Storm Over Gift 3 Review,Mediocre,5
PC,Dungeon Keeper: The Deeper Dungeons Review,Mediocre,5
PC,Discworld II: Mortality Bytes Review,Fair,6
PC,Disciples: Sacred Lands Review,Great,8
PC,Diplomacy Review,Poor,4
PC,Dilbert's Desktop Games Review,Mediocre,5
PC,Die by the Sword Review,Good,7
PC,Die by the Sword: Limb from Limb Review,Mediocre,5
PC,Die Hard Trilogy Review,Good,7
PC,Dirt Track Racing Review,Fair,6
PC,Die Hard Trilogy 2: Viva Las Vegas Review,Bad,3
PC,Destruction Derby 2 Review,Good,7
PC,Gulf War: Operation Desert Hammer Review,Mediocre,5
PC,Demonstar Review,Poor,4
PC,Demolition Racer Review,Good,7
PC,Demise: Rise of the Ku'Tan Review,Bad,3
PC,Delta Force 2 Review,Great,8
PC,Deer Hunt Challenge Review,Good,7
PC,3DO Games: Decathlon Review,Poor,4
PC,DeathKeep Review,Mediocre,5
PC,DeathDrome Review,Good,7
PC,Deus Review,Bad,3
PC,Deadly Tide Review,Fair,6
PC,Jagged Alliance: Deadly Games Review,Good,7
PC,Deadlock Review,Good,7
PC,Deadlock II: Shrine Wars Review,Good,7
PC,Daytona USA Deluxe Review,Fair,6
PC,Dark Side of the Moon Review,Fair,6
PC,Dark Seed II Review,Fair,6
PC,Dark Reign Expansion: Rise of the Shadowhand Review,Great,8
PC,Darklight Conflict Review,Good,7
PC,The Dark Hour Review,Mediocre,5
PC,Dark Earth Review,Great,8
PC,Dark Colony Review,Mediocre,5
PC,Cylindrix Review,Fair,6
PC,CyberStrike 2 Review,Good,7
PC,MissionForce: CyberStorm Review,Great,8
PC,Cyberstorm 2: Corporate Wars Review,Fair,6
PC,CyberMage: Darklight Awakening Review,Good,7
PC,CyberJudas Review,Great,8
PC,Cyberia2 Review,Good,7
PC,CyberGladiators Review,Great,8
PC,Cutthroats: Terror on the High Seas Review,Mediocre,5
PC,The Crystal Skull Review,Mediocre,5
PC,Cryptic Passage Review,Great,8
PC,Crusader: No Regret Review,Great,8
PC,Crush! Deluxe Review,Fair,6
PC,Crusaders of Might and Magic Review,Mediocre,5
PC,Creatures 2 Review,Fair,6
PC,Croc 2 Review,Mediocre,5
PC,Corsairs Review,Mediocre,5
PC,Conquest of the New World Review,Great,8
PC,Conquest Earth Review,Bad,3
PC,Microsoft Combat Flight Simulator Review,Good,7
PC,Combat Chess Review,Fair,6
PC,Colin McRae Rally Review,Fair,6
PC,Comanche 3 Review,Great,8
PC,College Slam Review,Fair,6
PC,Maui Mallard in Cold Shadow Review,Good,7
PC,Codename Eagle Review,Mediocre,5
PC,Conquest of the New World Deluxe Edition Review,Good,7
PC,Clue Chronicles: Fatal Illusion Review,Poor,4
PC,Clue: Murder at Boddy Mansion Review,Good,7
PC,Clue Review,Poor,4
PC,Close Combat: A Bridge Too Far Review,Superb,9
PC,CivNet Review,Fair,6
PC,Civilization II Review,Superb,9
PC,"Civil War Generals 2: Grant, Lee, Sherman Review",Fair,6
PC,Civilization II: Test of Time Review,Poor,4
PC,Civilization II Multiplayer Gold Edition Review,Good,7
PC,Civ II: Fantastic Worlds Review,Great,8
PC,Civilization: Call to Power Review,Fair,6
PC,Chronicles of the Sword Review,Poor,4
PC,Chron X Review,Great,8
PC,Chessmaster 7000 Review,Great,8
PC,Chessmaster 6000 Review,Great,8
PC,Chessmaster 5000 Review,Superb,9
PC,Chaos Overlords Review,Superb,9
PC,Centipede Review,Fair,6
PC,Close Combat: Battle of the Bulge Review,Great,8
PC,Close Combat III: The Russian Front Review,Superb,9
PC,Cavewars Review,Fair,6
PC,CART Precision Racing Review,Great,8
PC,Carnivores Review,Good,7
PC,Carmageddon II: Carpocalypse Now Review,Good,7
PC,Capitalism Review,Fair,6
PC,Commandos: Beyond the Call of Duty Review,Fair,6
PC,Callahan's Crosstime Saloon Review,Fair,6
PC,Byzantine: The Betrayal Review,Fair,6
PC,The Journeyman Project 2: Buried in Time Review,Fair,6
PC,Beavis and Butt-head: Bunghole in One Review,Poor,4
PC,Battleground 7: Bull Run Review,Good,7
PC,Boarder Zone Review,Fair,6
PC,Bug! Review,Fair,6
PC,Buccaneer Review,Poor,4
PC,Brunswick Circuit Pro Bowling Review,Good,7
PC,Big Red Racing Review,Good,7
PC,Broken Sword: The Smoking Mirror Review,Good,7
PC,Bridge Deluxe II with Omar Sharif Review,Mediocre,5
PC,Braveheart Review,Mediocre,5
PC,Brain Dead 13 Review,Bad,3
PC,Boss Rally Review,Mediocre,5
PC,Boggle CD-ROM Review,Good,7
PC,Blood Omen: Legacy of Kain Review,Good,7
PC,NFL Blitz 2000 Review,Poor,4
PC,Blaze & Blade - Eternal Quest Review,Bad,3
PC,Blade Runner Review,Fair,6
PC,Black Dahlia Review,Mediocre,5
PC,The Blackstone Chronicles Review,Mediocre,5
PC,Birthright: The Gorgon's Alliance Review,Good,7
PC,Pro Pinball: Big Race USA Review,Great,8
PC,Frank Thomas Big Hurt Baseball Review,Fair,6
PC,Bedlam Review,Fair,6
PC,Beavis and Butt-head Do U. Review,Mediocre,5
PC,Beavis and Butt-head in Virtual Stupidity Review,Good,7
PC,Beatdown Review,Bad,3
PC,The Beast Within: A Gabriel Knight Mystery Review,Great,8
PC,Baseball Edition 2000 Review,Mediocre,5
PC,Battlespire Review,Fair,6
PC,BattleSport Review,Fair,6
PC,Great Battles of Hannibal Review,Good,7
PC,Battle of Britain Review,Good,7
PC,Batman Forever: The Arcade Game Review,Poor,4
PC,Baseball Mogul Review,Great,8
PC,Barrage Review,Fair,6
PC,Balls of Steel Review,Good,7
PC,Baldies Review,Fair,6
PC,Back to Baghdad Review,Mediocre,5
PC,Bad Day on the Midway Review,Great,8
PC,Azrael's Tear Review,Mediocre,5
PC,AYSO Soccer '97 Review,Terrible,2
PC,Axis & Allies Review,Great,8
PC,Chronomaster Review,Good,7
PC,Bubble Bobble Review,Poor,4
PC,D Review,Fair,6
PC,Beetle Buggin' Review,Fair,6
PC,Battleground 3: Waterloo Review,Great,8
PC,Battleground: Gettysburg Review,Good,7
PC,Armored Fist 2 - M1A2 Abrams Review,Mediocre,5
PC,Armored Fist 3 Review,Mediocre,5
PC,Armor Command Review,Good,7
PC,Armed & Delirious Review,Fair,6
PC,Armored Moon: The Next Eden Review,Terrible,2
PC,Ark of Time Review,Fair,6
PC,Ares Rising Review,Mediocre,5
PC,Area 51 Review,Bad,3
PC,The Ardennes Offensive Review,Fair,6
PC,Apollo 18 Review,Mediocre,5
PC,Apache Review,Superb,9
PC,Battleground 5: Antietam Review,Great,8
PC,Andretti Racing Review,Good,7
PC,Amok Review,Bad,3
PC,American Civil War Review,Good,7
PC,Amber: Journeys Beyond Review,Good,7
PC,AMA Superbike Review,Good,7
PC,Alone in the Dark Trilogy Review,Good,7
PC,Allied General Review,Good,7
PC,X-Wing Alliance Review,Great,8
PC,Alien Trilogy Review,Poor,4
PC,Aliens Online Review,Good,7
PC,Sid Meier's Alien Crossfire Review,Great,8
PC,Great Battles of Alexander Review,Fair,6
PC,Air Warrior II Review,Good,7
PC,Air Warrior III Review,Good,7
PC,Air Power: Battle in the Skies Review,Poor,4
PC,AHx-1 Review,Poor,4
PC,Apache Havoc Review,Great,8
PC,Agile Warrior F-IIIX Review,Poor,4
PC,Age of Sail Review,Good,7
PC,Age of Rifles Review,Good,7
PC,Afterlife Review,Good,7
PC,After Dark Games Review,Mediocre,5
PC,Admiral Sea Battles Review,Poor,4
PC,Addiction Pinball Review,Great,8
PC,Achtung Spitfire! Review,Good,7
PC,Ace Ventura Review,Fair,6
PC,Absolute Zero Review,Fair,6
PC,Abomination Review,Fair,6
PC,Oddworld: Abe's Exoddus Review,Great,8
PC,ABC Monday Night Football '98 Review,Mediocre,5
PC,Aaron vs. Ruth Review,Mediocre,5
PC,A-10 Cuba! Review,Fair,6
PC,Ultimate 8 Ball Review,Fair,6
PC,7th Legion Review,Poor,4
PC,688 (I) Hunter/Killer Review,Great,8
PC,3D Lemmings Review,Good,7
PC,12 O'Clock High: Bombing the Reich Review,Fair,6
PC,101 Airborne: The Airborne Invasion of Normandy Review,Great,8
PS,NCAA Football 2000 Review,Good,7
PS,MLB 2001 Review,Great,8
PS,Ballistic Review,Fair,6
PS,Ballblazer Champions Review,Great,8
PS,Backstreet Billiards Review,Good,7
PS,Auto Destruct Review,Poor,4
PS,High Heat Baseball 2000 Review,Terrible,2
PS,Sammy Sosa High Heat Baseball 2001 Review,Mediocre,5
PS,Hercules Action Game Review,Good,7
PS,Herc's Adventures Review,Good,7
PS,Hello Kitty Cube Frenzy Review,Good,7
PS,HardBall 99 Review,Mediocre,5
PS,Gundam: the Battle Master (Import) Review,Mediocre,5
PS,Point Blank 2 Review,Great,8
PS,Guilty Gear Review,Good,7
PS,Grand Theft Auto: London 1969 Review,Mediocre,5
PS,Grand Slam 97 Review,Fair,6
PS,Car & Driver Presents: Grand Tour Racing '98 Review,Good,7
PS,Grid Runner Review,Good,7
PS,Gradius Gaiden (Import) Review,Good,7
PS,G Police Review,Fair,6
PS,G Police: Weapons of Justice Review,Mediocre,5
PS,Gauntlet Legends Review,Bad,3
PS,NFL GameDay 99 Review,Great,8
PS,NFL GameDay 98 Review,Good,7
PS,All-Star 1997 Featuring Frank Thomas Review,Fair,6
PS,Front Mission Alternative (Import) Review,Fair,6
PS,Front Mission Second (Import) Review,Great,8
PS,Freestyle Boardin' '99 Review,Fair,6
PS,Fox Sports Soccer 99 Review,Good,7
PS,NBA Basketball 2000 Review,Good,7
PS,Fox Hunt Review,Terrible,2
PS,Fox Sports Golf '99 Review,Abysmal,1
PS,Forsaken Review,Fair,6
PS,Formula 1 Championship Edition Review,Good,7
PS,Formula 1 99 Review,Good,7
PS,Fisherman's Bait Review,Fair,6
PS,Fire Prowrestling G (Import) Review,Great,8
PS,NCAA Final Four 99 Review,Fair,6
PS,Fighter Maker Review,Fair,6
PS,Fighters' Impact (Import) Review,Fair,6
PS,Felony 11-79 Review,Fair,6
PS,Fear Effect Review,Great,8
PS,Fatal Fury: Wild Ambition Review,Fair,6
PS,Fantastic Four Review,Poor,4
PS,NHL FaceOff 2000 Review,Fair,6
PS,F1 World Grand Prix Review,Poor,4
PS,Excalibur 2555 A.D. Review,Poor,4
PS,Evil Zone Review,Good,7
PS,Epidemic Review,Mediocre,5
PS,Eliminator Review,Poor,4
PS,Einhander Review,Good,7
PS,Eggs of Steel Review,Poor,4
PS,Dynasty Warriors Review,Good,7
PS,Duke Nukem: Total Meltdown Review,Poor,4
PS,Dare Devil Derby 3D Review,Fair,6
PS,Dragonseeds Review,Mediocre,5
PS,Disruptor Review,Good,7
PS,Walt Disney World: Magical Racing Quest Review,Good,7
PS,Die Hard Trilogy Review,Superb,9
PS,Die Hard Trilogy 2 Review,Fair,6
PS,Devil Dice Review,Fair,6
PS,Destruction Derby 2 Review,Good,7
PS,Destrega Review,Good,7
PS,Descent Maximum Review,Mediocre,5
PS,Demolition Racer Review,Fair,6
PS,Deathtrap Dungeon Review,Bad,3
PS,Dead in the Water Review,Fair,6
PS,Dead or Alive Review,Good,7
PS,Dragon Ball Final Bout Review,Bad,3
PS,Darklight Conflict Review,Fair,6
PS,Dance Dance Revolution (Import) Review,Great,8
PS,Crypt Killer Review,Bad,3
PS,Crusader: No Remorse Review,Good,7
PS,Crow: City of Angels Review,Bad,3
PS,Critical Depth Review,Good,7
PS,Critical Blow (Import) Review,Fair,6
PS,Cool Boarders Review,Good,7
PS,Contra: Legacy of War Review,Fair,6
PS,Contender Review,Fair,6
PS,Command & Conquer Review,Great,8
PS,Colony Wars: Vengeance Review,Good,7
PS,Colony Wars Review,Good,7
PS,Command & Conquer: Red Alert Review,Good,7
PS,"City of Lost Children, The Review",Bad,3
PS,Choro Q2 (Import) Review,Poor,4
PS,Chocobo's Dungeon 2 Review,Fair,6
PS,Chessmaster II Review,Fair,6
PS,Championship Bass Review,Fair,6
PS,Centipede Review,Mediocre,5
PS,C: The Contra Adventure Review,Bad,3
PS,Castrol Honda Superbike Review,Bad,3
PS,Carnage Heart Review,Fair,6
PS,Caesars Palace Review,Poor,4
PS,Bust-A-Move 2 Arcade Edition Review,Mediocre,5
PS,Buster Bros. Collection Review,Good,7
PS,Bust-A-Move '99 Review,Fair,6
PS,Bust A Groove Review,Good,7
PS,Brunswick Circuit Pro Bowling Review,Good,7
PS,Broken Helix Review,Fair,6
PS,Burning Road Review,Fair,6
PS,Brigandine Review,Fair,6
PS,Bravo Air Race Review,Mediocre,5
PS,Bottom of the 9th 99 Review,Mediocre,5
PS,Boombots Review,Abysmal,1
PS,Bomberman Fantasy Race Review,Mediocre,5
PS,Bomberman World Review,Mediocre,5
PS,Bomberman Wars (Import) Review,Mediocre,5
PS,NFL Blitz 2000 Review,Great,8
PS,Bloody Bride (Import) Review,Mediocre,5
PS,Blazing Dragons Review,Fair,6
PS,Blast Chamber Review,Fair,6
PS,Black Dawn Review,Good,7
PS,Bio F.R.E.A.K.S. Review,Mediocre,5
PS,Frank Thomas Big Hurt Baseball Review,Fair,6
PS,Beyond the Beyond Review,Mediocre,5
PS,BRAHMA Force: The Assault on Beltlogger 9 Review,Good,7
PS,Beat Planet Music (Import) Review,Bad,3
PS,Beast Wars Review,Mediocre,5
PS,Battlestations Review,Fair,6
PS,BattleTanx: Global Assault Review,Mediocre,5
PS,Batman & Robin Review,Mediocre,5
PS,Batman Forever: The Arcade Game Review,Mediocre,5
PS,Bass Rise Review,Mediocre,5
PS,Baseball 2000 Review,Poor,4
PS,Hexen Review,Bad,3
PS,"Guntu Western Front June, 1944 (Import) Review",Abysmal,1
PS,GUNNM Martian Memory (Import) Review,Great,8
PS,Glover Review,Poor,4
PS,Gex 3: Deep Cover Gecko Review,Fair,6
PS,Gex: Enter the Gecko Review,Fair,6
PS,FIFA 99 Review,Great,8
PS,FIFA Soccer 97 Review,Good,7
PS,Fighting Force 2 Review,Bad,3
PS,Formula 1 Review,Good,7
PS,ECW Hardcore Revolution Review,Poor,4
PS,Dune 2000 Review,Mediocre,5
PS,Dukes of Hazzard: Racing for Home Review,Poor,4
PS,Championship Motocross Featuring Ricky Carmichael Review,Good,7
PS,Clock Tower II: The Struggle Within Review,Bad,3
PS,Croc: The Legend of Gobbos Review,Mediocre,5
PS,Croc 2 Review,Mediocre,5
PS,Cool Boarders 4  Review,Good,7
PS,Civilization II Review,Good,7
PS,Chocobo Racing Review,Poor,4
PS,Cool Boarders 3 Review,Poor,4
PS,Blast Radius Review,Good,7
PS,Blasto Review,Poor,4
PS,Big Air Review,Mediocre,5
PS,Bust-A-Move 4 Review,Good,7
PS,Asuka 120% Excellent: Burning Festival (Import) Review,Good,7
PS,Asteroids Review,Good,7
PS,Assault: Retribution Review,Poor,4
PS,Arcade Party Pak Review,Good,7
PS,Arcade's Greatest Hits: The Atari Collection 1 Review,Fair,6
PS,Adidas Power Soccer 98 Review,Mediocre,5
PS,Andretti Racing Review,Fair,6
PS,All Japan Woman Pro Wrestling (Import) Review,Poor,4
PS,Allied General Review,Fair,6
PS,Army Men: Air Attack Review,Good,7
PS,Midway Presents Arcade's Greatest Hits - The Midway Collection 2 Review,Fair,6
PS,Midway Presents Arcade's Greatest Hits: The Atari Collection 2 Review,Poor,4
PS,Activision Classics Review,Mediocre,5
PS,Ace Combat 2 Review,Good,7
PS,"Fifth Element, The Review",Terrible,2
PS,3Xtreme Review,Terrible,2
PS,3D Baseball Review,Good,7
PS,2 Xtreme Review,Good,7
PS,Thousand Arms Review,Good,7
PS2,Stepping Selection (Import) Review,Good,7
PS2,I.Q. Remix+: Intelligent Qube (Import) Review,Fair,6
PS2,DrumMania (Import) Review,Good,7
PS,Army Men 3D Review,Poor,4
PS,Akuji the Heartless Review,Fair,6
PS,Armored Core: Master of Arena Review,Fair,6
PS,Ace Combat 3: Electrosphere Review,Fair,6
PS,Speed Punks Review,Great,8
PS,Urban Chaos Review,Terrible,2
PC,Austin Powers: Operation Trivia Review,Bad,3
PC,Atlantis: The Lost Tales Review,Poor,4
PC,Advanced Tactical Fighters Review,Good,7
PC,AstroRock Review,Poor,4
PC,Asteroids Review,Good,7
PC,Ashes to Ashes: Feeding the Fires of War! Review,Mediocre,5
PC,The Arrival CD-ROM Adventure Review,Fair,6
PC,Army Men II Review,Fair,6
PC,Army Men Review,Good,7
PC,Steel Panthers II: Modern Battles Review,Great,8
PC,Steel Panthers III: Brigade Command 1939-1999 Review,Good,7
PC,Star Command Revolution Review,Fair,6
PC,Star Trek: Borg Review,Poor,4
PC,Starship Titanic Review,Good,7
PC,Star Rangers Review,Mediocre,5
PC,Star Trek Pinball Review,Mediocre,5
PC,Monopoly Star Wars Review,Fair,6
PC,Starcraft: Insurrection Review,Poor,4
PC,Stargunner Review,Poor,4
PC,Star General Review,Good,7
PC,Star Trek Generations Review,Fair,6
PC,Star Trek: Starfleet Command Review,Good,7
PC,Star Control 3 Review,Superb,9
PC,Starcraft Expansion Set: Brood War Review,Superb,9
PC,Starfleet Academy Review,Mediocre,5
PC,Stars! Review,Good,7
PC,Shattered Steel Review,Fair,6
PC,South Park Rally Review,Bad,3
PC,SPQR: The Empire's Darkest Hour Review,Mediocre,5
PC,Sports Car GT Review,Great,8
PC,Spec Ops: Ranger Team Bravo Review,Fair,6
PC,Spearhead Review,Good,7
PC,Spellbinder: The Nexus Conflict Review,Good,7
PC,Speed Busters: American Highways Review,Good,7
PC,Spec Ops: Rangers Lead the Way Review,Fair,6
PC,Spec Ops II: Green Berets Review,Mediocre,5
PC,Slamscape Review,Poor,4
PS,Star Wars: Jedi Power Battles Review,Mediocre,5
PS2,Tekken Tag Tournament Review,Superb,9
PC,Risk II Review,Great,8
PS,Alundra 2 Review,Poor,4
PS,Vanark Review,Fair,6
PC,Thief II: The Metal Age Review,Great,8
PC,Might and Magic VIII: Day of the Destroyer Review,Fair,6
PS2,Eternal Ring Review,Fair,6
PS,WWF SmackDown! Review,Great,8
PS,Deception III: Dark Delusion Review,Fair,6
PC,Nox Review,Great,8
PS,Colin McRae Rally Review,Mediocre,5
PS,Vagrant Story Review,Superb,9
PS,Marvel vs. Capcom Review,Mediocre,5
PS,Legend of Dragoon Review,Fair,6
PC,The Sims Review,Superb,9
PC,X: Beyond the Frontier Review,Great,8
PS,Resident Evil: Survivor Review,Poor,4
PC,Final Fantasy VIII Review,Fair,6
PC,LEGO Rock Raiders Review,Fair,6
PC,F/A-18  Review,Great,8
PS,Jackie Chan's Stuntmaster Review,Fair,6
PS,Koudelka Review,Fair,6
PS,Parasite Eve II Review,Good,7
PS,Tiger Woods PGA Tour 2000 Review,Mediocre,5
PS,Chrono Cross Review,Essential,1
PC,Urban Chaos Review,Great,8
PC,Planescape: Torment Review,Superb,9
PC,Quake III Arena Review,Superb,9
PC,Ultima IX: Ascension Review,Fair,6
PS,Toy Story 2 Review,Good,7
PC,Tomb Raider: The Last Revelation Review,Good,7
PC,The Wheel of Time Review,Great,8
PC,Omikron: The Nomad Soul Review,Fair,6
PS,X-Files Review,Poor,4
PC,Half-Life: Opposing Force Review,Superb,9
PS,Tomorrow Never Dies Review,Mediocre,5
PS,NBA Showtime: NBA on NBC Review,Fair,6
PS,Threads of Fate Review,Good,7
PC,Bugs Bunny: Lost in Time Review,Fair,6
PS,Supercross Circuit Review,Good,7
PS,Twisted Metal 4 Review,Good,7
PC,Carnivores 2 Review,Good,7
PS,Wu-Tang: Shaolin Style Review,Mediocre,5
PS,Medal of Honor Review,Great,8
PS,FIFA 2000 Review,Superb,9
PS,Spyro 2: Ripto's Rage! Review,Great,8
PC,Grand Theft Auto 2 Review,Fair,6
PC,Mob Rule Review,Fair,6
PS,Grandia Review,Superb,9
PS,Grand Theft Auto 2 Review,Fair,6
PS,Resident Evil 3 Nemesis Review,Great,8
PS,Crash Team Racing Review,Great,8
PS,Metal Gear Solid VR Missions Review,Great,8
PC,FreeSpace 2 Review,Superb,9
PS,Final Fantasy Anthology Review,Great,8
PC,Age of Empires II: The Age of Kings Review,Superb,9
PC,Homeworld Review,Superb,9
PS,Tony Hawk's Pro Skater Review,Superb,9
PC,Silver Review,Good,7
PS,Wipeout 3 Review,Great,8
PC,NASCAR Racing 3 Review,Superb,9
PC,Legacy of Kain: Soul Reaver Review,Great,8
PS,Hot Wheels Turbo Racing Review,Great,8
PC,Prince of Persia 3D Review,Fair,6
PC,Command & Conquer: Tiberian Sun Review,Good,7
PC,System Shock 2 Review,Great,8
PC,Shadow Man Review,Mediocre,5
PC,Outcast Review,Great,8
PS,Legacy of Kain: Soul Reaver Review,Superb,9
PC,Darkstone Review,Great,8
PC,Re-Volt Review,Fair,6
PS,WWF Attitude Review,Great,8
PC,Skydive! Review,Abysmal,1
PS,Echo Night Review,Poor,4
PC,Rage of Mages II: Necromancer Review,Good,7
PC,Emergency Room 2 Review,Fair,6
PC,Worms Armageddon Review,Superb,9
PS,Metal Gear Solid Integral (Import) Review,Superb,9
PS,Dino Crisis Review,Great,8
PC,Dungeon Keeper 2 Review,Good,7
PC,Kingpin: Life of Crime Review,Good,7
PS,Driver Review,Good,7
PC,Total Annihilation: Kingdoms Review,Fair,6
PC,Descent 3 Review,Superb,9
PS,Ape Escape Review,Great,8
PC,Aliens versus Predator Review,Great,8
PC,Fleet Command Review,Good,7
PS,Monsterseed Review,Good,7
PS,Omega Boost Review,Fair,6
PC,Jack Nicklaus 6: Golden Bear Challenge Review,Superb,9
PC,Redline Review,Good,7
PC,Warzone 2100 Review,Good,7
PC,RollerCoaster Tycoon Review,Great,8
PS,Rollcage Review,Fair,6
PS,R-Types Review,Fair,6
PS,Guardian's Crusade Review,Good,7
PS,Um Jammer Lammy Review,Great,8
PS,"Last Blade, The (Import) Review",Great,8
PC,Turok 2: Seeds of Evil Review,Fair,6
PC,Heroes of Might and Magic III Review,Superb,9
PS,Final Fantasy VIII Review,Superb,9
PS,Silent Hill Review,Great,8
PC,Sid Meier's Alpha Centauri Review,Superb,9
PC,Viper Racing Review,Great,8
PS,Syphon Filter Review,Superb,9
PC,SimCity 3000 Review,Great,8
PS,Bloody Roar 2 Review,Fair,6
PS,Suikoden II Review,Good,7
PS,Legend of Legaia Review,Good,7
PC,Dark Vengeance Review,Good,7
PC,Baldur's Gate Review,Superb,9
PC,Dethkarz Review,Mediocre,5
PC,Quest for Glory V: Dragon Fire Review,Good,7
PS,Formula 1 98 Review,Good,7
PC,Slingo Review,Abysmal,1
PC,Populous: The Beginning Review,Good,7
PC,Fallout 2 Review,Great,8
PC,Thief: The Dark Project Review,Superb,9
PC,Blood II: The Chosen Review,Good,7
PC,Israeli Air Force Review,Great,8
PS,Oddworld: Abe's Exoddus Review,Superb,9
PS,Tomb Raider III Review,Good,7
PC,"Warhammer 40,000: Chaos Gate Review",Great,8
PS,NBA Live 99 Review,Great,8
PC,Sin Review,Good,7
PC,Half-Life Review,Superb,9
PS,DarkStalkers 3 Review,Good,7
PC,Trespasser Review,Bad,3
PC,Total Air War Review,Superb,9
PS,Apocalypse Review,Good,7
PC,Extreme Paintbrawl Review,Abysmal,1
PS,Twisted Metal III Review,Poor,4
PS,A Bug's Life Review,Terrible,2
PC,Delta Force Review,Superb,9
PS,Crash Bandicoot 3: WARPED Review,Great,8
PC,Grim Fandango Review,Superb,9
PS,Motorhead Review,Fair,6
PC,Knights and Merchants Review,Mediocre,5
PC,Caesar III Review,Good,7
PS,Tales of Destiny Review,Poor,4
PS,Wild 9 Review,Mediocre,5
PS,Duke Nukem: Time to Kill Review,Good,7
PS,Rogue Trip Review,Good,7
PS,Moto Racer 2 Review,Great,8
PS,Metal Gear Solid Review,Great,8
PS,Star Ocean: The Second Story Review,Great,8
PC,Dune 2000 Review,Mediocre,5
PC,Commandos: Behind Enemy Lines Review,Great,8
PS,Spyro the Dragon Review,Great,8
PC,Deathtrap Dungeon Review,Fair,6
PS,Overblood 2 (Import) Review,Mediocre,5
PS,Kagero: Deception II Review,Great,8
PC,Mortal Kombat 4 Review,Great,8
PS,Heart of Darkness Review,Good,7
PS,Spice World Review,Terrible,2
PS,Kartia Review,Good,7
PC,M.A.X. 2 Review,Mediocre,5
PS,"Granstream Saga, The Review",Fair,6
PS,Crime Killer Review,Fair,6
PS,NFL Xtreme Review,Bad,3
PS,Azure Dreams Review,Good,7
PC,Descent: Freespace - The Great War Review,Great,8
PC,Beast Wars: Transformers Review,Poor,4
PS,Pocket Fighter Review,Bad,3
PS,Cardinal Syn Review,Poor,4
PC,Final Fantasy VII Review,Great,8
PC,Extreme Tactics Review,Mediocre,5
PS,Circuit Breakers Review,Bad,3
PS,Mortal Kombat 4 Review,Great,8
PC,Might and Magic VI: The Mandate of Heaven Review,Superb,9
PS,Breath of Fire III Review,Fair,6
PS,Reel Fishing Review,Abysmal,1
PS,Grand Theft Auto Review,Great,8
PC,Warhammer: Dark Omen Review,Great,8
PS,G Darius Review,Great,8
PC,Burnout: Championship Drag Racing Review,Good,7
PS,Parasite Eve Review,Good,7
PS,SaGa Frontier Review,Fair,6
PC,Starcraft Review,Superb,9
PC,Star Wars Rebellion Review,Poor,4
PC,Croc: Legend of the Gobbos Review,Poor,4
PS,Xenogears Review,Superb,9
PS,Tekken 3 Review,Superb,9
PC,The Journeyman Project 3: Legacy of Time Review,Mediocre,5
PS,Bushido Blade 2 Review,Good,7
PS,Tenchu: Stealth Assassins Review,Great,8
PS,Diablo Review,Great,8
PC,Battlezone Review,Superb,9
PS,X-Men vs. Street Fighter Review,Bad,3
PS,Klonoa Review,Superb,9
PC,Deer Hunter Review,Mediocre,5
PS,SkullMonkeys Review,Mediocre,5
PS,Final Fantasy Tactics Review,Great,8
PS,PaRappa The Rapper Review,Great,8
PC,Jedi Knight: Mysteries of the Sith Review,Good,7
PS,MDK Review,Good,7
PC,Pro Pilot Review,Fair,6
PC,F-22 Air Dominance Fighter Review,Great,8
PS,Resident Evil 2 Review,Great,8
PS,Courier Crisis Review,Terrible,2
PS,Elemental Gearbolt Review,Good,7
PS,Tomb Raider II Review,Mediocre,5
PS,Street Fighter Collection Review,Mediocre,5
PC,FIFA: Road to the World Cup 98 Review,Great,8
PC,SWIV 3D Assault Review,Mediocre,5
PC,Defiance Review,Mediocre,5
PS,Alundra Review,Great,8
PC,G Police Review,Mediocre,5
PS,Clock Tower Review,Mediocre,5
PC,Chessmaster 5500 Review,Superb,9
PC,Quake II Review,Superb,9
PS,Cool Boarders 2 Review,Fair,6
PC,NetStorm: Islands at War Review,Good,7
PS,Armored Core: Project Phantasma Review,Fair,6
PC,Ultima Online Review,Poor,4
PC,Tomb Raider II Review,Great,8
PS,Bloody Roar Review,Good,7
PS,Ghost In The Shell Review,Good,7
PC,Chasm: The Rift Review,Fair,6
PS,Need for Speed: V-Rally Review,Mediocre,5
PS,Rampage World Tour Review,Mediocre,5
PS,Star Wars: Masters of Teras Kasi Review,Poor,4
PS,Frogger Review,Fair,6
PS,Fighting Force Review,Mediocre,5
PS,Time Crisis Review,Great,8
PS,Crash Bandicoot 2: Cortex Strikes Back Review,Great,8
PC,Resident Evil Review,Good,7
PC,Fallout Review,Great,8
PS,Castlevania: Symphony of the Night Review,Great,8
PC,Man of War Review,Poor,4
PS,Bushido Blade Review,Great,8
PS,Mega Man X4 Review,Good,7
PC,Claw Review,Good,7
PS,Street Fighter EX Plus Alpha Review,Great,8
PS,Treasures of the Deep Review,Mediocre,5
PC,Age of Empires Review,Fair,6
PC,Postal Review,Fair,6
PC,Virtua Fighter 2 Review,Great,8
PS,Oddworld: Abe's Oddysee Review,Great,8
PC,Dark Reign Review,Superb,9
PC,Shadow Warrior Review,Good,7
PC,Total Annihilation Review,Superb,9
PS,Final Fantasy VII Review,Superb,9
PS,Lost World: Jurassic Park Review,Mediocre,5
PC,Hexen II Review,Good,7
PS,VMX Racing Review,Abysmal,1
PC,Atomic Bomberman Review,Mediocre,5
PC,Carmageddon Review,Great,8
PC,Pandemonium Review,Good,7
PS,BattleSport Review,Mediocre,5
PC,X-COM: Apocalypse Review,Great,8
PC,Capitalism Plus Review,Good,7
PS,Code Name: Tenka Review,Fair,6
PC,Dungeon Keeper Review,Superb,9
PC,X-Men: Children of the Atom Review,Fair,6
PC,Blood Review,Great,8
PS,Gamera 2000 (Import) Review,Good,7
PS,Final Fantasy IV (Import) Review,Fair,6
PS,Wild Arms Review,Great,8
PS,Overblood Review,Mediocre,5
PC,Settlers II Gold Edition Review,Fair,6
PS,Norse by Norsewest Review,Great,8
PC,British Open Championship Golf Review,Good,7
PS,Nanotek Warrior Review,Fair,6
PC,Need for Speed II Review,Good,7
PC,Redneck Rampage Review,Good,7
PC,Fragile Allegiance Review,Fair,6
PS,Tobal 2 (Import) Review,Great,8
PC,MDK Review,Good,7
PS,Bastard!! (Import) Review,Mediocre,5
PC,Enemy Nations Review,Poor,4
PC,Outlaws Review,Great,8
PC,City of Lost Children Review,Poor,4
PC,Theme Hospital Review,Mediocre,5
PC,Interstate '76 Review,Great,8
PS,Vandal Hearts Review,Good,7
PC,A Fork in the Tale Review,Bad,3
PC,id Anthology Review,Good,7
PC,Ultimate Yahtzee Review,Fair,6
PC,Scrabble Review,Great,8
PS,RayStorm Review,Good,7
PC,Fable Review,Poor,4
PC,Battleship Review,Fair,6
PS,Persona Review,Good,7
PS,Suikoden Review,Fair,6
PC,Diablo Review,Superb,9
PC,Archimedean Dynasty Review,Great,8
PS,DragonHeart Review,Terrible,2
PC,Huygen's Disclosure Review,Terrible,2
PC,Lords of the Realm II Review,Good,7
PS,Dark Forces Review,Mediocre,5
PC,Tempest 2000 Review,Fair,6
PC,Battlecruiser 3000 A.D. Review,Terrible,2
PS,Space Jam Review,Bad,3
PS,Tomb Raider Review,Great,8
PS,Jet Moto Review,Mediocre,5
PS,Twisted Metal 2 Review,Great,8
PS,Adidas Power Soccer Review,Good,7
PS,Bubsy 3D Review,Mediocre,5
PS,Casper Review,Mediocre,5
PS,Crash Bandicoot Review,Fair,6
PS,Iron And Blood Review,Terrible,2
PS,King's Field II Review,Good,7
PS,Pro Pinball Review,Mediocre,5
PS,Resident Evil Review,Great,8
PS,Slamscape Review,Bad,3
PS,Spot Goes to Hollywood Review,Mediocre,5
PS,Tempest X3 Review,Bad,3
PS,Time Commando Review,Good,7
PS,Wipeout XL Review,Great,8
PC,Command & Conquer Red Alert Review,Superb,9
PC,Master of Orion II: Battle at Antares Review,Great,8
PC,Blood & Magic Review,Fair,6
PC,Trophy Bass 2 Review,Fair,6
PC,The Neverhood Review,Poor,4
PC,Screamer 2 Review,Good,7
PC,Circle of Blood Review,Superb,9
PC,Daggerfall Review,Great,8
PC,Devo Presents Adventures of the Smart Patrol Review,Terrible,2
PC,Albion Review,Good,7
PC,Baku Baku Review,Good,7
PC,Time Commando Review,Great,8
PC,Virtua Fighter PC Review,Good,7
PC,Close Combat Review,Superb,9
PC,Hoyle Blackjack Review,Good,7
PC,Bruce Jenner's World Class Decathlon Review,Poor,4
PC,Final Doom Review,Poor,4
PC,Battle Arena Toshinden Review,Fair,6
PC,Catfight Review,Abysmal,1
PC,Strife Review,Good,7
PC,Micro Machines 2 Review,Great,8
PC,Quake Review,Superb,9
PC,Rayman Review,Good,7
PC,TekWar Review,Poor,4
PC,Terminator: Future Shock Review,Great,8
PC,Shannara Review,Good,7
PC,Command & Conquer Review,Superb,9
PC,The Dig Review,Poor,4
PC,Dark Forces Review,Good,7
PC,Myst Review,Great,8
PC,Abuse Review,Great,8
PC,Anvil of Dawn Review,Fair,6
PC,Bad Mojo Review,Superb,9
PC,Crusader: No Remorse Review,Great,8
PC,Descent Review,Great,8
PC,Destruction Derby Review,Good,7
PC,Doom II Review,Great,8
PC,Dungeon Master II: The Legend of Skullkeep Review,Mediocre,5
PC,Endorfun Review,Good,7
PC,FIFA Soccer 96 Review,Superb,9
PC,Full Throttle Review,Great,8
